fips,lc_type,clr,y_county,y_pool,p_county,p_pool,contrib,abs_diff
6001,forest,alabaster,891,6733,0.08863275039745629,0.10460582524271844,-0.014686252468079666,0.015973074845262156
6001,forest,amber,579,1344,0.05763116057233704,0.020893203883495144,0.058474850249165114,0.036737956688841895
6001,forest,cocoa,3656,8064,0.3633744038155803,0.12528155339805824,0.38694653286509345,0.23809285041752204
6001,forest,green,1843,7203,0.18322734499205087,0.11190679611650485,0.09034232333316382,0.07132054887554602
6001,forest,grey,1,26,0.0001987281399046105,0.00041941747572815533,-0.00014843581606092374,0.00022068933582354482
6001,forest,indigo,1,1550,0.0001987281399046105,0.024093203883495146,-0.0009534474013495188,0.023894475743590535
6001,forest,navy,1063,2048,0.10572337042925278,0.03182912621359223,0.1269150047945717,0.07389424421566054
6001,forest,orange,1213,2046,0.12062798092209857,0.03179805825242719,0.16083401615764498,0.08882992266967138
6001,forest,red,779,1451,0.07750397456279809,0.022555339805825244,0.09566760323860045,0.05494863475697284
6001,grass,alabaster,9,101,0.1388888888888889,0.27717391304347827,-0.09596818071352081,0.13828502415458938
6001,grass,cocoa,12,22,0.18055555555555555,0.0625,0.19154632623483908,0.11805555555555555
6001,grass,green,3,3,0.05555555555555555,0.010869565217391304,0.0906342677307153,0.04468599033816425
6001,grass,grey,1,8,0.027777777777777776,0.024456521739130436,0.0035372061771278187,0.0033212560386473404
6001,grass,navy,3,5,0.05555555555555555,0.016304347826086956,0.06810842839137285,0.03925120772946859
6001,grass,orange,3,6,0.05555555555555555,0.019021739130434784,0.05954450173430293,0.03653381642512077
6001,grass,red,3,5,0.05555555555555555,0.016304347826086956,0.06810842839137285,0.03925120772946859
6001,shrub,alabaster,408,1633,0.1558689024390244,0.1394079003497995,0.01739670188314032,0.016461002089224908
6001,shrub,amber,182,271,0.06974085365853659,0.02320621107414043,0.07674048650817313,0.04653464258439616
6001,shrub,cocoa,896,1667,0.34184451219512196,0.14230867673406705,0.2995780064714087,0.1995358354610549
6001,shrub,green,227,390,0.08689024390243902,0.03335892841907687,0.08318179458812759,0.053531315483362145
6001,shrub,grey,13,23,0.005335365853658537,0.002047606859482979,0.005109603757992071,0.003287758994175558
6001,shrub,indigo,1,8,0.0007621951219512195,0.0007678525723061172,-5.636557253866849e-06,5.657450354897638e-06
6001,shrub,lemon,1,1,0.0007621951219512195,0.00017063390495691494,0.0011407638976060979,0.0005915612169943046
6001,shrub,navy,278,442,0.10632621951219512,0.03779540994795666,0.10997578676695316,0.06853080956423846
6001,shrub,orange,282,499,0.10785060975609756,0.042658476239228735,0.10003370895774001,0.06519213351686882
6001,shrub,purple,19,53,0.007621951219512195,0.004607115433836704,0.0038371224134826003,0.0030148357856754912
6001,shrub,red,279,477,0.10670731707317073,0.04078150328470267,0.1026376178408378,0.06592581378846807
6001,urban,alabaster,23825,96244,0.08589133984866455,0.08607013314064546,-0.00017860745981050435,0.0001787932919809082
6001,urban,amber,23832,81646,0.08591657444024269,0.07301541026062944,0.013979162991969347,0.012901164179613248
6001,urban,cocoa,77286,164900,0.27861512561419194,0.14746793106161957,0.17726068678113052,0.13114719455257237
6001,urban,green,18968,44947,0.06838213823509266,0.04019616961302647,0.036334161622515966,0.028185968622066196
6001,urban,grey,735,17903,0.002653237057358227,0.016011217868461908,-0.004769217934779561,0.013357980811103681
6001,urban,indigo,780,6525,0.0028154594317890964,0.00583608175880152,-0.0020522846213205724,0.0030206223270124234
6001,urban,lemon,728,1754,0.0026280024657800915,0.0015694642180043928,0.0013547083083169217,0.0010585382477756988
6001,urban,navy,29057,69668,0.10475239458249368,0.06230370518754874,0.054427094266890866,0.042448689394944936
6001,urban,orange,42496,132766,0.15319920547085947,0.11873108594403943,0.03904709439228996,0.03446811952682004
6001,urban,purple,29834,51322,0.1075534342476667,0.04589721484936721,0.09159071387069201,0.06165621939829949
6001,urban,red,29818,102011,0.1074957551812024,0.09122745516072028,0.017639565920897726,0.016268300020482115
6001,urban+barren,alabaster,53,183,0.08598726114649681,0.08574091332712022,0.0002467013799325308,0.00024634781937658834
6001,urban+barren,amber,50,134,0.08121019108280254,0.06290773532152842,0.02073877732711054,0.018302455761274122
6001,urban+barren,cocoa,184,247,0.2945859872611465,0.11556383970177074,0.27565819998824953,0.17902214755937573
6001,urban+barren,green,9,22,0.01592356687898089,0.010717614165890028,0.0063043253787793165,0.005205952713090864
6001,urban+barren,navy,53,74,0.08598726114649681,0.03494874184529357,0.07741576631611796,0.05103851930120324
6001,urban+barren,orange,113,223,0.18152866242038215,0.1043802423112768,0.10045308833098195,0.07714842010910536
6001,urban+barren,purple,32,59,0.052547770700636945,0.027958993476234855,0.03315678972437137,0.02458877722440209
6001,urban+barren,red,96,164,0.15445859872611464,0.07688723205964586,0.1077481964148869,0.07757136666646879
6001,urban+crop,alabaster,10,12317,0.08088235294117647,0.10164959853442371,-0.018484523307808857,0.020767245593247233
6001,urban+crop,amber,15,4928,0.11764705882352941,0.04067469322748616,0.12495094170001317,0.07697236559604326
6001,urban+crop,cocoa,19,85,0.14705882352941177,0.0007096822109076505,0.78437803914944,0.14634914131850413
6001,urban+crop,green,6,23,0.051470588235294115,0.0001980508495556234,0.28618892686295244,0.05127253738573849
6001,urban+crop,navy,10,45,0.08088235294117647,0.0003795974616482782,0.4336620236579032,0.08050275547952819
6001,urban+crop,orange,15,75,0.11764705882352941,0.0006271610235928075,0.6157930671610775,0.1170198977999366
6001,urban+crop,purple,9,26,0.07352941176470588,0.00022280720575007634,0.42640690558128125,0.07330660455895581
6001,urban+crop,red,14,6933,0.11029411764705882,0.057220191284112196,0.07237982688672238,0.053073926362946625
6001,urban+forest,alabaster,2049,24721,0.07032107574094401,0.08236905146649696,-0.011120450189917998,0.012047975725552953
6001,urban+forest,amber,1457,14375,0.05001372118551043,0.04789812652222152,0.0021616430488624774,0.0021155946632889083
6001,urban+forest,cocoa,11275,29878,0.38680021953896815,0.09955120494973962,0.5249792588707829,0.2872490145892285
6001,urban+forest,green,4080,31026,0.1399903951701427,0.10337612490296098,0.04244505691602977,0.03661427026718171
6001,urban+forest,grey,11,526,0.000411635565312843,0.0017558648217314093,-0.0005971096526132808,0.0013442292564185662
6001,urban+forest,indigo,6,8469,0.00024012074643249177,0.028220445996328343,-0.001144573986625332,0.02798032524989585
6001,urban+forest,lemon,6,118,0.00024012074643249177,0.00039648560490709243,-0.00012042003280597175,0.00015636485847460066
6001,urban+forest,navy,1457,3732,0.05001372118551043,0.01243765347158131,0.06959754145865141,0.03757606771392912
6001,urban+forest,orange,4703,12563,0.16136114160263446,0.041860883529854696,0.2177234822216678,0.11950025807277975
6001,urban+forest,purple,1749,2792,0.06003018660812294,0.009305750373995876,0.11190917534680729,0.05072443623412706
6001,urban+forest,red,2321,9738,0.07965148188803513,0.03244851517806868,0.07152750516369416,0.047202966709966446
6001,urban+grass,alabaster,5304,18350,0.07715465836702638,0.086716756450241,-0.009014378151247185,0.00956209808321462
6001,urban+grass,amber,6635,15867,0.09651240582913988,0.07498346092051791,0.024360116290565923,0.021528944908621964
6001,urban+grass,cocoa,18043,26492,0.2624276447831525,0.1251913807768642,0.19423104312285425,0.1372362640062883
6001,urban+grass,green,3419,4808,0.04973966665697083,0.0227246952083924,0.03896359318535376,0.027014971448578427
6001,urban+grass,grey,130,243,0.0019052328456325082,0.0011530101124657404,0.0009568616968811532,0.0007522227331667678
6001,urban+grass,indigo,269,314,0.003926815788708223,0.0014885171533881485,0.0038092015309282943,0.0024382986353200745
6001,urban+grass,lemon,174,275,0.0025451583815701445,0.001304224553444854,0.0017016527523645998,0.0012409338281252904
6001,urban+grass,navy,7961,11107,0.11579743448035137,0.05249031282487478,0.09162052529324112,0.0633071216554766
6001,urban+grass,orange,11715,18164,0.17039471770557607,0.0858378225120499,0.11683248147688073,0.08455689519352617
6001,urban+grass,purple,6159,10030,0.08958957503126909,0.047401001795671485,0.05703232924450582,0.042188573235597604
6001,urban+grass,red,8911,17472,0.12961400855173216,0.08256781022587657,0.05844826685735632,0.04704619832585559
6001,urban+other,alabaster,4,4,0.07142857142857142,0.06666666666666667,0.0049280622490679585,0.004761904761904759
6001,urban+other,amber,5,5,0.08571428571428572,0.08,0.0059136746988815506,0.005714285714285713
6001,urban+other,cocoa,6,6,0.1,0.09333333333333334,0.006899287148695143,0.006666666666666668
6001,urban+other,navy,4,4,0.07142857142857142,0.06666666666666667,0.0049280622490679585,0.004761904761904759
6001,urban+other,orange,6,6,0.1,0.09333333333333334,0.006899287148695143,0.006666666666666668
6001,urban+other,purple,1,1,0.02857142857142857,0.02666666666666667,0.0019712248996271832,0.0019047619047619022
6001,urban+other,red,6,6,0.1,0.09333333333333334,0.006899287148695143,0.006666666666666668
6001,urban+shrub,alabaster,452,1919,0.09473023839397741,0.10448410970831519,-0.009283728495236818,0.009753871314337775
6001,urban+shrub,amber,592,1552,0.12400669176076955,0.08451240748802787,0.04754877522258961,0.03949428427274168
6001,urban+shrub,cocoa,1186,2276,0.24822250104558763,0.12391162385720506,0.1724543015165737,0.12431087718838257
6001,urban+shrub,green,271,443,0.056879966541196154,0.02416195037004789,0.04869858537397047,0.032718016171148265
6001,urban+shrub,grey,7,91,0.001672940192388122,0.00500653025685677,-0.001833810855739925,0.0033335900644686474
6001,urban+shrub,indigo,5,104,0.0012547051442910915,0.0057139747496734875,-0.0019021509216798045,0.004459269605382396
6001,urban+shrub,lemon,12,15,0.0027185278126306985,0.0008707009142359599,0.0030951723150233076,0.0018478268983947387
6001,urban+shrub,navy,454,855,0.09514847344207444,0.04658249891162386,0.06795633747757046,0.048565974530450584
6001,urban+shrub,orange,764,1576,0.1599749058971142,0.0858184588593818,0.09962962673752274,0.07415644703773239
6001,urban+shrub,purple,500,747,0.10476787954830614,0.040705267740531126,0.09904647625470239,0.06406261180777502
6001,urban+shrub,red,501,1588,0.10497699707235467,0.08647148454505878,0.020357826819709324,0.01850551252729589
6003,forest,aqua,29,990,0.06521739130434782,0.015280240536581604,0.09464123775807393,0.04993715076776622
6003,forest,coffee,8,2414,0.01956521739130435,0.0372369131138694,-0.012591140682889973,0.017671695722565054
6003,forest,gray,1,1017,0.004347826086956522,0.015696553850898156,-0.005581587905473433,0.011348727763941635
6003,forest,ivory,46,381,0.10217391304347827,0.005890062446997147,0.29154404390341404,0.09628385059648112
6003,forest,lilac,37,320,0.08260869565217391,0.004949502736874566,0.23252925592553061,0.07765919291529934
6003,forest,olive,81,7571,0.1782608695652174,0.11675275614833089,0.07543813418388509,0.0615081134168865
6003,forest,orange,39,396,0.08695652173913043,0.006121347621617455,0.2307500844972503,0.08083517411751298
6003,forest,sage,2,3,0.006521739130434782,6.167604656541516e-05,0.030397830820694683,0.0064600630838693674
6003,forest,tan,179,352,0.391304347826087,0.005442911109397887,1.6728932317494314,0.3858614367166891
6003,shrub,aqua,2,365,0.05172413793103448,0.0980444682560943,-0.03307740912233235,0.04632033032505981
6003,shrub,ivory,2,28,0.05172413793103448,0.0077685507634610235,0.09806073760602414,0.04395558716757346
6003,shrub,orange,2,20,0.05172413793103448,0.005625502276989017,0.1147559130679061,0.04609863565404546
6003,shrub,tan,14,150,0.25862068965517243,0.04045004018215912,0.4798176291350303,0.21817064947301332
6003,urban+forest,aqua,1,473,0.037037037037037035,0.01360934853139625,0.03708005423581674,0.023427688505640785
6003,urban+forest,coffee,2,967,0.05555555555555555,0.027792931178041286,0.03847787816076199,0.027762624377514266
6003,urban+forest,ivory,1,153,0.037037037037037035,0.004421602687415659,0.07871911791290738,0.03261543434962137
6003,urban+forest,lilac,1,707,0.037037037037037035,0.020327887679807057,0.022219433050681803,0.016709149357229978
6003,urban+forest,olive,1,2003,0.037037037037037035,0.05753825834792845,-0.01631598800528248,0.020501221310891417
6003,urban+forest,orange,1,398,0.037037037037037035,0.0114559705992133,0.04345953219156536,0.025581066437823735
6003,urban+forest,tan,9,194,0.18518518518518517,0.005598782623675673,0.6479272481356447,0.1795864025615095
6003,urban+shrub,ivory,1,18,0.0425531914893617,0.00979381443298969,0.06251080220173702,0.03275937705637201
6003,urban+shrub,lilac,2,111,0.06382978723404255,0.0577319587628866,0.006409089428957246,0.006097828471155947
6003,urban+shrub,orange,2,39,0.06382978723404255,0.020618556701030927,0.07212947775966948,0.043211230533011624
6003,urban+shrub,tan,4,29,0.10638297872340426,0.015463917525773196,0.20516342352332556,0.09091906119763106
6005,crop,alabaster,9,1767,0.15384615384615385,0.36288998357963875,-0.1320225554937611,0.2090438297334849
6005,crop,coffee,10,10,0.16923076923076924,0.002257799671592775,0.73054766052977,0.16697296955917645
6005,crop,lilac,2,2,0.046153846153846156,0.0006157635467980296,0.19924027105357367,0.04553808260704813
6005,crop,red,2,53,0.046153846153846156,0.011083743842364532,0.06583849761221221,0.035070102311481624
6005,crop,verde,4,4,0.07692307692307693,0.001026272577996716,0.33206711842262276,0.07589680434508021
6005,forest,alabaster,542,6400,0.11291328758577666,0.11143220235711923,0.0014908847246065727,0.0014810852286574333
6005,forest,bar,2,36,0.0006238303181534623,0.000644116776630747,-1.9963589821130022e-05,2.0286458477284785e-05
6005,forest,blue,25,25,0.005406529423996673,0.000452622599794579,0.013409836499649393,0.004953906824202094
6005,forest,coffee,2388,2396,0.49677687668954046,0.04172832198875407,1.2304969007685627,0.45504855470078637
6005,forest,lilac,137,174,0.028696194635059263,0.0030464982678481277,0.0643590132460515,0.025649696367211136
6005,forest,red,70,470,0.014763984196298607,0.008199432480894104,0.00868307961088784,0.006564551715404503
6005,forest,tan,21,352,0.004574755666458723,0.006145222220287938,-0.0013501092763167032,0.0015704665538292147
6005,forest,verde,1586,1586,0.33000623830318154,0.027627387148999878,0.8185157894209072,0.30237885115418167
6005,grass,alabaster,2,53,0.05172413793103448,0.21686746987951808,-0.07413940717126948,0.1651433319484836
6005,grass,bar,4,4,0.08620689655172414,0.020080321285140562,0.12560430051019728,0.06612657526658358
6005,grass,coffee,4,4,0.08620689655172414,0.020080321285140562,0.12560430051019728,0.06612657526658358
6005,grass,plum,2,2,0.05172413793103448,0.012048192771084338,0.07536258030611837,0.03967594515995014
6005,grass,red,2,9,0.05172413793103448,0.040160642570281124,0.013088124909949256,0.011563495360753358
6005,grass,tan,4,4,0.08620689655172414,0.020080321285140562,0.12560430051019728,0.06612657526658358
6005,grass,verde,2,2,0.05172413793103448,0.012048192771084338,0.07536258030611837,0.03967594515995014
6005,shrub,alabaster,128,720,0.1426991150442478,0.08746815479801043,0.06984601414680626,0.05523096024623736
6005,shrub,bar,10,10,0.012168141592920354,0.0013344656071818512,0.026895125014526067,0.010833675985738502
6005,shrub,blue,65,65,0.07300884955752213,0.008006793643091108,0.1613707500871564,0.06500205591443102
6005,shrub,coffee,366,366,0.4059734513274336,0.04452262525779449,0.8973191709391878,0.36145082606963913
6005,shrub,lilac,63,63,0.07079646017699115,0.007764163532694407,0.15648072735724255,0.06303229664429674
6005,shrub,plum,7,7,0.008849557522123894,0.0009705204415868009,0.01956009091965532,0.007879037080537093
6005,shrub,red,45,349,0.05088495575221239,0.04246026931942254,0.009210101474145567,0.008424686432789853
6005,shrub,tan,41,150,0.046460176991150445,0.018318573334950867,0.04323956009552964,0.02814160365619958
6005,shrub,terracotta,39,88,0.04424778761061947,0.010797039912653161,0.0624129804558782,0.033450747697966306
6005,shrub,verde,90,90,0.1006637168141593,0.01103967002304986,0.22249603421107927,0.08962404679110944
6005,shrub,yellow,12,14,0.014380530973451327,0.0018197258279752516,0.02972728163013818,0.012560805145476075
6005,urban+forest,alabaster,128,5569,0.05553164012053379,0.05504333303687014,0.0004904666714104941,0.0004883070836636527
6005,urban+forest,bar,6,66,0.003013344812742144,0.0006621011334776121,0.004566385545689324,0.0023512436792645316
6005,urban+forest,coffee,888,890,0.3826947912182523,0.00880495686460526,1.4434952615383199,0.37388983435364703
6005,urban+forest,lilac,252,286,0.10891089108910891,0.0028361645568369355,0.39731536079684976,0.10607472653227197
6005,urban+forest,plum,23,23,0.010331467929401636,0.00023717055527556254,0.03899271766555936,0.010094297374126074
6005,urban+forest,red,227,5508,0.09814894532931553,0.05444052454221142,0.05784676650031422,0.043708420787104116
6005,urban+forest,tan,109,194,0.04735256134309083,0.0019270107616139456,0.15160637243801248,0.04542555058147688
6005,urban+forest,terracotta,134,4470,0.058114507102884204,0.044182898026543335,0.01592788073342945,0.013931609076340869
6005,urban+forest,verde,518,518,0.22341799397331039,0.00512881325783404,0.8432175195177213,0.21828918071547634
6005,urban+grass,alabaster,191,3693,0.09989594172736732,0.10841746888941066,-0.008177498438319294,0.008521527162043338
6005,urban+grass,bar,12,19,0.006763787721123829,0.0005869922517022776,0.016532906960325,0.006176795469421552
6005,urban+grass,blue,4,4,0.0026014568158168575,0.0001467480629255694,0.007479473522561945,0.0024547087528912883
6005,urban+grass,coffee,508,508,0.2648283038501561,0.014938952805822962,0.761410404596806,0.24988935104433313
6005,urban+grass,lilac,261,263,0.13631633714880334,0.007748297722470063,0.3908877814485688,0.12856803942633327
6005,urban+grass,plum,23,23,0.012486992715920915,0.000704390702042733,0.03590147290829734,0.011782602013878183
6005,urban+grass,red,263,2954,0.13735691987513007,0.0867281051890115,0.06315737043706417,0.05062881468611857
6005,urban+grass,tan,73,82,0.03850156087408949,0.0024360178445644518,0.10627717167198147,0.03606554302952504
6005,urban+grass,terracotta,242,1960,0.12643080124869926,0.05755459027940831,0.09949614002587634,0.06887621096929095
6005,urban+grass,verde,241,241,0.1259105098855359,0.007102606245597558,0.3620065184919981,0.11880790363993834
6005,urban+grass,yellow,66,111,0.03485952133194589,0.003287156609532754,0.08231390520359094,0.031572364722413135
6005,urban+shrub,alabaster,39,885,0.08658008658008658,0.10487689393939394,-0.01659890750015938,0.01829680735930736
6005,urban+shrub,coffee,117,117,0.2554112554112554,0.01396780303030303,0.7422557869133937,0.24144345238095238
6005,urban+shrub,lilac,72,74,0.15800865800865802,0.00887784090909091,0.4549213751099049,0.1491308170995671
6005,urban+shrub,plum,3,3,0.008658008658008658,0.0004734848484848485,0.025161213115708257,0.00818452380952381
6005,urban+shrub,red,44,829,0.09740259740259741,0.09824810606060606,-0.0008418600151967503,0.0008455086580086563
6005,urban+shrub,tan,4,29,0.010822510822510822,0.0035511363636363635,0.012060180147578448,0.007271374458874458
6005,urban+shrub,terracotta,55,201,0.12121212121212122,0.023910984848484848,0.1967520131149392,0.09730113636363637
6005,urban+shrub,verde,59,59,0.12987012987012986,0.007102272727272727,0.3774181967356238,0.12276785714285714
6005,urban+shrub,yellow,31,45,0.06926406926406926,0.005445075757575758,0.1761533936744544,0.0638189935064935
6007,crop,alabaster,122,585,0.3514285714285714,0.2738317757009346,0.087678799649499,0.07759679572763684
6007,crop,amber,11,11,0.03428571428571429,0.005607476635514018,0.06207867269254073,0.02867823765020027
6007,crop,bar,6,72,0.02,0.03411214953271028,-0.0106784267712128,0.01411214953271028
6007,crop,brown,121,121,0.3485714285714286,0.05700934579439252,0.6311331723741641,0.29156208277703605
6007,crop,indigo,35,37,0.10285714285714286,0.017757009345794394,0.18067481817553666,0.08510013351134846
6007,crop,lavender,2,2,0.008571428571428572,0.0014018691588785046,0.015519668173135182,0.007169559412550068
6007,crop,terracotta,13,45,0.04,0.02149532710280374,0.024841755466344054,0.01850467289719626
6007,crop,verde,2,37,0.008571428571428572,0.017757009345794394,-0.006242965007364329,0.009185580774365822
6007,forest,alabaster,2028,2680,0.1442177837799417,0.1046897575071264,0.04619631041913885,0.039528026272815306
6007,forest,amber,94,94,0.0067524344303077685,0.0037096333320317076,0.004044506034305805,0.003042801098276061
6007,forest,bar,18,22,0.0013504868860615537,0.0008981217540708345,0.0005508836150997369,0.00045236513199071917
6007,forest,brown,6070,6070,0.431516099225247,0.2370650943027842,0.2584652224660057,0.19445100492246278
6007,forest,indigo,1474,1474,0.10484042931267325,0.05759693857628177,0.06279627790106382,0.047243490736391475
6007,forest,lavender,195,195,0.013931338403582344,0.007653559295560154,0.008344454554988822,0.00627777910802219
6007,forest,navy,6,6,0.0004975478001279409,0.00027334140341286266,0.0002980162341067436,0.00022420639671507823
6007,forest,terracotta,1489,1508,0.10590660317009026,0.05892459682142997,0.06209293521202192,0.046982006348660295
6007,forest,verde,2657,5017,0.18892600753429525,0.1959467374751064,-0.006893424634984975,0.0070207299408111545
6007,grass,alabaster,15,24,0.18823529411764706,0.09057971014492754,0.13768706006558382,0.09765558397271952
6007,grass,amber,3,3,0.047058823529411764,0.014492753623188406,0.055423511022439226,0.032566069906223356
6007,grass,brown,15,15,0.18823529411764706,0.057971014492753624,0.2216940440897569,0.13026427962489343
6007,grass,indigo,7,7,0.09411764705882353,0.028985507246376812,0.11084702204487845,0.06513213981244671
6007,grass,terracotta,4,4,0.058823529411764705,0.018115942028985508,0.06927938877804904,0.0407075873827792
6007,grass,verde,3,3,0.047058823529411764,0.014492753623188406,0.055423511022439226,0.032566069906223356
6007,shrub,alabaster,499,771,0.32938076416337286,0.12518242257175288,0.3186569056104523,0.20419834159161998
6007,shrub,amber,27,27,0.01844532279314888,0.004540295119182747,0.02585700057773761,0.013905027673966133
6007,shrub,bar,10,21,0.007246376811594203,0.0035673747365007297,0.005135301713594003,0.0036790020750934733
6007,shrub,brown,561,561,0.3702239789196311,0.09113020917788228,0.5189869401674477,0.2790937697417488
6007,shrub,foo,7,170,0.005270092226613966,0.02772823090643749,-0.008750477985701745,0.022458138679823526
6007,shrub,indigo,138,138,0.09156785243741765,0.022539322198800064,0.12836153858234028,0.06902853023861759
6007,shrub,navy,1,1,0.0013175230566534915,0.00032430679422733907,0.0018469286126955437,0.0009932162624261523
6007,shrub,terracotta,143,192,0.09486166007905138,0.03129560564293822,0.10519607219355248,0.06356605443611316
6007,shrub,verde,94,286,0.06258234519104085,0.046538024971623154,0.018537735061462158,0.016044320219417693
6007,urban+crop,alabaster,380,4312,0.1538772213247173,0.09858511051681182,0.06851149063826878,0.05529211080790547
6007,urban+crop,amber,214,214,0.08683360258481422,0.004914398043383849,0.24937085869309186,0.08191920454143037
6007,urban+crop,bar,10,72,0.0044426494345718905,0.001668609568218702,0.004350509917002765,0.0027740398663531887
6007,urban+crop,brown,522,522,0.21122778675282713,0.011954558961347688,0.6066091120766839,0.19927322779147943
6007,urban+crop,foo,191,428,0.07754442649434572,0.009805938421449632,0.16035123905734042,0.06773848807289609
6007,urban+crop,gold,5,7,0.0024232633279483036,0.0001828613225445153,0.006262057337945251,0.0022404020054037884
6007,urban+crop,indigo,186,200,0.07552504038772213,0.004594390728930947,0.21144202603097526,0.07093064965879119
6007,urban+crop,lavender,262,262,0.10621970920840064,0.006011565978650941,0.3050443527268984,0.1002081432297497
6007,urban+crop,lilac,5,6154,0.0024232633279483036,0.14068893003268645,-0.009841929326688151,0.13826566670473814
6007,urban+crop,navy,3,4,0.0016155088852988692,0.00011428832659032206,0.004278967446305297,0.0015012205587085473
6007,urban+crop,terracotta,491,4651,0.1987075928917609,0.10633385905963565,0.1242420423618833,0.09237373383212526
6007,urban+crop,verde,169,1858,0.06865912762520193,0.042492399826281745,0.03294463024395031,0.026166727798920188
6007,urban+forest,alabaster,4002,4294,0.15044912992821438,0.12217323282605604,0.031321258307030454,0.028275897102158346
6007,urban+forest,amber,1972,1972,0.0741534182733867,0.05612288436922202,0.02065858741043726,0.018030533904164682
6007,urban+forest,bar,195,201,0.007366482504604052,0.005745982079362822,0.001830125071219243,0.0016205004252412298
6007,urban+forest,brown,9699,9699,0.36456571578907804,0.27592092163276916,0.10156528022363985,0.08864479415630888
6007,urban+forest,foo,713,951,0.026835043409629045,0.02708007395818518,-0.0002439186261600337,0.0002450305485561348
6007,urban+forest,gold,58,58,0.0022174615702634645,0.001678281894467359,0.000617768199298428,0.0005391796757961056
6007,urban+forest,indigo,1198,1198,0.04506332919908295,0.034106101550277344,0.012554306287437552,0.010957227648805606
6007,urban+forest,lavender,476,476,0.01792761303416394,0.01356848243493102,0.004994498831616104,0.004359130599232921
6007,urban+forest,lilac,2,766,0.00011275228323373548,0.021817664628075665,-0.0005936725669309332,0.02170491234484193
6007,urban+forest,navy,24,24,0.000939602360281129,0.0007111363959607452,0.0002617661861434018,0.00022846596432038381
6007,urban+forest,terracotta,4026,4349,0.15135114819408427,0.12373773289716967,0.030487926070971807,0.027613415296914592
6007,urban+forest,verde,4204,5192,0.1580411169992859,0.147717252168966,0.01067650640289248,0.010323864830319912
6007,urban+grass,alabaster,1373,1581,0.1739680931881489,0.0921159892861302,0.11061297995149269,0.0818521039020187
6007,urban+grass,amber,698,698,0.08850341858698405,0.04070105974146966,0.06874830938474283,0.047802358845514384
6007,urban+grass,bar,25,51,0.0032919726513041276,0.003027832770466985,0.0002753401607334946,0.0002641398808371424
6007,urban+grass,brown,1880,1880,0.2381615598885794,0.10952602771631537,0.1850008153829775,0.12863553217226403
6007,urban+grass,foo,395,1083,0.05013927576601671,0.06311866775358099,-0.011542659009657275,0.01297939198756428
6007,urban+grass,gold,8,8,0.001139528994682198,0.0005240479795039012,0.0008851713654687921,0.0006154810151782968
6007,urban+grass,indigo,829,829,0.10508989617624716,0.04832886922091534,0.0816324703710108,0.05676102695533182
6007,urban+grass,lavender,619,619,0.0785008863003292,0.036101083032490974,0.06097847184340566,0.042399803267838224
6007,urban+grass,lilac,6,407,0.0008863003291972652,0.02375684173751019,-0.002914660652284261,0.022870541408312923
6007,urban+grass,navy,8,28,0.001139528994682198,0.0016885990450681261,-0.0004481587527702929,0.0005490700503859281
6007,urban+grass,terracotta,1474,1789,0.186756140795138,0.10422732036799813,0.10892167555131785,0.08252882042713987
6007,urban+grass,verde,545,609,0.06913142567738668,0.035518807499708864,0.04603787023398422,0.03361261817767782
6007,urban+shrub,alabaster,95,200,0.17173524150268335,0.07466567607726597,0.14304403595304982,0.09706956542541738
6007,urban+shrub,amber,68,68,0.12343470483005367,0.02563150074294205,0.19402580503587985,0.09780320408711163
6007,urban+shrub,brown,147,147,0.26475849731663686,0.0549777117384844,0.41617129196101765,0.20978078557815247
6007,urban+shrub,foo,30,97,0.055456171735241505,0.036404160475482915,0.02334205410759732,0.01905201125975859
6007,urban+shrub,indigo,51,51,0.09302325581395349,0.019316493313521546,0.14622234582414134,0.07370676250043194
6007,urban+shrub,lavender,30,30,0.055456171735241505,0.011515601783060922,0.08717101385669965,0.04394056995218058
6007,urban+shrub,terracotta,88,229,0.1592128801431127,0.08543833580980684,0.09910162393424556,0.07377454433330585
6007,urban+shrub,verde,12,95,0.023255813953488372,0.03566121842496285,-0.009942060846436748,0.01240540447147448
6009,forest,aqua,698,727,0.08054851348236922,0.020626735422451407,0.1097289510892974,0.05992177805991781
6009,forest,cocoa,3100,8168,0.35734040101405856,0.2314557715192384,0.1551929462386421,0.12588462949482015
6009,forest,emerald,150,224,0.017400322654989628,0.006375021250070834,0.017471687034266346,0.011025301404918794
6009,forest,foo,126,472,0.014634708458170085,0.013401711339037796,0.0012880532067602749,0.0012329971191322887
6009,forest,gray,1016,1019,0.11719290159022816,0.028900096333654444,0.16406729415519505,0.08829280525657371
6009,forest,ivory,19,77,0.00230467849734962,0.0022100073666912225,9.667051696077842e-05,9.467113065839746e-05
6009,forest,navy,7,9,0.0009218713989398478,0.0002833342777809259,0.0010876039079333235,0.0006385371211589219
6009,forest,olive,2700,6980,0.31124683106706613,0.1977956593188644,0.14110430870170868,0.11345117174820174
6009,forest,purple,336,1493,0.038833832680341095,0.042330141100470335,-0.003347769374255554,0.0034963084201292405
6009,forest,sienna,335,335,0.038718598755473614,0.009520031733439112,0.05431916976140592,0.0291985670220345
6009,forest,tan,152,352,0.017630790504724592,0.010001700005666686,0.009994749769568476,0.007629090499057906
6009,forest,terracotta,1,156,0.00023046784973496196,0.004448348161160538,-0.0006822255667996036,0.004217880311425576
6009,grass,aqua,2,2,0.05660377358490566,0.012658227848101266,0.08477933363677412,0.0439455457368044
6009,grass,cocoa,3,7,0.07547169811320754,0.03375527426160337,0.06072611675645766,0.04171642385160417
6009,grass,foo,2,4,0.05660377358490566,0.02109704641350211,0.05586467568775578,0.03550672717140355
6009,grass,gray,4,4,0.09433962264150944,0.02109704641350211,0.14129888939462354,0.07324257622800734
6009,grass,olive,2,4,0.05660377358490566,0.02109704641350211,0.05586467568775578,0.03550672717140355
6009,grass,purple,2,4,0.05660377358490566,0.02109704641350211,0.05586467568775578,0.03550672717140355
6009,shrub,aqua,306,308,0.15205547300643882,0.05892448512585812,0.14414686976665814,0.09313098788058069
6009,shrub,cocoa,922,1148,0.4571570084200099,0.21910755148741418,0.3362226058031382,0.23804945693259572
6009,shrub,emerald,1,1,0.0009905894006934125,0.00038138825324180017,0.000945499976791236,0.0006092011474516123
6009,shrub,foo,123,149,0.06141654284299158,0.028604118993135013,0.046930130639852505,0.03281242384985657
6009,shrub,gray,175,176,0.0871718672610203,0.033752860411899316,0.08271010503723293,0.05341900684912099
6009,shrub,ivory,1,3,0.0009905894006934125,0.0007627765064836003,0.0002588757266080312,0.0002278128942098122
6009,shrub,maroon,1,1,0.0009905894006934125,0.00038138825324180017,0.000945499976791236,0.0006092011474516123
6009,shrub,navy,7,7,0.00396235760277365,0.0015255530129672007,0.003781999907164944,0.0024368045898064492
6009,shrub,olive,168,200,0.08370480435859336,0.03832951945080092,0.06537981656784192,0.04537528490779244
6009,shrub,purple,172,185,0.08568598315998019,0.03546910755148741,0.07557736329493424,0.05021687560849278
6009,shrub,sienna,8,16,0.004457652303120356,0.0032418001525553013,0.0014197331048324945,0.0012158521505650551
6009,shrub,tan,95,150,0.0475482912332838,0.028794813119755912,0.023847873104245576,0.01875347811352789
6009,shrub,yellow,2,14,0.0014858841010401188,0.002860411899313501,-0.0009731882405101742,0.0013745277982733822
6009,urban+forest,aqua,221,222,0.07467204843592332,0.003579626627285423,0.22684228348470512,0.0710924218086379
6009,urban+forest,cocoa,882,2114,0.2970063908509923,0.03395027047851421,0.6441643410284603,0.26305612037247805
6009,urban+forest,emerald,64,132,0.02186343760511268,0.002134934266497584,0.05086266109415444,0.019728503338615096
6009,urban+forest,foo,294,554,0.09922637066935755,0.00890893622485834,0.23917018025223516,0.09031743444449922
6009,urban+forest,gray,141,144,0.047763202152707705,0.002327559914602629,0.14431341268825892,0.045435642238105076
6009,urban+forest,ivory,4,26,0.0016818028927009755,0.0004334077082363517,0.002280428477892154,0.0012483951844646237
6009,urban+forest,maroon,11,11,0.004036326942482341,0.0001926256481050452,0.01227988587901071,0.0038437012943772957
6009,urban+forest,navy,8,10,0.0030272452068617556,0.0001765735107629581,0.00860243500826262,0.0028506716960987975
6009,urban+forest,olive,725,1900,0.24419778002018164,0.030515113087307574,0.5078718955846896,0.21368266693287408
6009,urban+forest,purple,305,737,0.1029263370332997,0.011846477358460278,0.22252499131729045,0.09107985967483942
6009,urban+forest,sienna,197,411,0.06659939455095863,0.006613480584939884,0.153816989827865,0.059985913966018746
6009,urban+forest,tan,76,194,0.02589976454759502,0.0031301667817069845,0.05473002503052226,0.022769597765888036
6009,urban+forest,terracotta,7,2834,0.0026908846283215607,0.04550780936481692,-0.007609859261236766,0.042816924736495364
6009,urban+grass,aqua,189,189,0.11742892459826947,0.010272491349480968,0.2860995661509251,0.1071564332487885
6009,urban+grass,cocoa,317,317,0.1965389369592089,0.017192906574394463,0.4788403265052325,0.17934603038481445
6009,urban+grass,emerald,3,3,0.002472187886279357,0.00021626297577854672,0.006023148761072105,0.0022559249105008105
6009,urban+grass,foo,170,170,0.10568603213844252,0.009245242214532871,0.25748960953583255,0.09644078992390964
6009,urban+grass,gray,205,210,0.1273176761433869,0.011407871972318339,0.30713883318197743,0.11590980417106857
6009,urban+grass,ivory,4,4,0.0030902348578491965,0.0002703287197231834,0.007528935951340132,0.002819906138126013
6009,urban+grass,maroon,2,2,0.001854140914709518,0.00016219723183391003,0.00451736157080408,0.001691943682875608
6009,urban+grass,navy,2,2,0.001854140914709518,0.00016219723183391003,0.00451736157080408,0.001691943682875608
6009,urban+grass,olive,204,209,0.12669962917181707,0.011353806228373703,0.3056332231559298,0.11534582294344337
6009,urban+grass,purple,239,239,0.14833127317676142,0.012975778546712802,0.3613889256643264,0.13535549463004862
6009,urban+grass,sienna,187,194,0.1161928306551298,0.010542820069204152,0.27884026124013317,0.10565001058592564
6009,urban+grass,tan,9,82,0.006180469715698393,0.0044874567474048445,0.0019784187827633784,0.0016930129682935485
6009,urban+grass,terracotta,4,1971,0.0030902348578491965,0.10661764705882353,-0.010942527654124887,0.10352741220097433
6009,urban+grass,yellow,45,111,0.02843016069221261,0.006055363321799308,0.04396741975042812,0.022374797370413303
6009,urban+shrub,aqua,63,63,0.05802357207615594,0.016877637130801686,0.07165097916932932,0.04114593494535425
6009,urban+shrub,cocoa,322,338,0.2928377153218495,0.0893987341772152,0.34745548084156663,0.2034389811446343
6009,urban+shrub,emerald,2,2,0.0027198549410698096,0.0007911392405063291,0.003358639648562312,0.0019287157005634806
6009,urban+shrub,foo,109,113,0.09972801450589303,0.030063291139240507,0.11958802698742192,0.06966472336665253
6009,urban+shrub,gray,128,128,0.11695376246600181,0.03401898734177215,0.1444215048881794,0.08293477512422966
6009,urban+shrub,ivory,1,2,0.001813236627379873,0.0007911392405063291,0.0015038889138952777,0.001022097386873544
6009,urban+shrub,maroon,1,1,0.001813236627379873,0.0005274261603375527,0.002239093099041541,0.0012858104670423203
6009,urban+shrub,navy,1,1,0.001813236627379873,0.0005274261603375527,0.002239093099041541,0.0012858104670423203
6009,urban+shrub,olive,130,134,0.11876699909338169,0.03560126582278481,0.14308838888832393,0.08316573327059687
6009,urban+shrub,purple,138,143,0.12601994560290117,0.0379746835443038,0.15116350534630824,0.08804526205859736
6009,urban+shrub,sienna,133,139,0.1214868540344515,0.03691983122362869,0.14469779481055695,0.08456702281082282
6009,urban+shrub,tan,21,29,0.019945602901178604,0.007911392405063292,0.018443797051665045,0.012034210496115312
6009,urban+shrub,terracotta,2,294,0.0027198549410698096,0.07779535864978902,-0.009121042312466817,0.07507550370871921
6009,urban+shrub,yellow,14,45,0.013599274705349048,0.012130801687763712,0.0015539707443498422,0.0014684730175853356
6011,crop,aquamarine,23,23,0.06382978723404255,0.010439321444106133,0.11557279030042257,0.05339046578993641
6011,crop,beige,114,166,0.3058510638297872,0.07264027838190518,0.439684973914295,0.23321078544788204
6011,crop,coffee,14,307,0.0398936170212766,0.1339712918660287,-0.048327494700721174,0.09407767484475212
6011,crop,foo,1,30,0.005319148936170213,0.013484123531970421,-0.004947870439105925,0.00816497459580021
6011,crop,grey,13,240,0.03723404255319149,0.10482818616789909,-0.03854092849741896,0.0675941436147076
6011,crop,indigo,2,37,0.007978723404255319,0.01652892561983471,-0.0058111714602525726,0.008550202215579393
6011,crop,ivory,109,132,0.2925531914893617,0.05785123966942149,0.474161909797432,0.23470195181994022
6011,crop,lilac,17,55,0.047872340425531915,0.02435841670291431,0.03234544700430172,0.023513923722617604
6011,crop,olive,5,81,0.015957446808510637,0.03566768160069596,-0.012834883989301773,0.01971023479218532
6011,crop,orange,38,41,0.10372340425531915,0.01826881252718573,0.18011905308394427,0.08545459172813341
6011,crop,plum,2,4,0.007978723404255319,0.002174858634188778,0.010370862427717788,0.005803864770066541
6011,forest,aquamarine,26,26,0.06887755102040816,0.0010804321728691477,0.28618410196183786,0.06779711884753901
6011,forest,beige,198,221,0.5076530612244898,0.008883553421368547,2.0537595121205587,0.4987695078031213
6011,forest,coffee,5,4283,0.015306122448979591,0.17142857142857143,-0.036978272116852784,0.15612244897959185
6011,forest,ivory,24,25,0.06377551020408163,0.0010404161664665866,0.26248395860237594,0.06273509403761504
6011,forest,lilac,24,43,0.06377551020408163,0.0017607042817126852,0.22893210299671396,0.06201480592236895
6011,forest,olive,63,3103,0.16326530612244897,0.12420968387354941,0.04463761405634253,0.03905562224889955
6011,forest,orange,12,1014,0.03316326530612245,0.04061624649859944,-0.006723034565524494,0.00745298119247699
6011,forest,sage,2,60,0.007653061224489796,0.0024409763905562224,0.008745211289795924,0.005212084833933574
6011,grass,beige,2,2,0.07142857142857142,0.011194029850746268,0.13237981158767773,0.06023454157782516
6011,grass,ivory,2,2,0.07142857142857142,0.011194029850746268,0.13237981158767773,0.06023454157782516
6011,shrub,aquamarine,12,12,0.07975460122699386,0.003296981993406036,0.25409392717743096,0.07645761923358782
6011,shrub,beige,69,90,0.4294478527607362,0.02307887395384225,1.255526299400222,0.406368978806894
6011,shrub,ivory,20,20,0.12883435582822086,0.005325893989348212,0.4104594208250808,0.12350846183887265
6011,shrub,lilac,12,78,0.07975460122699386,0.02003550595992899,0.11017686929355791,0.05971909526706487
6011,shrub,olive,6,197,0.04294478527607362,0.05021557189956886,-0.006716991656309811,0.007270786623495236
6011,shrub,orange,6,102,0.04294478527607362,0.026122241947755517,0.021349059247090775,0.016822543328318104
6011,urban+crop,aquamarine,305,305,0.08542713567839195,0.0050010623171588735,0.2424433596244093,0.08042607336123309
6011,urban+crop,auburn,8,8,0.002512562814070352,0.00014709006815173158,0.0071306870477767445,0.0023654727459186202
6011,urban+crop,beige,985,1910,0.2752652149637074,0.03123212447088434,0.5990563443333952,0.2440330904928231
6011,urban+crop,coffee,113,7141,0.031825795644891124,0.11672414074885187,-0.04135877464011781,0.08489834510396074
6011,urban+crop,foo,235,4714,0.06588498045784479,0.0770588523706016,-0.010321471531637531,0.011173871912756816
6011,urban+crop,gold,2,7,0.0008375209380234506,0.00013074672724598362,0.0015554306465690268,0.000706774210777467
6011,urban+crop,grey,16,3075,0.004745951982132886,0.05027211662608071,-0.011201199108436897,0.04552616464394782
6011,urban+crop,indigo,14,200,0.0041876046901172526,0.0032850115220553386,0.0010165776300597924,0.0009025931680619139
6011,urban+crop,ivory,366,432,0.10245672808486879,0.0070766666121888635,0.27382970027349846,0.09538006147267993
6011,urban+crop,lemon,107,107,0.03015075376884422,0.001765080817820779,0.08556824457332092,0.02838567295102344
6011,urban+crop,lilac,518,4216,0.14489112227805695,0.06891986859953912,0.10765962050013718,0.07597125367851783
6011,urban+crop,olive,167,4144,0.04690117252931323,0.06774314805432527,-0.01724465328011355,0.02084197552501204
6011,urban+crop,orange,675,675,0.1887213847012842,0.011048098452285616,0.53559382714412,0.17767328624899859
6011,urban+crop,plum,30,141,0.008654383026242322,0.0023207544086162094,0.011390670393319351,0.006333628617626113
6011,urban+crop,sage,3,3,0.0011166945840312675,6.537336362299181e-05,0.0031691942434563312,0.0010513212204082756
6011,urban+forest,aquamarine,20,20,0.025240384615384616,0.0004718358909834408,0.1004458601983097,0.024768548724401176
6011,urban+forest,beige,320,363,0.3858173076923077,0.008178488777046307,1.486884567545967,0.3776388189152614
6011,urban+forest,coffee,10,6300,0.013221153846153846,0.14157323567079336,-0.03134734306119854,0.1283520818246395
6011,urban+forest,foo,2,876,0.003605769230769231,0.019704765542498934,-0.0061237694184052,0.016098996311729702
6011,urban+forest,grey,3,583,0.004807692307692308,0.013121531444491878,-0.004827102420073581,0.00831383913679957
6011,urban+forest,ivory,69,69,0.08413461538461539,0.001572786303278136,0.33481953399436565,0.08256182908133726
6011,urban+forest,lilac,102,298,0.12379807692307693,0.006718044352573753,0.3607296123998967,0.11708003257050317
6011,urban+forest,olive,136,3426,0.16466346153846154,0.07699912373334532,0.12516229802074164,0.08766433780511622
6011,urban+forest,orange,124,2321,0.1502403846153846,0.05217156851731188,0.15890908854830169,0.09806881609807272
6011,urban+forest,plum,4,48,0.006009615384615385,0.0011009504122946952,0.010199440701060731,0.004908664972320689
6011,urban+forest,sage,4,65,0.006009615384615385,0.001482912800233671,0.008409570244835978,0.004526702584381714
6011,urban+grass,aquamarine,1,1,0.045454545454545456,0.00013419216317767042,0.264781603561962,0.045320353291367785
6011,urban+grass,beige,2,28,0.06818181818181818,0.0019457863660762211,0.2424894366166908,0.06623603181574196
6011,urban+grass,ivory,1,4,0.045454545454545456,0.0003354804079441761,0.22313202484040948,0.04511906504660128
6011,urban+grass,lilac,1,367,0.045454545454545456,0.024691358024691357,0.027739069125189895,0.0207631874298541
6011,urban+grass,orange,1,477,0.045454545454545456,0.03207192699946323,0.01585144211052967,0.013382618455082228
6011,urban+shrub,aquamarine,8,8,0.06666666666666667,0.004111466423024212,0.1857283546056289,0.06255520024364246
6011,urban+shrub,beige,42,63,0.31851851851851853,0.02923709456372773,0.7606994156369478,0.2892814239547908
6011,urban+shrub,foo,5,141,0.044444444444444446,0.0648698035632709,-0.016806323079500994,0.02042535911882646
6011,urban+shrub,ivory,8,9,0.06666666666666667,0.0045682960255824575,0.1787043202284405,0.062098370641084207
6011,urban+shrub,lemon,2,2,0.022222222222222223,0.0013704888076747374,0.06190945153520963,0.020851733414547484
6011,urban+shrub,lilac,11,73,0.08888888888888889,0.03380539058931019,0.08593483339273458,0.055083498299578704
6011,urban+shrub,olive,5,118,0.044444444444444446,0.054362722704431245,-0.008952831324401812,0.009918278259986799
6011,urban+shrub,orange,16,77,0.1259259259259259,0.03563270899954317,0.15897264607161465,0.09029321692638274
6013,crop,alabaster,272,2272,0.2861635220125786,0.35115093465162983,-0.05856414931730422,0.06498741263905122
6013,crop,blue,73,73,0.07756813417190776,0.011432102579947473,0.1485221333807071,0.06613603159196028
6013,crop,brown,309,1797,0.3249475890985325,0.2777691951181832,0.050975623227362196,0.04717839398034929
6013,crop,grey,12,20,0.013626834381551363,0.003244245326741851,0.019556663195869378,0.010382589054809512
6013,crop,lavender,98,227,0.10377358490566038,0.03522323497605438,0.11212793010425566,0.068550349929606
6013,crop,red,15,68,0.016771488469601678,0.01065966321643751,0.007601065069010407,0.006111825253164168
6013,crop,sage,102,337,0.10796645702306079,0.0522169009732736,0.07842838692234337,0.055749556049787194
6013,crop,terracotta,35,201,0.03773584905660377,0.031206550285802565,0.007169152005740713,0.006529298770801207
6013,forest,alabaster,1651,5345,0.0802097494659157,0.058428145185088036,0.0254142473691001,0.02178160428082767
6013,forest,blue,1884,1884,0.09152262575257332,0.020601768363990077,0.13647939092746458,0.07092085738858324
6013,forest,brown,8627,21838,0.4189162944261022,0.23868542137993595,0.2356507498268627,0.18023087304616622
6013,forest,grey,3,17,0.0001942124684404739,0.000196727761565953,-2.4991443195651555e-06,2.515293125479102e-06
6013,forest,lavender,2077,7026,0.10089337735482617,0.07680033225133065,0.027529295081019464,0.024093045103495525
6013,forest,olive,72,7730,0.0035443775490386483,0.08449457359257681,-0.011240372264094935,0.08095019604353816
6013,forest,sage,5723,13835,0.2779180423383181,0.15121807272369586,0.16914183027459292,0.12669996961462227
6013,forest,terracotta,521,1400,0.02534472713148184,0.01531197744188334,0.012772103791177054,0.0100327496895985
6013,grass,alabaster,37,249,0.2331288343558282,0.26068821689259647,-0.02604839014876704,0.027559382536768262
6013,grass,blue,15,15,0.09815950920245399,0.016684045881126174,0.17395247843697434,0.08147546332132782
6013,grass,brown,41,186,0.25766871165644173,0.19499478623566216,0.07181275319772526,0.06267392542077957
6013,grass,grey,5,7,0.03680981595092025,0.008342022940563087,0.054642655274536024,0.02846779301035716
6013,grass,lavender,7,27,0.049079754601226995,0.029197080291970802,0.025490940151229838,0.019882674309256193
6013,grass,sage,18,35,0.1165644171779141,0.03753910323253389,0.13207458515922157,0.0790253139453802
6013,grass,terracotta,2,62,0.018404907975460124,0.06569343065693431,-0.02341806558859044,0.04728852268147418
6013,other,brown,4,4,0.11904761904761904,0.11904761904761904,0.0,0.0
6013,shrub,alabaster,590,3790,0.11429123960549217,0.14496577568735422,-0.027172486298321894,0.030674536081862047
6013,shrub,blue,812,812,0.15722297427963644,0.031088677297235287,0.25483035142360405,0.12613429698240114
6013,shrub,brown,1994,7515,0.3858054534906208,0.28740774731367824,0.11359320356174321,0.09839770617694255
6013,shrub,grey,4,43,0.0009669309611293754,0.0016825360406867807,-0.0005356124387939438,0.0007156050795574053
6013,shrub,lavender,678,1587,0.13130922452136917,0.06072425528660472,0.10126722642444767,0.07058496923476446
6013,shrub,olive,7,143,0.0015470895378070005,0.005506481587702191,-0.001964108173448386,0.003959392049895191
6013,shrub,sage,892,2344,0.17269386965770644,0.08967152307751138,0.11317790425269157,0.08302234658019507
6013,shrub,terracotta,156,1206,0.030361632179462385,0.046155022752476,-0.01271624334154403,0.015793390573013617
6013,urban,alabaster,13167,76210,0.12698780076184965,0.08201530516159096,0.055517180304138825,0.04497249560025869
6013,urban,amber,2118,67180,0.020434929360142726,0.07229757142749527,-0.025820450329042698,0.05186264206735254
6013,urban,blue,12389,12389,0.11948502820772458,0.01333363465841036,0.2620188751194762,0.10615139354931422
6013,urban,brown,35564,56710,0.342976999855345,0.061030165868693295,0.5920795227438762,0.2819468339866517
6013,urban,grey,255,17003,0.0024687786296349874,0.01829904146340676,-0.0049452725208660245,0.01583026283377177
6013,urban,lavender,13415,50034,0.12937943005930855,0.05384571510359664,0.11341744677320738,0.0755337149557119
6013,urban,olive,150,18192,0.001456193644823762,0.019578596879778826,-0.0037840808743833925,0.018122403234955065
6013,urban,red,4072,81330,0.03927865374415353,0.08752524942721332,-0.031471868402121725,0.04824659568305979
6013,urban,sage,10129,18033,0.0976903418679782,0.01940748728246751,0.15788163692720855,0.0782828545855107
6013,urban,sienna,245,453,0.0023723419644148705,0.0004885770891782327,0.003748622111672649,0.0018837648752366377
6013,urban,terracotta,12153,20300,0.11720912290852982,0.021847144245390533,0.19689837485264716,0.09536197866313928
6013,urban+barren,alabaster,25,133,0.11818181818181818,0.062180974477958235,0.07589343204844315,0.056000843703859944
6013,urban+barren,amber,2,110,0.013636363636363636,0.051508120649651976,-0.01812271986080097,0.03787175701328834
6013,urban+barren,blue,9,9,0.045454545454545456,0.004640371229698376,0.1037235661902494,0.04081417422484708
6013,urban+barren,brown,58,154,0.2681818181818182,0.07192575406032482,0.35293552821429824,0.19625606412149338
6013,urban+barren,lavender,25,172,0.11818181818181818,0.0802784222737819,0.04570367451108605,0.03790339590803628
6013,urban+barren,red,19,195,0.09090909090909091,0.09095127610208817,-4.2175408276331514e-05,4.2185192997257204e-05
6013,urban+barren,sage,24,49,0.11363636363636363,0.02320185614849188,0.18054219041199332,0.09043450748787175
6013,urban+barren,terracotta,20,51,0.09545454545454546,0.024129930394431554,0.1312688212812597,0.07132461506011391
6013,urban+crop,alabaster,1062,15033,0.0984988880652335,0.10740949781737384,-0.008530333951745283,0.008910609752140336
6013,urban+crop,amber,633,9536,0.058747220163083765,0.0681365159428159,-0.008710417701155779,0.009389295779732139
6013,urban+crop,blue,1068,1068,0.09905485544848036,0.0076374054254870725,0.2538395426525043,0.09141745002299329
6013,urban+crop,brown,3254,31212,0.30161230541141587,0.22299937843379605,0.09107890890208818,0.07861292697761982
6013,urban+crop,grey,6,6,0.0006486286137879911,5.0011073880645e-05,0.001662185966854565,0.0005986175399073461
6013,urban+crop,lavender,1741,14745,0.16141586360266863,0.10535189934914159,0.06887257678167137,0.05606396425352704
6013,urban+crop,olive,17,139,0.0016679021497405485,0.0010002214776129,0.0008528737348226835,0.0006676806721276484
6013,urban+crop,red,633,10491,0.058747220163083765,0.07495945530796105,-0.01431690528015672,0.01621223514487729
6013,urban+crop,sage,1498,10279,0.13889918458117123,0.07344483421329008,0.08850847857215516,0.06545435036788115
6013,urban+crop,sienna,3,125,0.00037064492216456633,0.00090019932985161,-0.00032889981290514897,0.0005295544076870436
6013,urban+crop,terracotta,839,10622,0.07783543365455893,0.07589537683344169,0.0019646443109253694,0.0019400568211172392
6013,urban+forest,alabaster,2040,9850,0.03949991291053009,0.03919438841077915,0.00030671221589212276,0.00030552449975093654
6013,urban+forest,amber,996,5939,0.01929515589015115,0.023633607467265068,-0.00391335996969093,0.004338451577113919
6013,urban+forest,blue,4126,4126,0.07987072052021443,0.016420184851414634,0.1263473308443307,0.0634505356687998
6013,urban+forest,brown,21306,50298,0.41235896344177586,0.20012572760874842,0.2981142666276717,0.21223323583302744
6013,urban+forest,grey,18,401,0.0003677110951984672,0.0015994461619260197,-0.0005405776471167804,0.0012317350667275526
6013,urban+forest,lavender,7232,20981,0.13998180797739546,0.08348154072022822,0.07235476739406249,0.05650026725716724
6013,urban+forest,olive,480,11095,0.00930889667318225,0.04414789704659481,-0.014489993227894208,0.03483900037341256
6013,urban+forest,sage,11776,25675,0.2279228193764394,0.10215766082988179,0.18290572538360514,0.12576515854655762
6013,urban+forest,sienna,54,112,0.0010644268545218789,0.0004495955629294533,0.0009173691943277448,0.0006148312915924256
6013,urban+forest,terracotta,3605,8975,0.06978769522556173,0.035713006839422766,0.04675376034333694,0.03407468838613897
6013,urban+grass,alabaster,7272,41414,0.07890340218712029,0.11533577288752987,-0.029953569225578965,0.03643237070040958
6013,urban+grass,amber,3691,29443,0.040053810102412775,0.08199798374744487,-0.028697387605468562,0.04194417364503209
6013,urban+grass,blue,11116,11116,0.12060623155702135,0.03095950228638584,0.16400650237862563,0.08964672927063552
6013,urban+grass,brown,29522,78399,0.3202894462766881,0.21833453083139784,0.12273385081911165,0.10195491544529026
6013,urban+grass,grey,62,494,0.0006834750911300122,0.0013785152137951776,-0.0004795070238869014,0.0006950401226651654
6013,urban+grass,lavender,16670,35658,0.1808605276861656,0.09930600809842877,0.10842952078018495,0.08155451958773682
6013,urban+grass,olive,96,696,0.0010523346641208124,0.0019410608161924017,-0.0006442639592379665,0.0008887261520715893
6013,urban+grass,red,3691,20229,0.040053810102412775,0.05633810661631605,-0.013664251288661092,0.016284296513903278
6013,urban+grass,sage,9961,19608,0.10807585488630446,0.054608696620827554,0.0737769223091976,0.053467158265476905
6013,urban+grass,sienna,96,227,0.0010523346641208124,0.0006349524621117182,0.000531656658224172,0.00041738220200909424
6013,urban+grass,terracotta,9961,32887,0.10807585488630446,0.09158910778039557,0.017888822142245187,0.01648674710590889
6013,urban+other,brown,4,4,0.11627906976744186,0.06666666666666667,0.06468465091194743,0.04961240310077519
6013,urban+other,lavender,1,1,0.046511627906976744,0.02666666666666667,0.02587386036477897,0.019844961240310075
6013,urban+shrub,alabaster,726,2784,0.12867256637168142,0.11846022968949384,0.010640403211559317,0.010212336682187587
6013,urban+shrub,amber,385,1985,0.06831858407079645,0.08447469162058699,-0.014501996617736322,0.016156107549790535
6013,urban+shrub,blue,500,500,0.08867256637168142,0.021310080816673755,0.1264267130998598,0.06736248555500766
6013,urban+shrub,brown,1653,3564,0.2927433628318584,0.1516376010208422,0.1925674213545397,0.14110576181101622
6013,urban+shrub,grey,5,93,0.0010619469026548673,0.003998298596341982,-0.0014078920307769773,0.0029363516936871145
6013,urban+shrub,lavender,730,1680,0.12938053097345134,0.07150148872820077,0.07672778399471375,0.057879042245250575
6013,urban+shrub,olive,2,123,0.0005309734513274337,0.005274351339855381,-0.0012190613944477692,0.004743377888527947
6013,urban+shrub,red,385,1868,0.06831858407079645,0.07949808592088473,-0.010353757973536624,0.011179501850088272
6013,urban+shrub,sage,497,933,0.08814159292035398,0.03972777541471714,0.07023950268713991,0.048413817505636836
6013,urban+shrub,sienna,5,10,0.0010619469026548673,0.0004678860059549128,0.0008704083332636954,0.0005940608966999545
6013,urban+shrub,terracotta,724,1604,0.12831858407079647,0.06826882177796682,0.08097710249487357,0.06004976229282964
6015,forest,alabaster,426,426,0.11227977912174598,0.020249442784654053,0.1923202731738174,0.09203033633709193
6015,forest,bar,3,8,0.001051801209571391,0.0004268032437046522,0.000948657682565792,0.0006249979658667389
6015,forest,beige,49,49,0.013147515119642388,0.002371129131692512,0.022519938310751452,0.010776385987949876
6015,forest,coffee,1612,7243,0.42413883775966343,0.3435291885996111,0.08940370266414568,0.08060964916005231
6015,forest,lilac,105,105,0.027872732053641863,0.0050267937591881254,0.04774226921879308,0.022845938294453735
6015,forest,red,223,223,0.0589008677359979,0.010622658509982454,0.1008893236321665,0.048278209226015445
6015,forest,terracotta,62,62,0.01656586905074941,0.002987622705932565,0.02837512227154683,0.013578246344816844
6015,forest,verde,1285,1285,0.3381540888772022,0.06098544126713141,0.5792128133525274,0.2771686476100708
6015,urban+forest,alabaster,251,251,0.08144796380090498,0.008030336828016953,0.18869358152669388,0.07341762697288803
6015,urban+forest,bar,16,113,0.005494505494505495,0.0036327714221981453,0.0022733668007662755,0.0018617340723073496
6015,urban+forest,beige,139,139,0.04524886877828054,0.004461298237787196,0.10482976751482993,0.04078757054049335
6015,urban+forest,blue,13,13,0.004524886877828055,0.00044612982377871963,0.010482976751482994,0.004078757054049335
6015,urban+forest,coffee,1232,10933,0.39851325145442795,0.34842739237118003,0.05352466780075794,0.05008585908324792
6015,urban+forest,lilac,251,251,0.08144796380090498,0.008030336828016953,0.18869358152669388,0.07341762697288803
6015,urban+forest,plum,16,166,0.005494505494505495,0.005321691469360441,0.00017559007536924445,0.00017281402514505387
6015,urban+forest,red,323,323,0.10471881060116355,0.010324718778878939,0.24260603339146355,0.0943940918222846
6015,urban+forest,terracotta,179,192,0.058177117000646414,0.006150218284949492,0.13072424509739883,0.05202689871569692
6015,urban+forest,verde,636,636,0.20588235294117646,0.020298906981931743,0.4769754421924762,0.18558344595924472
6017,forest,alabaster,5136,9461,0.14701505351725716,0.13030365626936583,0.01773993048512709,0.016711397247891335
6017,forest,amber,893,893,0.02558525556636712,0.012311505887213386,0.018715153093661438,0.013273749679153735
6017,forest,bar,34,36,0.0010016598935378626,0.0005095365971218067,0.0006770340590076307,0.0004921232964160559
6017,forest,brown,18018,30550,0.5156831320473928,0.42072574536941404,0.10494734791517389,0.09495738667797876
6017,forest,foo,66,66,0.00191746322477248,0.0009226743785719204,0.0014025897732386089,0.0009947888462005596
6017,forest,green,6292,7325,0.18009844885810772,0.10088824623011775,0.1043652876245054,0.07921020262798997
6017,forest,indigo,1905,1905,0.0545475359166619,0.026248020381463885,0.03990053892228043,0.028299515535198015
6017,forest,lavender,645,1622,0.018487779749298838,0.022350753976451147,-0.003508057977162461,0.003862974227152309
6017,forest,navy,5,542,0.00017171312460649075,0.007477793844247057,-0.000648022645990218,0.007306080719640566
6017,forest,terracotta,1910,2549,0.054690630187167306,0.03511671142325966,0.024228784522813473,0.019573918763907648
6017,shrub,alabaster,24,728,0.13440860215053763,0.10549927641099856,0.03255112041774957,0.02890932573953907
6017,shrub,amber,5,183,0.03225806451612903,0.02662807525325615,0.006187159827986572,0.005629989262872882
6017,shrub,brown,71,906,0.3870967741935484,0.13125904486251808,0.41864590139978053,0.25583772933103033
6017,shrub,green,9,153,0.053763440860215055,0.022286541244573084,0.04734466309832962,0.03147689961564197
6017,shrub,indigo,21,28,0.11827956989247312,0.004196816208393632,0.39490294118950453,0.1140827536840795
6017,shrub,lavender,5,218,0.03225806451612903,0.031693198263386395,0.0005698704019376944,0.0005648662527426365
6017,shrub,terracotta,13,107,0.07526881720430108,0.015629522431259046,0.11831538084706314,0.05963929477304203
6017,urban+forest,alabaster,2404,6696,0.10592380532922265,0.06321920459158147,0.05466853566913108,0.04270460073764118
6017,urban+forest,amber,1767,4561,0.07786831094472584,0.04306495615152974,0.04612213990101014,0.034803354793196094
6017,urban+forest,bar,60,66,0.0026866329002422375,0.0006324752437861668,0.003885953615536749,0.002054157656456071
6017,urban+forest,brown,8387,19574,0.3694340453644572,0.18478661040468974,0.2559330177112348,0.18464743495976743
6017,urban+forest,foo,698,698,0.030786170447038096,0.006598510379201949,0.0474175263738529,0.024187660067836146
6017,urban+forest,gold,48,48,0.0021581149526536006,0.00046255652157495774,0.0033239753824303186,0.0016955584310786428
6017,urban+forest,green,3653,13666,0.16093371504073992,0.1290155098033663,0.035575998069973386,0.031918205237373626
6017,urban+forest,indigo,1108,1143,0.048843866989649855,0.010799278789423503,0.07371269596343505,0.038044588200226354
6017,urban+forest,lavender,1543,4087,0.06800264258973794,0.03859042979996791,0.038526370339188654,0.029412212789770034
6017,urban+forest,lilac,33,286,0.0014974675181678044,0.0027092596263676096,-0.0008878485467736329,0.0012117921081998052
6017,urban+forest,navy,14,4408,0.0006606474344857961,0.04162064701273446,-0.002737149083908295,0.04095999957824867
6017,urban+forest,terracotta,2952,4048,0.13005945826910373,0.03822227256851028,0.1592673426045743,0.09183718570059345
6017,urban+grass,alabaster,229,5227,0.1712583767684289,0.11852993855850545,0.06302442131812303,0.05272843820992344
6017,urban+grass,amber,158,3040,0.11839166046165302,0.0689459722946471,0.06401142250610775,0.04944568816700591
6017,urban+grass,bar,7,19,0.005956813104988831,0.0004534427641870905,0.015341306630528526,0.005503370340801741
6017,urban+grass,brown,324,7588,0.24199553239017127,0.17205885687079148,0.08254047878256568,0.06993667551937979
6017,urban+grass,foo,106,106,0.07967237527922562,0.002425918788400934,0.27819303523807304,0.07724645649082468
6017,urban+grass,gold,6,6,0.0052122114668652275,0.00015870496746548166,0.018199544361369262,0.005053506499399746
6017,urban+grass,green,54,1066,0.04095309009679821,0.024191171469381278,0.021559324945842652,0.016761918627416935
6017,urban+grass,indigo,104,126,0.0781831720029784,0.0028793615525880244,0.2581206357767473,0.07530381045039038
6017,urban+grass,lavender,104,3274,0.0781831720029784,0.07425125263563606,0.004034234831751113,0.003931919367342343
6017,urban+grass,lilac,2,263,0.0022338049143708115,0.005985444487269595,-0.0022016922531736603,0.0037516395728987833
6017,urban+grass,navy,2,1653,0.0022338049143708115,0.037499716598272385,-0.006300730464128211,0.03526591168390157
6017,urban+grass,terracotta,209,2396,0.1563663440059568,0.05434511528782279,0.1652552826053725,0.10202122871813402
6017,urban+shrub,alabaster,30,1027,0.16939890710382513,0.11117119065642911,0.07134828871799923,0.05822771644739602
6017,urban+shrub,amber,21,736,0.12021857923497267,0.07970152481886017,0.04941258449133514,0.0405170544161125
6017,urban+shrub,brown,31,914,0.17486338797814208,0.0989510111387477,0.0995637400236805,0.07591237683939438
6017,urban+shrub,foo,6,6,0.03825136612021858,0.000757002271006813,0.15004359620302474,0.037494363849211766
6017,urban+shrub,green,2,284,0.01639344262295082,0.03082080674813453,-0.010349321161710216,0.014427364125183709
6017,urban+shrub,indigo,18,19,0.10382513661202186,0.002162863631448037,0.4019356563968562,0.10166227298057383
6017,urban+shrub,lavender,10,538,0.060109289617486336,0.0582891748675246,0.001848240594980886,0.0018201147499617362
6017,urban+shrub,terracotta,27,371,0.15300546448087432,0.040229263544933495,0.20439678025066502,0.11277620093594082
6019,barren,alabaster,40,40,0.07606679035250463,0.041666666666666664,0.04578538658974676,0.03440012368583797
6019,barren,amber,26,26,0.05009276437847866,0.027439024390243903,0.030151352144467382,0.02265373998823476
6019,barren,cocoa,288,291,0.536178107606679,0.2967479674796748,0.3171939670952886,0.23943014012700425
6019,barren,green,22,22,0.04267161410018553,0.023373983739837397,0.02568448516010185,0.019297630360348133
6019,barren,grey,3,4,0.0074211502782931356,0.00508130081300813,0.002810885156430772,0.0023398494652850056
6019,barren,indigo,3,11,0.0074211502782931356,0.012195121951219513,-0.003686099907420063,0.004773971672926377
6019,barren,lemon,1,2,0.0037105751391465678,0.003048780487804878,0.0007289247422452386,0.0006617946513416896
6019,barren,navy,40,40,0.07606679035250463,0.041666666666666664,0.04578538658974676,0.03440012368583797
6019,barren,orange,43,97,0.08163265306122448,0.09959349593495935,-0.01623408315175956,0.017960842873734867
6019,barren,purple,7,8,0.014842300556586271,0.009146341463414634,0.007185562753051916,0.0056959590931716375
6019,barren,red,28,28,0.05380333951762523,0.029471544715447155,0.032384785636650155,0.024331794802178078
6019,crop,alabaster,851,2406,0.3045032165832738,0.17379061371841156,0.17077467459318416,0.13071260286486222
6019,crop,amber,37,65,0.013581129378127233,0.004765342960288809,0.014223676703152499,0.008815786417838424
6019,crop,cocoa,1007,1586,0.36025732666190136,0.11458483754512636,0.41267587890311747,0.245672489116775
6019,crop,green,104,246,0.03752680486061472,0.017833935018050542,0.027918155411564845,0.01969286984256418
6019,crop,grey,118,970,0.04253037884203002,0.07010830324909748,-0.021257645330943088,0.027577924407067453
6019,crop,indigo,22,189,0.008220157255182273,0.013718411552346571,-0.004209949426858256,0.005498254297164298
6019,crop,navy,263,386,0.0943531093638313,0.027942238267148013,0.11481874851956411,0.06641087109668328
6019,crop,orange,186,517,0.06683345246604717,0.03740072202166065,0.0387977368456845,0.029432730444386525
6019,crop,red,172,178,0.06182987848463188,0.012924187725631768,0.09678145214193896,0.048905690759000114
6019,forest,alabaster,232,3115,0.06741898148148148,0.09353705760513914,-0.022075070807055376,0.026118076123657658
6019,forest,amber,81,763,0.023726851851851853,0.02293398973373758,0.0008064120673371626,0.0007928621181142737
6019,forest,cocoa,1973,2088,0.5711805555555556,0.06270825203374059,1.2618591195291537,0.508472303521815
6019,forest,green,656,3314,0.19010416666666666,0.09951070152793204,0.12305575327226596,0.09059346513873462
6019,forest,grey,4,30,0.0014467592592592592,0.0009305676462642212,0.0006384354285321638,0.000516191612995038
6019,forest,indigo,4,1288,0.0014467592592592592,0.03869360309788971,-0.004754554731268242,0.03724684383863045
6019,forest,lemon,1,1,0.0005787037037037037,6.003662233962717e-05,0.0013112476043127762,0.0005186670813640765
6019,forest,navy,247,332,0.07175925925925926,0.009996097619547924,0.14144626298506363,0.061763161639711336
6019,forest,orange,176,969,0.051215277777777776,0.029117761834719178,0.028920730693058862,0.022097515943058598
6019,forest,purple,7,15,0.0023148148148148147,0.00048029297871701737,0.0036404830548438243,0.0018345218360977973
6019,forest,red,37,52,0.01099537037037037,0.00159097049200012,0.021255481494275513,0.00940439987837025
6019,grass,alabaster,49,121,0.12106537530266344,0.10234899328859061,0.02033198733161645,0.01871638201407283
6019,grass,cocoa,124,128,0.3026634382566586,0.10822147651006711,0.31127166695063296,0.19444196174659148
6019,grass,green,30,33,0.07506053268765134,0.028523489932885907,0.0726260895170234,0.04653704275476543
6019,grass,grey,74,87,0.18159806295399517,0.0738255033557047,0.1634548826372336,0.10777255959829046
6019,grass,indigo,31,35,0.0774818401937046,0.030201342281879196,0.07300007508051362,0.04728049791182541
6019,grass,lemon,3,3,0.009685230024213076,0.003355704697986577,0.010265765178346369,0.006329525326226498
6019,grass,navy,15,19,0.0387409200968523,0.016778523489932886,0.03241827422179381,0.021962396606919416
6019,grass,orange,30,70,0.07506053268765134,0.05956375838926174,0.017357566695764874,0.015496774298389596
6019,grass,purple,6,6,0.01694915254237288,0.00587248322147651,0.01796508906210614,0.011076669320896371
6019,grass,red,13,14,0.03389830508474576,0.012583892617449664,0.03359143671787495,0.0213144124672961
6019,shrub,alabaster,223,997,0.0835509138381201,0.09453443213034006,-0.010319200977770325,0.010983518292219954
6019,shrub,amber,40,120,0.015292801193584483,0.011461589466704556,0.0044101503779609835,0.003831211726879927
6019,shrub,cocoa,1426,1482,0.5322640805669526,0.1404755138770484,0.7090324750217072,0.39178856668990425
6019,shrub,green,40,240,0.015292801193584483,0.022828455053518992,-0.006126687333210399,0.007535653859934509
6019,shrub,grey,2,19,0.0011189854531891085,0.001894477597802406,-0.0005891690008938594,0.0007754921446132975
6019,shrub,indigo,4,263,0.001864975755315181,0.02500710429099176,-0.004841312761951661,0.02314212853567658
6019,shrub,navy,343,412,0.12831033196568445,0.039120962394619686,0.1524061593230656,0.08918936957106477
6019,shrub,orange,344,714,0.1286833271167475,0.06772757412143601,0.08259682988490312,0.060955752995311474
6019,shrub,purple,4,10,0.001864975755315181,0.0010419626787913233,0.0010856805807338036,0.0008230130765238576
6019,shrub,red,217,251,0.08131294293174189,0.023870417732310314,0.09966244958629075,0.05744252519943158
6019,urban,alabaster,20435,21499,0.1161855922133594,0.11780628263644981,-0.0016094908247555016,0.001620690423090404
6019,urban,amber,22191,22926,0.12616904787624153,0.12562533218632022,0.0005448906168599444,0.0005437156899213147
6019,urban,cocoa,41457,41457,0.2357027932071567,0.22716338909497377,0.008697934230991933,0.00853940411218293
6019,urban,green,5245,5410,0.02982528952589956,0.02964882769050372,0.00017698592333480388,0.00017646183539584206
6019,urban,grey,589,591,0.003354350137300942,0.003243782293989688,0.00011243120269515236,0.00011056784331125438
6019,urban,indigo,276,652,0.0015748389627667134,0.00357802337495822,-0.0012924034011182666,0.0020031844121915065
6019,urban,lemon,601,601,0.003422574207890114,0.003298575913820595,0.0001263002654989904,0.0001239982940695189
6019,urban,navy,13629,13640,0.07749117351086753,0.07474397681134008,0.0027970755584820085,0.0027471966995274433
6019,urban,orange,33292,33292,0.1892819985104411,0.1824243985030383,0.006984908204747321,0.00685760000740282
6019,urban,purple,19066,19066,0.10840236282697807,0.10447499493159017,0.004000277678188123,0.003927367895387904
6019,urban,red,19072,19162,0.10843647486227266,0.10500101368196688,0.003491059407665134,0.003435461180305785
6019,urban+barren,alabaster,899,940,0.07406188281764318,0.05848353014294593,0.01749014462679197,0.015578352674697253
6019,urban+barren,amber,1229,1253,0.1012179065174457,0.07793660658794282,0.026456328600052113,0.02328129992950287
6019,urban+barren,cocoa,3176,3236,0.26143844634628044,0.2011808576755749,0.06849545491473417,0.06025758867070555
6019,urban+barren,green,808,814,0.06657340355497038,0.05065257924176507,0.01819550976123398,0.01592082431320531
6019,urban+barren,grey,20,41,0.0017281105990783411,0.0026103169670602857,-0.0007127470936332807,0.0008822063679819446
6019,urban+barren,indigo,45,74,0.003785385121790652,0.0046612802983219395,-0.0007878996034787844,0.0008758951765312877
6019,urban+barren,lemon,29,203,0.002468729427254773,0.012678682411435674,-0.004039380554158758,0.010209952984180901
6019,urban+barren,navy,1384,1384,0.11397300855826202,0.08607830950901181,0.03199270170008935,0.02789469904925021
6019,urban+barren,orange,1858,2405,0.15297893350888742,0.14953387197016782,0.003484445057826894,0.003445061538719596
6019,urban+barren,purple,808,839,0.06657340355497038,0.05220633934120572,0.016184075685808888,0.014367064213764658
6019,urban+barren,red,1858,1862,0.15297893350888742,0.11578620261031697,0.0426130181906045,0.03719273089857045
6019,urban+crop,alabaster,3020,16189,0.10705932383584946,0.06942746994978409,0.04636744661843082,0.03763185388606537
6019,urban+crop,amber,3891,9500,0.13792614643135587,0.04074307547825192,0.1681916218039888,0.09718307095310394
6019,urban+crop,cocoa,5881,13425,0.2084485080445106,0.05757462702568259,0.26819195146457925,0.150873881018828
6019,urban+crop,green,1385,4102,0.049117584520518814,0.017594867770473383,0.05042459617470884,0.031522716750045435
6019,urban+crop,grey,56,2429,0.0020199872421858387,0.010420552932549433,-0.0033141706541079357,0.008400565690363595
6019,urban+crop,indigo,56,3096,0.0020199872421858387,0.013280844622265676,-0.0038041036999439514,0.011260857380079838
6019,urban+crop,lemon,102,103,0.0036501523850024807,0.0004459825123395642,0.007673512606788453,0.0032041698726629165
6019,urban+crop,navy,2514,4168,0.0891275072648664,0.017877895134073493,0.1431836050704553,0.07124961213079291
6019,urban+crop,orange,4897,17399,0.17357714933730242,0.0746163049491194,0.14654478513804153,0.09896084438818302
6019,urban+crop,purple,1955,6052,0.0693174569423772,0.025957039876840213,0.06808734376346931,0.04336041706553699
6019,urban+crop,red,4423,8290,0.15677936069175705,0.03555424047891661,0.23262608604203902,0.12122512021284043
6019,urban+forest,alabaster,208,3625,0.08202511773940345,0.06017458262803279,0.025409369118950205,0.02185053511137066
6019,urban+forest,amber,170,1215,0.06711145996860282,0.020179893126223904,0.08064570058238099,0.04693156684237892
6019,urban+forest,cocoa,1024,1125,0.402276295133438,0.01868631550997378,1.2347258167277348,0.3835899796234642
6019,urban+forest,green,348,4818,0.1369701726844584,0.07997278369677055,0.07370047378748457,0.05699738898768786
6019,urban+forest,grey,2,14,0.0011773940345368916,0.0002489296027083541,0.0018295392780556191,0.0009284644318285375
6019,urban+forest,lemon,1,66,0.0007849293563579278,0.0011118855587639814,-0.0002733271843812249,0.0003269562024060536
6019,urban+forest,navy,48,133,0.019230769230769232,0.002223771117527963,0.04148667507863568,0.01700699811324127
6019,urban+forest,orange,420,2365,0.1652276295133438,0.03926449600053105,0.2374326645706032,0.12596313351281274
6019,urban+forest,purple,118,134,0.046703296703296704,0.0022403664243751866,0.14184610013802604,0.044462930278921516
6019,urban+forest,red,171,930,0.06750392464678179,0.015450230674765177,0.09953870900318086,0.05205369397201661
6019,urban+grass,alabaster,807,4240,0.07602559277380504,0.08534057752288962,-0.008787039109928826,0.009314984749084584
6019,urban+grass,amber,924,2043,0.08703424915318028,0.04113089848073247,0.06523583237748302,0.045903350672447815
6019,urban+grass,cocoa,2841,3320,0.26740684983063606,0.06682764865680652,0.3708008805765221,0.20057920117382955
6019,urban+grass,green,720,1839,0.06783966879939782,0.03702585773216621,0.041078994212487244,0.030813811067231606
6019,urban+grass,grey,19,282,0.001881821603312006,0.0056947379011973035,-0.002083745441412956,0.0038129162978852976
6019,urban+grass,indigo,34,439,0.0032931878057960106,0.00885400945769192,-0.0032570100594201353,0.005560821651895909
6019,urban+grass,lemon,21,128,0.0020700037636432068,0.002595834591005131,-0.000468561196705024,0.0005258308273619243
6019,urban+grass,navy,1253,1341,0.11799021452766278,0.02700472884596036,0.17398715506494972,0.09098548568170242
6019,urban+grass,orange,1638,3060,0.15421528039141888,0.06159573397726129,0.14153214326588467,0.0926195464141576
6019,urban+grass,purple,1050,1331,0.09888972525404592,0.02680350135828554,0.1290978481304355,0.07208622389576039
6019,urban+grass,red,1283,4012,0.12081294693263078,0.08075259080390382,0.048669907705017175,0.040060356128726965
6019,urban+shrub,alabaster,252,659,0.09693486590038314,0.07837548984681154,0.020601374965646128,0.018559376053571594
6019,urban+shrub,amber,375,563,0.14406130268199233,0.06697541859636623,0.11033846148793611,0.0770858840856261
6019,urban+shrub,cocoa,541,590,0.20766283524904214,0.07018168863555398,0.2252785306592974,0.13748114661348815
6019,urban+shrub,green,66,179,0.02567049808429119,0.021375133594584966,0.004700631005876856,0.004295364489706223
6019,urban+shrub,grey,3,27,0.0015325670498084292,0.0033250207813798837,-0.0011870218917119696,0.0017924537315714545
6019,urban+shrub,indigo,3,101,0.0015325670498084292,0.012112575703598147,-0.0031682759960936823,0.010580008653789719
6019,urban+shrub,lemon,5,21,0.0022988505747126436,0.0026125163282270515,-0.00029403360785519036,0.00031366575351440785
6019,urban+shrub,navy,223,224,0.08582375478927202,0.026718916993231208,0.10014980046647795,0.05910483779604082
6019,urban+shrub,orange,505,1010,0.19386973180076628,0.12005700035625223,0.09290621700383335,0.07381273144451404
6019,urban+shrub,purple,144,181,0.05555555555555555,0.021612635078969242,0.05245030111427956,0.033942920476586314
6019,urban+shrub,red,455,540,0.17471264367816092,0.06424415152594704,0.17479159551486892,0.11046849215221388
6021,crop,alabaster,82,204,0.29537366548042704,0.1967370441458733,0.12003193621328742,0.09863662133455373
6021,crop,bar,27,34,0.099644128113879,0.03358925143953935,0.10835292543284691,0.06605487667433965
6021,crop,blue,3,3,0.014234875444839857,0.003838771593090211,0.018655410006826568,0.010396103851749647
6021,crop,coffee,83,99,0.298932384341637,0.09596928982725528,0.339643736406129,0.20296309451438171
6021,crop,green,8,8,0.03202846975088968,0.008637236084452975,0.04197467251535978,0.023391233666436705
6021,crop,lilac,3,20,0.014234875444839857,0.02015355086372361,-0.004949260122761082,0.005918675418883752
6021,crop,red,8,8,0.03202846975088968,0.008637236084452975,0.04197467251535978,0.023391233666436705
6021,crop,tan,28,34,0.10320284697508897,0.03358925143953935,0.11584419687837072,0.06961359553554962
6021,crop,terracotta,1,15,0.0071174377224199285,0.015355086372360844,-0.005472590666905833,0.008237648649940916
6021,forest,alabaster,37,2065,0.07407407407407407,0.05778859332606081,0.018390680343329493,0.01628548074801326
6021,forest,bar,1,28,0.003898635477582846,0.0008111661212273783,0.006120503022072584,0.0030874693563554675
6021,forest,coffee,211,7904,0.41325536062378165,0.2211126961483595,0.258447092239213,0.19214266447542216
6021,forest,green,190,190,0.3723196881091618,0.005342507901876871,1.5801462297199529,0.3669771802072849
6021,forest,lilac,4,28,0.009746588693957114,0.0008111661212273783,0.024231966442843787,0.008935422572729737
6021,forest,red,13,13,0.02729044834307992,0.00039159743783390676,0.11582223673339968,0.026898850905246012
6021,forest,tan,19,36,0.03898635477582846,0.0010349360857038964,0.1414764926120044,0.03795141869012456
6021,grass,alabaster,9,24,0.136986301369863,0.05980861244019139,0.11352483006879589,0.07717768892967161
6021,grass,bar,6,7,0.0958904109589041,0.019138755980861243,0.1545264957707246,0.07675165497804286
6021,grass,coffee,6,56,0.0958904109589041,0.13636363636363635,-0.03376484783315208,0.04047322540473225
6021,grass,green,6,6,0.0958904109589041,0.01674641148325359,0.16733087588540488,0.07914399947565051
6021,grass,red,2,2,0.0410958904109589,0.007177033492822967,0.07171323252231637,0.03391885691813593
6021,grass,tan,6,6,0.0958904109589041,0.01674641148325359,0.16733087588540488,0.07914399947565051
6021,shrub,alabaster,42,541,0.0735042735042735,0.10076222346160997,-0.023184715795388045,0.027257949957336464
6021,shrub,bar,5,17,0.010256410256410256,0.0033463469046291134,0.011487524373059246,0.006910063351781143
6021,shrub,blue,5,5,0.010256410256410256,0.0011154489682097045,0.022755342718373192,0.009140961288200551
6021,shrub,coffee,270,687,0.46324786324786327,0.12790481502137943,0.5961888347943222,0.33534304822648386
6021,shrub,green,98,98,0.16923076923076924,0.018404907975460124,0.3754631548531577,0.1508258612553091
6021,shrub,lilac,42,54,0.0735042735042735,0.010224948875255624,0.1449881236865069,0.06327932462901788
6021,shrub,plum,5,5,0.010256410256410256,0.0011154489682097045,0.022755342718373192,0.009140961288200551
6021,shrub,red,16,16,0.02905982905982906,0.003160438743260829,0.06447347103539071,0.02589939031656823
6021,shrub,tan,55,80,0.09572649572649573,0.01505856107083101,0.1770507919005631,0.08066793465566473
6021,shrub,terracotta,5,148,0.010256410256410256,0.027700316043874327,-0.01019016329924121,0.01744390578746407
6021,shrub,yellow,4,4,0.008547008547008548,0.0009295408068414204,0.018962785598644328,0.007617467740167127
6021,urban+crop,alabaster,184,564,0.08214920071047957,0.0682944518312583,0.015173662528667791,0.013854748879221265
6021,urban+crop,bar,7,17,0.003552397868561279,0.0021757524477215035,0.0017415569226084308,0.0013766454208397755
6021,urban+crop,blue,82,82,0.03685612788632327,0.010032636286715822,0.04795640082781526,0.026823491599607445
6021,urban+crop,coffee,698,815,0.31039076376554176,0.09863411096337484,0.35583658932638246,0.21175665280216693
6021,urban+crop,green,214,214,0.09547069271758436,0.025988154236673517,0.12422441178289492,0.06948253848091085
6021,urban+crop,lilac,356,879,0.15852575488454707,0.10637011966638463,0.06325056573399732,0.05215563521816244
6021,urban+crop,plum,21,51,0.009769094138543518,0.006285507071195455,0.004307948021121132,0.0034835870673480627
6021,urban+crop,red,264,264,0.11767317939609236,0.03203191103589992,0.15311380987194026,0.08564126836019244
6021,urban+crop,tan,96,96,0.043072824156305506,0.011724888190499215,0.05604543229274794,0.03134793596580629
6021,urban+crop,terracotta,168,660,0.07504440497335702,0.079898464885773,-0.004703530779158013,0.004854059912415984
6021,urban+crop,yellow,124,124,0.05550621669626998,0.015109391998065998,0.07222349522261334,0.040396824698203986
6021,urban+forest,alabaster,83,4085,0.08131655372700872,0.0756848871024506,0.005836179336110611,0.005631666624558121
6021,urban+forest,coffee,412,9719,0.3998063891577928,0.18004334376794415,0.31895865348758845,0.21976304538984867
6021,urban+forest,green,217,217,0.2110358180058083,0.004038009150351011,0.8349159602142551,0.2069978088554573
6021,urban+forest,lilac,83,187,0.08131655372700872,0.003482319817733899,0.25620007503214154,0.07783423390927482
6021,urban+forest,red,97,97,0.09486931268151017,0.0018152518198825643,0.3753291931238395,0.0930540608616276
6021,urban+forest,tan,31,49,0.030977734753146177,0.0009261488876951859,0.10873150773513755,0.03005158586545099
6021,urban+forest,terracotta,72,4098,0.07066795740561471,0.07592568581325133,-0.005071329974483173,0.005257728407636622
6021,urban+grass,alabaster,180,1553,0.08171557562076749,0.07888725316005889,0.0028784286895886147,0.0028283224607086044
6021,urban+grass,bar,4,42,0.002257336343115124,0.002182851921417331,7.574100739877528e-05,7.44844216977931e-05
6021,urban+grass,blue,62,62,0.028442437923250564,0.0031981318848672523,0.06215569958502868,0.02524430603838331
6021,urban+grass,coffee,646,1602,0.29209932279909706,0.0813746890705112,0.3733115840154484,0.21072463372858585
6021,urban+grass,green,221,221,0.10022573363431152,0.011269607594294127,0.21902484615676773,0.08895612604001739
6021,urban+grass,lilac,360,367,0.16297968397291196,0.01868115132747855,0.3530320030618899,0.1442985326454334
6021,urban+grass,plum,15,34,0.007223476297968397,0.0017767399360373623,0.010131330963701937,0.005446736361931034
6021,urban+grass,red,293,293,0.1327313769751693,0.014924615462713843,0.2900599313968005,0.11780676151245545
6021,urban+grass,tan,60,250,0.027539503386004513,0.012741763541296513,0.02122569754821555,0.014797739844708
6021,urban+grass,terracotta,254,1748,0.11512415349887133,0.08878623280369562,0.02990689960163458,0.02633792069517571
6021,urban+grass,yellow,82,530,0.03747178329571106,0.02695568302959541,0.012342982688766421,0.01051610026611565
6021,urban+shrub,alabaster,14,109,0.06756756756756757,0.05615109749872384,0.012505531850138868,0.011416470068843734
6021,urban+shrub,coffee,69,182,0.3153153153153153,0.09341500765696784,0.3835877422054683,0.22190030765834748
6021,urban+shrub,green,21,21,0.0990990990990991,0.011230219499744768,0.21578948105220608,0.08786887959935433
6021,urban+shrub,lilac,31,42,0.14414414414414414,0.021949974476773864,0.2712861727104037,0.12219416966737028
6021,urban+shrub,plum,1,1,0.009009009009009009,0.0010209290454313426,0.01961722555020055,0.007988079963577666
6021,urban+shrub,red,20,20,0.0945945945945946,0.010719754977029096,0.20598086827710582,0.0838748396175655
6021,urban+shrub,tan,8,32,0.04054054054054054,0.016845329249617153,0.03560388048413516,0.02369521129092339
6021,urban+shrub,terracotta,14,102,0.06756756756756757,0.05257784583971414,0.01694819249627268,0.014989721727853435
6021,urban+shrub,yellow,6,30,0.03153153153153153,0.01582440020418581,0.021738940831067557,0.01570713132734572
6023,forest,bar,5,14,0.0004691164972634871,0.0004703963873557451,-1.2781472999847646e-06,1.279890092258009e-06
6023,forest,coffee,5631,11255,0.4403440187646599,0.3529854490717511,0.09737302932543053,0.08735856969290878
6023,forest,grey,1115,2075,0.0872556684910086,0.06510286001003512,0.02555492071409255,0.02215280848097348
6023,forest,lavender,679,1118,0.053166536356528536,0.03509157049673858,0.022089007166675684,0.018074965859789953
6023,forest,navy,196,210,0.015402658326817826,0.006616909182137481,0.013013886895926278,0.008785749144680345
6023,forest,olive,4048,8771,0.3165754495699765,0.27508780732563975,0.044469750505129683,0.041487642244336764
6023,forest,orange,993,1670,0.07771696637998436,0.052402157551430004,0.030630263564129998,0.025314808828554358
6023,forest,sage,85,237,0.006724003127443315,0.007463622679377823,-0.000701698337786711,0.000739619551934508
6023,shrub,coffee,93,93,0.4392523364485981,0.05827650340979541,0.8872348408024093,0.3809758330388027
6023,shrub,crimson,5,5,0.028037383177570093,0.0037197768133911966,0.056632011115047405,0.024317606364178897
6023,shrub,grey,23,213,0.11214953271028037,0.13267203967761934,-0.018846406157444692,0.02052250696733897
6023,shrub,lavender,18,18,0.08878504672897196,0.011779293242405457,0.17933470186431674,0.0770057534865665
6023,shrub,navy,2,2,0.014018691588785047,0.0018598884066955983,0.028316005557523703,0.012158803182089449
6023,shrub,olive,18,219,0.08878504672897196,0.13639181649101054,-0.03811661952134911,0.04760676976203858
6023,shrub,orange,17,17,0.08411214953271028,0.011159330440173589,0.16989603334514222,0.07295281909253669
6023,urban,bar,1,1,0.020202020202020204,0.020202020202020204,0.0,0.0
6023,urban,coffee,33,33,0.3434343434343434,0.3434343434343434,0.0,0.0
6023,urban,crimson,3,3,0.04040404040404041,0.04040404040404041,0.0,0.0
6023,urban,grey,5,5,0.06060606060606061,0.06060606060606061,0.0,0.0
6023,urban,lavender,5,5,0.06060606060606061,0.06060606060606061,0.0,0.0
6023,urban,navy,1,1,0.020202020202020204,0.020202020202020204,0.0,0.0
6023,urban,olive,4,4,0.050505050505050504,0.050505050505050504,0.0,0.0
6023,urban,orange,7,7,0.08080808080808081,0.08080808080808081,0.0,0.0
6023,urban,plum,2,2,0.030303030303030304,0.030303030303030304,0.0,0.0
6023,urban+barren,bar,1,1,0.037037037037037035,0.037037037037037035,0.0,0.0
6023,urban+barren,coffee,10,10,0.2037037037037037,0.2037037037037037,0.0,0.0
6023,urban+barren,lavender,1,1,0.037037037037037035,0.037037037037037035,0.0,0.0
6023,urban+barren,orange,2,2,0.05555555555555555,0.05555555555555555,0.0,0.0
6023,urban+barren,plum,1,1,0.037037037037037035,0.037037037037037035,0.0,0.0
6023,urban+barren,sage,1,1,0.037037037037037035,0.037037037037037035,0.0,0.0
6023,urban+forest,bar,97,144,0.004274063413144925,0.003421425200566305,0.0009510124649050016,0.0008526382125786203
6023,urban+forest,coffee,9701,14847,0.42313227790134766,0.3503539405379896,0.07986238459073666,0.07277833736335804
6023,urban+forest,crimson,1095,1349,0.04779972960006978,0.031854648419065594,0.019398882800362553,0.015945081181004184
6023,urban+forest,foo,31,658,0.0013956125430677308,0.015549787635677206,-0.003364422087370906,0.014154175092609475
6023,urban+forest,grey,1958,2762,0.08543765537092765,0.0651958470976876,0.023101586823089174,0.020241808273240056
6023,urban+forest,lavender,2595,3847,0.11321906755636967,0.09079754601226994,0.02498658026662169,0.022421521544099723
6023,urban+forest,olive,4563,8239,0.1990492389550351,0.19443133553563002,0.004672313835631586,0.004617903419405073
6023,urban+forest,orange,2458,3877,0.10724410135636094,0.09150542708824917,0.017020633501893184,0.015738674268111763
6023,urban+forest,plum,150,288,0.006585546687600855,0.006819254365266635,-0.0002296563431164868,0.00023370767766577993
6023,urban+forest,sage,243,603,0.010641545640891448,0.014252005663048607,-0.0031087349973482176,0.003610460022157159
6023,urban+grass,coffee,17,17,0.20689655172413793,0.01278409090909091,0.576003603737256,0.19411246081504702
6023,urban+grass,crimson,3,3,0.04597701149425287,0.002840909090909091,0.12800080083050133,0.043136102403343785
6023,urban+grass,gold,2,2,0.034482758620689655,0.002130681818181818,0.096000600622876,0.03235207680250784
6023,urban+grass,grey,5,109,0.06896551724137931,0.078125,-0.008600239896617741,0.00915948275862069
6023,urban+grass,lavender,6,6,0.08045977011494253,0.004971590909090909,0.22400140145337735,0.07548817920585162
6023,urban+grass,navy,2,2,0.034482758620689655,0.002130681818181818,0.096000600622876,0.03235207680250784
6023,urban+grass,olive,5,130,0.06896551724137931,0.09303977272727272,-0.0206496852351512,0.02407425548589341
6023,urban+grass,orange,9,9,0.11494252873563218,0.007102272727272727,0.32000200207625334,0.10784025600835946
6023,urban+shrub,coffee,90,90,0.36254980079681276,0.1449044585987261,0.3324897915841185,0.21764534219808665
6023,urban+shrub,crimson,17,17,0.07171314741035857,0.028662420382165606,0.06576721152213334,0.043050727028192966
6023,urban+shrub,gold,1,1,0.00796812749003984,0.0031847133757961785,0.007307467946903704,0.004783414114243662
6023,urban+shrub,grey,15,48,0.06374501992031872,0.07802547770700637,-0.012885695524107123,0.014280457786687642
6023,urban+shrub,lavender,30,30,0.12350597609561753,0.04936305732484077,0.1132657531770074,0.07414291877077676
6023,urban+shrub,navy,1,1,0.00796812749003984,0.0031847133757961785,0.007307467946903704,0.004783414114243662
6023,urban+shrub,olive,17,65,0.07171314741035857,0.10509554140127389,-0.02740846064657063,0.03338239399091532
6023,urban+shrub,orange,41,41,0.16733067729083664,0.06687898089171974,0.15345682688497778,0.1004516963991169
6023,urban+shrub,plum,1,1,0.00796812749003984,0.0031847133757961785,0.007307467946903704,0.004783414114243662
6025,barren,aquamarine,202,202,0.1090811391724879,0.02156591947306916,0.1768180978966732,0.08751521969941875
6025,barren,auburn,2,2,0.0016120365394948952,0.0003187081695527462,0.0026130753383744806,0.001293328369942149
6025,barren,beige,29,41,0.016120365394948953,0.004461914373738446,0.020706697984155132,0.011658451021210506
6025,barren,cocoa,792,3445,0.4261149919398173,0.3660894507595878,0.06469769520977449,0.06002554118022946
6025,barren,emerald,3,3,0.0021493820526598604,0.00042494422607032827,0.0034841004511659748,0.0017244378265895322
6025,barren,foo,130,143,0.07039226222461042,0.015297992138531818,0.10744405715606974,0.0550942700860786
6025,barren,gray,205,205,0.11069317571198281,0.021884627642621907,0.17943117323504768,0.08880854806936091
6025,barren,ivory,3,118,0.0021493820526598604,0.012642090725592267,-0.0038083855928783866,0.010492708672932406
6025,barren,navy,3,619,0.0021493820526598604,0.06586635504090088,-0.007356146979074212,0.06371697298824103
6025,barren,olive,204,319,0.11015583019881783,0.03399553808562626,0.12950654338590495,0.07616029211319157
6025,barren,purple,211,260,0.11391724879097259,0.02772761075108892,0.1609700395904939,0.08618963803988366
6025,barren,sienna,31,31,0.017195056421278884,0.003399553808562626,0.027872803609327798,0.013795502612716257
6025,barren,yellow,8,8,0.004836109618484685,0.0009561245086582386,0.00783922601512344,0.0038799851098264464
6025,crop,aquamarine,249,249,0.10292301358583779,0.059637404580152674,0.05616491323576631,0.043285609005685115
6025,crop,auburn,2,2,0.0012350761630300535,0.0007156488549618321,0.0006739789588291959,0.0005194273080682215
6025,crop,beige,31,31,0.013174145738987238,0.007633587786259542,0.00718910889417809,0.005540557952727696
6025,crop,cocoa,680,1209,0.2803622890078222,0.2886450381679389,-0.008162757981222415,0.008282749160116731
6025,crop,emerald,4,4,0.0020584602717167557,0.0011927480916030535,0.0011232982647153263,0.0008657121801137022
6025,crop,foo,100,100,0.04158089748867847,0.024093511450381678,0.0226906249472496,0.017487386038296793
6025,crop,gray,742,742,0.3058871963771099,0.17724236641221375,0.1669221221366975,0.12864482996489618
6025,crop,ivory,32,37,0.013585837793330589,0.009064885496183206,0.005497097595051628,0.004520952297147383
6025,crop,navy,4,225,0.0020584602717167557,0.053912213740458015,-0.0067216936801965405,0.05185375346874126
6025,crop,olive,281,283,0.11609715932482503,0.06774809160305344,0.06253354409086986,0.048349067721771596
6025,crop,purple,180,248,0.07451626183614657,0.05939885496183206,0.01689599841736028,0.01511740687431451
6025,crop,sienna,84,84,0.03499382461918485,0.020276717557251907,0.01909607050016055,0.014717107061932942
6025,crop,terracotta,2,3,0.0012350761630300535,0.0009541984732824427,0.00031866968861291647,0.0002808776897476108
6025,forest,aquamarine,4,4,0.05813953488372093,0.00016406352539703373,0.3412992715894995,0.0579754713583239
6025,forest,beige,2,298,0.03488372093023256,0.009810998818742617,0.04425056464942381,0.02507272211148994
6025,forest,cocoa,17,14099,0.20930232558139536,0.4626591416196351,-0.1660208749808447,0.2533568160382398
6025,forest,emerald,2,2,0.03488372093023256,9.843811523822023e-05,0.20477956295369976,0.03478528281499434
6025,forest,foo,2,2,0.03488372093023256,9.843811523822023e-05,0.20477956295369976,0.03478528281499434
6025,forest,gray,4,4,0.05813953488372093,0.00016406352539703373,0.3412992715894995,0.0579754713583239
6025,forest,olive,15,6757,0.18604651162790697,0.2217482609266308,-0.03265973464094169,0.03570174929872383
6025,forest,purple,1,212,0.023255813953488372,0.006989106181913637,0.027958197353253784,0.016266707771574733
6025,forest,sienna,1,23,0.023255813953488372,0.0007875049219057619,0.078731181896544,0.02246830903158261
6025,shrub,aquamarine,1,1,0.03389830508474576,6.056568348373811e-05,0.2144878590198664,0.03383773940126202
6025,shrub,cocoa,9,12884,0.1694915254237288,0.3901944158439828,-0.1413291845773494,0.22070289042025398
6025,shrub,foo,3,227,0.06779661016949153,0.006904487917146145,0.1548705473390853,0.06089212225234538
6025,shrub,gray,3,3,0.06779661016949153,0.00012113136696747623,0.4289757180397328,0.06767547880252404
6025,shrub,olive,2,1156,0.05084745762711865,0.0350372478953425,0.018936528943753802,0.015810209731776145
6025,shrub,purple,3,143,0.06779661016949153,0.004360729210829144,0.1860252815342338,0.06343588095866239
6025,urban,aquamarine,214,214,0.06710362047440699,0.00024130488704125416,0.37765461650734616,0.06686231558736573
6025,urban,auburn,20,20,0.006554307116104869,2.3569314548215522e-05,0.036887195100717536,0.0065307378015566535
6025,urban,beige,80,12614,0.025280898876404494,0.01415842395360661,0.01465633178359777,0.011122474922797883
6025,urban,cocoa,782,249387,0.2443820224719101,0.279900200788113,-0.03316274971094508,0.03551817831620291
6025,urban,emerald,13,13,0.004369538077403246,1.5712876365477015e-05,0.02459146340047836,0.004353825201037769
6025,urban,foo,386,30264,0.12078651685393259,0.03396787165722585,0.15323092724769438,0.08681864519670673
6025,urban,gray,325,325,0.1017478152309613,0.00036588554965325047,0.5726297906111388,0.10138192968130805
6025,urban,ivory,15,64780,0.004993757802746567,0.0727068459879976,-0.013374516128440176,0.06771308818525104
6025,urban,navy,11,18977,0.003745318352059925,0.021299926261715913,-0.00651010108702707,0.01755460790965599
6025,urban,olive,272,65037,0.0852059925093633,0.0729952895041353,0.013179394884856975,0.012210703005228002
6025,urban,purple,483,27905,0.15106117353308365,0.03132025198964297,0.2376826657348921,0.11974092154344068
6025,urban,sienna,325,4557,0.1017478152309613,0.005115663605274588,0.30424532242415747,0.09663215162568671
6025,urban,terracotta,15,100589,0.004993757802746567,0.11289701668595235,-0.015571971802142957,0.10790325888320579
6025,urban,yellow,225,225,0.07053682896379526,0.0002536507184712718,0.39697648060772206,0.07028317824532399
6025,urban+barren,aquamarine,146,146,0.0848729792147806,0.0009268892461931334,0.3833777800165799,0.08394608996858746
6025,urban+barren,auburn,4,4,0.002886836027713626,3.152684510860998e-05,0.013040060544781629,0.002855309182605016
6025,urban+barren,beige,49,181,0.028868360277136258,0.0011475771619534033,0.09310315505380215,0.027720783115182855
6025,urban+barren,cocoa,416,38760,0.2407621247113164,0.2444024086509663,-0.003613037983809935,0.0036402839396499076
6025,urban+barren,emerald,4,4,0.002886836027713626,3.152684510860998e-05,0.013040060544781629,0.002855309182605016
6025,urban+barren,foo,194,543,0.1125866050808314,0.003430120747816766,0.39305416885792793,0.10915648433301464
6025,urban+barren,gray,187,187,0.10854503464203233,0.0011854093760837352,0.4903062764837892,0.1073596252659486
6025,urban+barren,ivory,4,793,0.002886836027713626,0.005006463003247265,-0.0015894012012144323,0.0021196269755336394
6025,urban+barren,navy,2,15722,0.0017321016166281756,0.09913931712853495,-0.007010145426252558,0.09740721551190677
6025,urban+barren,olive,206,863,0.1195150115473441,0.005447838834767805,0.3690890071679847,0.1140671727125763
6025,urban+barren,purple,288,9220,0.16685912240184758,0.05814180774929853,0.1759137143721432,0.10871731465254905
6025,urban+barren,sienna,145,182,0.08429561200923788,0.0011538825309751254,0.36172911459040047,0.08314172947826276
6025,urban+barren,terracotta,3,1276,0.0023094688221709007,0.008051956240738989,-0.0028842898896080655,0.005742487418568087
6025,urban+barren,yellow,46,46,0.027136258660508082,0.0002963523440209338,0.1225765691209473,0.02683990631648715
6025,urban+crop,aquamarine,2608,2608,0.09675505284628222,0.08174327161074035,0.016312810419577384,0.015011781235541866
6025,urban+crop,auburn,74,74,0.002781383274615242,0.0023498449102359246,0.00046893859006067563,0.0004315383643793175
6025,urban+crop,beige,463,471,0.017207491192286296,0.014788357301751417,0.0026070144323747657,0.002419133890534879
6025,urban+crop,cocoa,6232,7651,0.2311514926756907,0.2397468433750039,-0.00843939632095882,0.008595350699313192
6025,urban+crop,emerald,70,70,0.002633042833302429,0.002224519848356675,0.0004439285319241067,0.000408522984945754
6025,urban+crop,foo,3121,3129,0.11577971444465048,0.09806686092051257,0.0192240489612983,0.0177128535241379
6025,urban+crop,gray,3121,3121,0.11577971444465048,0.09781621079675408,0.01952035037559241,0.017963503647896395
6025,urban+crop,ivory,69,81,0.002595957722974226,0.002569163768524611,2.693318909244542e-05,2.6793954449615045e-05
6025,urban+crop,navy,52,457,0.001965510847394771,0.014349719585174045,-0.003907392748225199,0.012384208737779274
6025,urban+crop,olive,3120,3135,0.11574262933432226,0.09825484851333145,0.018959153713396508,0.01748778082099081
6025,urban+crop,purple,4830,5326,0.1791581679955498,0.16690165115769026,0.012695920323242543,0.012256516837859527
6025,urban+crop,sienna,2099,2099,0.07787873168922678,0.06579565748660589,0.01313028052169893,0.012083074202620891
6025,urban+crop,terracotta,40,65,0.0015204895234563322,0.0020678635210076134,-0.00046752562422650647,0.0005473739975512812
6025,urban+crop,yellow,1028,1028,0.03816057852772112,0.032239872168436885,0.006433837455632469,0.005920706359284232
6025,urban+forest,aquamarine,3,3,0.046511627906976744,2.7327257573066253e-05,0.34602664990025367,0.046484300649403676
6025,urban+forest,beige,1,1576,0.023255813953488372,0.010773771298181372,0.017893966661682813,0.012482042655307
6025,urban+forest,cocoa,17,61861,0.20930232558139536,0.42262970199625616,-0.14708022823987585,0.2133273764148608
6025,urban+forest,emerald,1,1,0.023255813953488372,1.3663628786533127e-05,0.17301332495012683,0.023242150324701838
6025,urban+forest,foo,3,2087,0.046511627906976744,0.014264828453140584,0.054972343487107694,0.032246799453836156
6025,urban+forest,gray,2,2,0.03488372093023256,2.0495443179799692e-05,0.2595199874251903,0.03486322548705276
6025,urban+forest,olive,15,29012,0.18604651162790697,0.19821143099184282,-0.011783737542295348,0.01216491936393585
6025,urban+forest,purple,3,1644,0.046511627906976744,0.011238334676923497,0.06606379864073825,0.035273293230053245
6025,urban+forest,sienna,3,419,0.046511627906976744,0.0028693620451719568,0.12956337779990376,0.04364226586180479
6025,urban+shrub,aquamarine,4,4,0.04854368932038835,3.8105109133032555e-05,0.3470811218954639,0.048505584211255316
6025,urban+shrub,cocoa,17,31956,0.17475728155339806,0.2435449945128643,-0.05800258121898197,0.06878771295946623
6025,urban+shrub,foo,10,3115,0.10679611650485436,0.02374710401170589,0.16056379364463272,0.08304901249314847
6025,urban+shrub,gray,7,7,0.07766990291262135,6.0968174612852094e-05,0.5553297950327423,0.0776089347380085
6025,urban+shrub,olive,6,6818,0.06796116504854369,0.0519677478356298,0.01823487410746135,0.015993417212913884
6025,urban+shrub,purple,12,7839,0.1262135922330097,0.05974881112059505,0.09438585065172155,0.06646478111241466
6025,urban+shrub,sienna,5,236,0.05825242718446602,0.0018061821729057433,0.20234390907608624,0.05644624501156028
6025,urban+shrub,yellow,4,4,0.04854368932038835,3.8105109133032555e-05,0.3470811218954639,0.048505584211255316
6027,barren,aqua,39,47,0.10282776349614396,0.003513394817742644,0.34719512955058035,0.09931436867840132
6027,barren,beige,150,192,0.38817480719794345,0.014126774996340213,1.2861721331030629,0.3740480322016032
6027,barren,coffee,47,49,0.12339331619537275,0.0036597862684819207,0.43409425568984183,0.11973352992689083
6027,barren,gray,7,7,0.02056555269922879,0.0005855658029571073,0.07318856949456756,0.019979986896271684
6027,barren,indigo,8,29,0.02313624678663239,0.0021958717610891525,0.05448172875610979,0.02094037502554324
6027,barren,ivory,25,39,0.06683804627249357,0.0029278290147855364,0.20907016237815743,0.06391021725770803
6027,barren,lilac,14,23,0.038560411311053984,0.001756697408871322,0.11910503454091052,0.036803713902182664
6027,barren,maroon,1,1,0.005141388174807198,0.00014639145073927682,0.01829714237364189,0.004994996724067921
6027,barren,olive,8,12,0.02313624678663239,0.0009515444298052993,0.07382936941884904,0.02218470235682709
6027,barren,orange,47,1827,0.12339331619537275,0.13380178597569903,-0.009992705328475827,0.01040846978032628
6027,barren,plum,4,4,0.012853470437017995,0.00036597862684819204,0.04574285593410474,0.012487491810169803
6027,barren,sage,1,1,0.005141388174807198,0.00014639145073927682,0.01829714237364189,0.004994996724067921
6027,crop,beige,1,2,0.05,0.00035587188612099647,0.24726037443869006,0.049644128113879006
6027,crop,ivory,1,2,0.05,0.00035587188612099647,0.24726037443869006,0.049644128113879006
6027,forest,aqua,15,278,0.05387205387205387,0.0059445178335535,0.11874168027465352,0.04792753603850037
6027,forest,beige,82,1281,0.27946127946127947,0.027314952912600672,0.6498674949819978,0.2521463265486788
6027,forest,coffee,7,25,0.026936026936026935,0.0005539694038436954,0.10462250514042273,0.02638205753218324
6027,forest,gray,2,2,0.010101010101010102,6.391954659734946e-05,0.05113904545131153,0.010037090554412752
6027,forest,ivory,27,331,0.09427609427609428,0.007073763156773341,0.24415953247905578,0.08720233111932094
6027,forest,lilac,20,166,0.0707070707070707,0.0035581880939191206,0.2113642310596521,0.06714888261315158
6027,forest,olive,70,733,0.23905723905723905,0.01563898240081817,0.6518938744632037,0.22341825665642087
6027,forest,orange,29,4877,0.10101010101010101,0.10393318276729024,-0.0028815855993807636,0.002923081757189236
6027,forest,plum,1,1,0.006734006734006734,4.261303106489965e-05,0.03409269696754101,0.006691393702941834
6027,forest,sage,6,1315,0.02356902356902357,0.02803937444070397,-0.00409338465336956,0.004470350871680399
6027,grass,aqua,19,24,0.06825938566552901,0.0036560397777127816,0.1997907447008853,0.06460334588781623
6027,grass,beige,96,117,0.3310580204778157,0.01725650775080433,0.9779799268816725,0.31380151272701134
6027,grass,coffee,2,8,0.010238907849829351,0.0013161743199766012,0.021004767977959755,0.00892273352985275
6027,grass,foo,2,2,0.010238907849829351,0.0004387247733255338,0.03225335796432265,0.009800183076503818
6027,grass,gray,2,2,0.010238907849829351,0.0004387247733255338,0.03225335796432265,0.009800183076503818
6027,grass,ivory,85,111,0.2935153583617747,0.016379058204153262,0.8470637174337574,0.2771363001576215
6027,grass,lilac,14,19,0.051194539249146756,0.0029248318221702253,0.1465390386722047,0.04826970742697653
6027,grass,olive,16,19,0.05802047781569966,0.0029248318221702253,0.17333960252093816,0.05509564599352944
6027,grass,orange,19,704,0.06825938566552901,0.10310032173150044,-0.028149322052976,0.034840936065971426
6027,shrub,aqua,52,109,0.10211946050096339,0.004497505928530542,0.31888030082887475,0.09762195457243285
6027,shrub,beige,210,376,0.40655105973025046,0.015414179409600132,1.3304065110809686,0.3911368803206503
6027,shrub,coffee,5,17,0.011560693641618497,0.0007359555155777251,0.03184042159439672,0.010824738126040772
6027,shrub,gray,2,2,0.005780346820809248,0.0001226592525962875,0.022270570847303044,0.005657687568212961
6027,shrub,ivory,81,106,0.1579961464354528,0.004374846675934255,0.5666846471861915,0.15362129975951855
6027,shrub,lilac,52,77,0.10211946050096339,0.0031891405675034752,0.35398606493764107,0.09893031993345991
6027,shrub,olive,27,36,0.05394990366088632,0.001512797448687546,0.19282210002929356,0.05243710621219877
6027,shrub,orange,52,1940,0.10211946050096339,0.07936053642979803,0.025748613890609853,0.022758924071165365
6027,urban+barren,aqua,235,257,0.07308764323319913,0.002418130354096763,0.24913126603282568,0.07066951287910238
6027,urban+barren,beige,988,1063,0.30628677609166927,0.009972444561081224,1.0489391257997946,0.29631433153058806
6027,urban+barren,coffee,116,116,0.03623412821306906,0.0010965939977880669,0.12673945946274476,0.03513753421528099
6027,urban+barren,foo,107,117,0.03344688758129452,0.0011059665960597596,0.11402843474748184,0.032340920985234764
6027,urban+barren,gold,9,9,0.003096934035305048,9.372598271692879e-05,0.010832432432713226,0.003003208052588119
6027,urban+barren,gray,27,27,0.008671415298854134,0.0002624327516074006,0.030330810811597032,0.008408982547246733
6027,urban+barren,indigo,14,200,0.004645401052957572,0.0018838922526102687,0.00419264970067932,0.0027615088003473034
6027,urban+barren,ivory,363,383,0.11272839888510375,0.0035990777363300655,0.388270846737767,0.10912932114877369
6027,urban+barren,lemon,166,443,0.051718798389594305,0.004161433632631638,0.13032939020711504,0.047557364756962664
6027,urban+barren,lilac,528,564,0.16382781046763703,0.005295518023506476,0.5622496951010509,0.15853229244413056
6027,urban+barren,maroon,3,3,0.0012387736141220192,3.7490393086771516e-05,0.00433297297308529,0.0012012832210352477
6027,urban+barren,olive,85,90,0.026633632703623414,0.0008529064427240519,0.09165379346990996,0.02578072626089936
6027,urban+barren,orange,509,18806,0.15794363580055745,0.17627045569572797,-0.017339251615766185,0.018326819895170515
6027,urban+barren,plum,39,39,0.012387736141220192,0.00037490393086771516,0.0433297297308529,0.012012832210352476
6027,urban+barren,sage,2,17,0.0009290802105915144,0.00016870676889047182,0.0015850414648142263,0.0007603734417010426
6027,urban+crop,aqua,2,2,0.04918032786885246,2.637200348110446e-05,0.37037439389547594,0.04915395586537136
6027,urban+crop,beige,6,6,0.11475409836065574,6.153467478924374e-05,0.8642069190894438,0.1146925636858665
6027,urban+crop,foo,2,2,0.04918032786885246,2.637200348110446e-05,0.37037439389547594,0.04915395586537136
6027,urban+crop,ivory,2,2,0.04918032786885246,2.637200348110446e-05,0.37037439389547594,0.04915395586537136
6027,urban+crop,lemon,1,195,0.03278688524590164,0.0017229708940988246,0.09658946001762095,0.031063914351802818
6027,urban+crop,lilac,3,3,0.06557377049180328,3.516267130813928e-05,0.4938325251939679,0.06553860782049514
6027,urban+crop,olive,2,217,0.04918032786885246,0.0019163655862935907,0.15959327385673924,0.047263962282558865
6027,urban+crop,orange,5,8790,0.09836065573770492,0.0772787608674631,0.023726727401792165,0.021081894870241813
6027,urban+forest,aqua,21,272,0.07096774193548387,0.004834767824885772,0.1906471973844586,0.0661329741105981
6027,urban+forest,beige,112,1442,0.36451612903225805,0.02555520136011051,0.9687854255668117,0.3389609276721475
6027,urban+forest,coffee,8,85,0.02903225806451613,0.0015230404137002798,0.08557835660391376,0.02750921765081585
6027,urban+forest,indigo,1,15,0.0064516129032258064,0.0002833563560372614,0.020163742754373,0.006168256547188545
6027,urban+forest,ivory,10,137,0.035483870967741936,0.0024439485708213794,0.09493579296366768,0.03303992239692056
6027,urban+forest,lilac,35,456,0.11612903225806452,0.008093365919314277,0.30932793478098075,0.10803566633875024
6027,urban+forest,olive,42,757,0.13870967741935483,0.013424007367265256,0.3239340359430006,0.12528567005208957
6027,urban+forest,orange,39,5070,0.12903225806451613,0.08980625509155953,0.046762297667944264,0.0392260029729566
6027,urban+forest,plum,2,20,0.00967741935483871,0.00037190521729890555,0.031537853415022625,0.009305514137539805
6027,urban+forest,sage,2,4610,0.00967741935483871,0.08165975985548826,-0.020639671692880116,0.07198234050064956
6027,urban+grass,aqua,159,197,0.10416666666666667,0.0020011117287381877,0.41169680104319567,0.10216555493792848
6027,urban+grass,beige,428,533,0.279296875,0.005396937692657537,1.1022293607780835,0.27389993730734247
6027,urban+grass,coffee,19,38,0.013020833333333334,0.00039415837081206733,0.04554105641796525,0.012626674962521267
6027,urban+grass,foo,88,108,0.057942708333333336,0.0011016221132952651,0.22960788956710682,0.05684108622003807
6027,urban+grass,gold,1,1,0.0013020833333333333,2.0213249785234222e-05,0.005423675137337742,0.001281870083548099
6027,urban+grass,gray,3,3,0.0026041666666666665,4.0426499570468444e-05,0.010847350274675484,0.002563740167096198
6027,urban+grass,indigo,3,95,0.0026041666666666665,0.0009702359896912427,0.002571168424811044,0.0016339306769754239
6027,urban+grass,ivory,138,158,0.09049479166666667,0.0016069533579261205,0.36478018285002134,0.08888783830874056
6027,urban+grass,lemon,101,174,0.06640625,0.0017686593562079944,0.24076046430552517,0.064637590643792
6027,urban+grass,lilac,243,285,0.15885416666666666,0.0028904947192884937,0.6364585784293565,0.15596367194737817
6027,urban+grass,maroon,1,2,0.0013020833333333333,3.0319874677851333e-05,0.004895725777821903,0.0012717634586554818
6027,urban+grass,olive,75,121,0.049479166666666664,0.0012330082368992876,0.1826817740092207,0.04824615842976738
6027,urban+grass,orange,235,15099,0.15364583333333334,0.15261003587851837,0.0010393046202626915,0.0010357974548149684
6027,urban+grass,plum,4,8,0.0032552083333333335,9.095962403355399e-05,0.011645819793532772,0.0031642487092997796
6027,urban+shrub,aqua,28,54,0.06682027649769585,0.0014299828402059174,0.256880137753934,0.06539029365748994
6027,urban+shrub,beige,125,189,0.2903225806451613,0.004939940720711351,1.1826694801629813,0.28538263992444995
6027,urban+shrub,coffee,21,21,0.05069124423963134,0.000571993136082367,0.22731887715886762,0.05011925110354897
6027,urban+shrub,foo,34,47,0.08064516129032258,0.00124798502417971,0.3361716561574121,0.07939717626614287
6027,urban+shrub,gray,2,2,0.0069124423963133645,7.799906401123187e-05,0.030998028703481943,0.006834443332302133
6027,urban+shrub,indigo,1,33,0.004608294930875576,0.0008839893921272945,0.007609069777484662,0.0037243055387482815
6027,urban+shrub,ivory,46,62,0.10829493087557604,0.0016379803442358692,0.45390676260640306,0.10665695053134017
6027,urban+shrub,lemon,3,50,0.009216589861751152,0.0013259840881909416,0.01786958722733597,0.00789060577356021
6027,urban+shrub,lilac,49,86,0.1152073732718894,0.002261972856325724,0.45282216273547815,0.11294540041556368
6027,urban+shrub,maroon,1,1,0.004608294930875576,5.199937600748791e-05,0.02066535246898796,0.004556295554868088
6027,urban+shrub,olive,9,20,0.02304147465437788,0.0005459934480786231,0.08623143182122144,0.022495481206299257
6027,urban+shrub,orange,75,6004,0.17511520737327188,0.15612812646248245,0.02009746303511578,0.018987080910789433
6027,urban+shrub,plum,2,2,0.0069124423963133645,7.799906401123187e-05,0.030998028703481943,0.006834443332302133
6029,barren,alabaster,181,1281,0.16177777777777777,0.09511091327249796,0.08593310911169698,0.06666686450527981
6029,barren,amber,53,488,0.048,0.03627865568662364,0.013438629129079267,0.011721344313376361
6029,barren,cocoa,472,6046,0.42044444444444445,0.44862378514726614,-0.02727519337454587,0.028179340702821687
6029,barren,green,53,488,0.048,0.03627865568662364,0.013438629129079267,0.011721344313376361
6029,barren,grey,4,13,0.0044444444444444444,0.0010386527190444396,0.006461024292971514,0.003405791725400005
6029,barren,indigo,4,26,0.0044444444444444444,0.0020031159581571333,0.0035420041312423135,0.002441328486287311
6029,barren,navy,115,1737,0.10311111111111111,0.128941316121374,-0.023050512771404394,0.025830205010262883
6029,barren,orange,119,1777,0.10666666666666667,0.1319088953186438,-0.02265629762048582,0.02524222865197713
6029,barren,purple,43,139,0.03911111111111111,0.010386527190444394,0.05185730858131828,0.028724583920666714
6029,barren,red,43,839,0.03911111111111111,0.06231916314266637,-0.018220395104045647,0.023208052031555258
6029,crop,alabaster,445,1883,0.24017232094776522,0.21993929488676162,0.021136387610683555,0.020233026061003606
6029,crop,amber,16,42,0.009154550350026925,0.005019845902404857,0.005500528286564076,0.004134704447622068
6029,crop,cocoa,640,1230,0.34518039849219173,0.1437076815316367,0.3024767256678558,0.20147271696055502
6029,crop,green,42,68,0.023155627355950458,0.008055101564324072,0.024450772719716362,0.015100525791626386
6029,crop,grey,180,1036,0.09746903607969844,0.12106000466962409,-0.021126567585103652,0.023590968589925654
6029,crop,indigo,32,78,0.017770597738287562,0.009222507588139155,0.011655704949988308,0.008548090150148407
6029,crop,navy,152,154,0.08239095315024232,0.018094793369133784,0.12489244178689138,0.06429615978110853
6029,crop,orange,191,192,0.10339256865912763,0.0225309362596311,0.15753344413006856,0.08086163239949654
6029,crop,red,121,128,0.06569736133548734,0.01505953770721457,0.09677531660618834,0.05063782362827277
6029,forest,alabaster,443,6794,0.11364218070130534,0.08770005162622613,0.02944835492472534,0.025942129075079215
6029,forest,amber,65,1227,0.016892756590734578,0.015849251419721218,0.0010771270237581666,0.0010435051710133599
6029,forest,cocoa,1826,22064,0.4676222165344254,0.28478316985028396,0.23190912838371716,0.18283904668414142
6029,forest,green,714,8291,0.18300486306629127,0.10702116675271038,0.09817956373099623,0.07598369631358089
6029,forest,grey,17,61,0.004607115433836704,0.0008002065049044915,0.008064697495701262,0.0038069089289322123
6029,forest,indigo,6,1049,0.0017916560020476069,0.013551884357253486,-0.0036252103663713233,0.01176022835520588
6029,forest,lemon,2,21,0.0007678525723061172,0.0002839442436757873,0.0007638749867742426,0.0004839083286303299
6029,forest,navy,217,3173,0.05579728692091118,0.040965410428497676,0.017241204542808794,0.014831876492413507
6029,forest,orange,356,4344,0.09137445610442795,0.05607898812596799,0.044609445010730726,0.035295467978459956
6029,forest,red,223,1855,0.05733299206552342,0.023954568921011873,0.05003548606561179,0.033378423144511546
6029,grass,alabaster,421,2565,0.29572529782761037,0.24159683645607757,0.05978400473971006,0.05412846137153279
6029,grass,amber,67,267,0.04765241765942537,0.025233028904999528,0.03029643310909378,0.022419388754425843
6029,grass,cocoa,435,2647,0.3055360896986685,0.249317390076264,0.06212806324853657,0.05621869962240453
6029,grass,green,68,202,0.04835318850735809,0.019113077864607853,0.04487946451829859,0.029240110642750238
6029,grass,grey,64,115,0.04555010511562719,0.010921758779775916,0.06504809697702062,0.034628346335851275
6029,grass,indigo,6,30,0.004905395935529082,0.002918745880802184,0.002546792190542461,0.001986650054726898
6029,grass,lemon,1,42,0.001401541695865452,0.004048582995951417,-0.0014867471622829905,0.002647041300085965
6029,grass,navy,117,646,0.08269096005606166,0.06091705112512946,0.025270122948505353,0.0217739089309322
6029,grass,orange,124,668,0.08759635599159075,0.06298841916956972,0.028888271900733696,0.02460793682202103
6029,grass,purple,4,123,0.00350385423966363,0.011674983523208737,-0.004217185768487152,0.008171129283545107
6029,grass,red,82,201,0.05816398037841626,0.019018924771678748,0.06501754369651577,0.03914505560673751
6029,shrub,alabaster,1125,4789,0.15486177967267226,0.10808493354694587,0.055690717272013336,0.046776846125726385
6029,shrub,amber,474,1024,0.06532801540365837,0.023128821896789043,0.06783278489485216,0.042199193506869334
6029,shrub,cocoa,3044,12629,0.41878696190345205,0.2849922151770201,0.16119130338677326,0.13379474672643193
6029,shrub,green,503,1408,0.06931646265988173,0.03179366834397635,0.05402630967590759,0.037522794315905376
6029,shrub,grey,10,76,0.0015128593040847202,0.001737482230295372,-0.00020943363404830602,0.00022462292621065185
6029,shrub,indigo,5,184,0.000825195984046211,0.004174470293566802,-0.0013377432311106204,0.0033492743095205916
6029,shrub,lemon,2,766,0.0004125979920231055,0.017307128190085067,-0.0015416311356414923,0.01689453019806196
6029,shrub,navy,741,2751,0.10204923669371475,0.062098066204842386,0.05069199509134075,0.03995117048887237
6029,shrub,orange,731,1578,0.10067391005363774,0.0356296680731999,0.1045707974407232,0.06504424198043784
6029,shrub,purple,71,105,0.009902351808554533,0.00239185865469233,0.014068286482387943,0.0075104931538622025
6029,shrub,red,527,1714,0.07261724659606657,0.03869846785657874,0.04570547227030107,0.03391877873948783
6029,urban,alabaster,11817,55435,0.08717074933799503,0.022691242979594826,0.1173222182984211,0.0644795063584002
6029,urban,amber,11814,54343,0.08714862103811231,0.022244262004529572,0.1190041315270885,0.06490435903358274
6029,urban,cocoa,36948,697107,0.27253951745554056,0.28534250326537614,-0.012511363373740278,0.012802985809835576
6029,urban,green,8054,28355,0.05941448518510323,0.011606769715156052,0.09702085571492314,0.04780771546994718
6029,urban,grey,328,11097,0.0024267368871382943,0.004542669286881149,-0.0015214846200709046,0.0021159323997428548
6029,urban,indigo,343,953,0.0025373783865518945,0.00039049436832624046,0.004748635517365392,0.002146884018225654
6029,urban,lemon,328,182481,0.0024267368871382943,0.07469412297789205,-0.008316072775475618,0.07226738609075375
6029,urban,navy,14365,44409,0.10596505203838523,0.018178044965794903,0.18680523886702025,0.08778700707259032
6029,urban,orange,21744,77119,0.16039329364991553,0.03156700805589063,0.2607219225519797,0.1288262855940249
6029,urban,purple,8054,38689,0.05941448518510323,0.015836716048786417,0.07855824882124382,0.04357776913631681
6029,urban,red,21740,69353,0.16036378925007191,0.02838820379549065,0.27766528542752195,0.13197558545458127
6029,urban+barren,alabaster,1330,9644,0.09505106048703849,0.09312811996099143,0.0019426580365142947,0.0019229405260470511
6029,urban+barren,amber,1635,11485,0.11683210740555595,0.1109040524491392,0.006083738701245846,0.005928054956416753
6029,urban+barren,cocoa,3529,23940,0.2520888381061201,0.23116436702810741,0.02184414177885412,0.02092447107801268
6029,urban+barren,green,404,3345,0.028922373777047775,0.032307588324466285,-0.0032013209685422075,0.003385214547418511
6029,urban+barren,grey,12,185,0.000928372491608941,0.0017959388608340494,-0.000612586739319468,0.0008675663692251084
6029,urban+barren,indigo,14,155,0.0010711990287795472,0.0015062713026350093,-0.0003651274572482373,0.00043507227385546207
6029,urban+barren,lemon,27,1363,0.0019995715203884883,0.01317021831278303,-0.003769242653820305,0.011170646792394542
6029,urban+barren,navy,1327,8150,0.09483682068128259,0.07870267556267924,0.017685225879163668,0.016134145118603352
6029,urban+barren,orange,2685,16910,0.19181603942012426,0.16328560255679897,0.030889278943556066,0.028530436863325292
6029,urban+barren,purple,1341,6770,0.09583660644147683,0.06537796788552339,0.036653611566609734,0.030458638555953446
6029,urban+barren,red,1661,13544,0.11868885238877383,0.13078490252686667,-0.011518589952432799,0.01209605013809284
6029,urban+crop,alabaster,2197,12441,0.10364502286980713,0.08522851819377467,0.020276668745439114,0.018416504676032466
6029,urban+crop,amber,2426,6296,0.11444334417880889,0.04313486409469531,0.11166789944923887,0.07130848008411358
6029,urban+crop,cocoa,5362,13168,0.25288819729334655,0.09020851600175361,0.260683134089721,0.16267968129159294
6029,urban+crop,green,789,2174,0.037251850803979816,0.014898893029373082,0.034138144153684644,0.022352957774606733
6029,urban+crop,grey,61,2445,0.0029235629744895552,0.016755260850504165,-0.005104275553572681,0.013831697876014609
6029,urban+crop,indigo,56,1790,0.00268779176686943,0.012268467777290662,-0.00408090763120698,0.009580676010421233
6029,urban+crop,lemon,82,97,0.003913802046494082,0.0006713064445418676,0.006900185019770586,0.0032424956019522144
6029,urban+crop,navy,1833,1974,0.08648087895506201,0.013528879877246821,0.16043039197665215,0.07295199907781519
6029,urban+crop,orange,3745,3893,0.17663978874899797,0.02667415607189829,0.3339229315748013,0.14996563267709967
6029,urban+crop,purple,1424,5570,0.06719479417173575,0.03816171635247698,0.03801632520954768,0.02903307781925877
6029,urban+crop,red,3194,7509,0.15065780166926016,0.05144399386234108,0.16188441922397087,0.09921380780691907
6029,urban+forest,alabaster,858,10983,0.06752083005816696,0.043907547908955,0.0290575827524881,0.02361328214921196
6029,urban+forest,amber,987,6526,0.07766074516585443,0.026091092971754302,0.08470891822910365,0.05156965219410013
6029,urban+forest,cocoa,4613,57109,0.3626788240842635,0.228292066740752,0.167881074309325,0.1343867573435115
6029,urban+forest,green,2047,13416,0.16098097783367396,0.053633245656814384,0.17693694185957132,0.10734773217685958
6029,urban+forest,grey,9,92,0.0007860399308284861,0.0003717591001031332,0.0005885564609220869,0.0004142808307253529
6029,urban+forest,indigo,4,3839,0.00039301996541424305,0.015350053165548725,-0.001440423598256321,0.014957033200134482
6029,urban+forest,lemon,15,7292,0.0012576638893255778,0.02915310878550699,-0.003953221960069376,0.027895444896181412
6029,urban+forest,navy,618,1325,0.04865587171828329,0.005300565233728544,0.10786807425026136,0.04335530648455475
6029,urban+forest,orange,1784,4253,0.14030812765288478,0.017004980772459447,0.2960971004034865,0.12330314688042533
6029,urban+forest,purple,747,1704,0.05879578682597076,0.006815583501890775,0.12669660206452282,0.05198020332407999
6029,urban+forest,red,1002,3917,0.07883980506209716,0.015661851120473934,0.12742011394115263,0.06317795394162323
6029,urban+grass,alabaster,3004,31371,0.08800445147308616,0.08129820051413882,0.006975542221789314,0.006706250958947349
6029,urban+grass,amber,3013,16365,0.08826802553739824,0.04241126959117671,0.06469726840245299,0.045856755946221524
6029,urban+grass,cocoa,9346,51288,0.27373630879165933,0.13291162202504353,0.19776924243114,0.1408246867666158
6029,urban+grass,green,1000,3028,0.029315293152931528,0.007849427813251514,0.03862784396566167,0.021465865339680014
6029,urban+grass,grey,45,732,0.0013471563287061443,0.0018995148851480223,-0.00046288639333945847,0.000552358556441878
6029,urban+grass,indigo,42,2528,0.001259298307268787,0.006553715067584377,-0.0020771841076519444,0.00529441676031559
6029,urban+grass,lemon,38,15003,0.001142154278685644,0.03888174807197944,-0.004029073418204173,0.037739593793293794
6029,urban+grass,navy,3604,7299,0.1055760557605576,0.018917406086740193,0.18152210127350846,0.08665864967381741
6029,urban+grass,orange,6545,13391,0.19170620277631348,0.03470437017994859,0.32764476163693096,0.15700183259636488
6029,urban+grass,purple,3360,5827,0.09843027001698589,0.015102827763496144,0.18450423226391108,0.08332744225348974
6029,urban+grass,red,4111,23044,0.12042406138347098,0.059719400447798325,0.08446091172658624,0.06070466093567265
6029,urban+shrub,alabaster,466,4510,0.10095114569822741,0.045270711024135685,0.0809604390515515,0.05568043467409173
6029,urban+shrub,amber,439,3514,0.09511456982274102,0.03527522705604898,0.09434425866908508,0.05983934276669205
6029,urban+shrub,cocoa,1214,24633,0.26264591439688717,0.2472176225600883,0.01590000064913158,0.015428291836798863
6029,urban+shrub,green,292,2347,0.06333765672287073,0.023563650960911234,0.06262667468119933,0.0397740057619595
6029,urban+shrub,grey,2,144,0.0006485084306095979,0.0014551658387274827,-0.0005241246094529171,0.0008066574081178848
6029,urban+shrub,indigo,2,123,0.0006485084306095979,0.001244417682773847,-0.0004226640538008174,0.0005959092521642492
6029,urban+shrub,lemon,2,5820,0.0006485084306095979,0.05841738170505294,-0.0029187378421709205,0.05776887327444334
6029,urban+shrub,navy,411,3263,0.08906182447038478,0.03275628481107933,0.08908283764970544,0.05630553965930545
6029,urban+shrub,orange,752,5462,0.16277561608300908,0.054824627427367156,0.1771378239367321,0.10795098865564193
6029,urban+shrub,purple,442,3102,0.09576307825335063,0.031140548948768127,0.10757702557863388,0.06462252930458251
6029,urban+shrub,red,566,5111,0.122568093385214,0.051302122534999245,0.10674879505783312,0.07126597085021476
6031,barren,cocoa,3,763,0.08888888888888889,0.46785058175137784,-0.14762327331968753,0.37896169286248893
6031,barren,foo,1,1,0.044444444444444446,0.001224739742804654,0.15962273792000647,0.04321970470163979
6031,barren,grey,1,8,0.044444444444444446,0.005511328842620943,0.09277485361883873,0.038933115601823505
6031,barren,olive,1,1,0.044444444444444446,0.001224739742804654,0.15962273792000647,0.04321970470163979
6031,barren,purple,1,51,0.044444444444444446,0.03184323331292101,0.014818447341273923,0.012601211131523439
6031,barren,sienna,0,0,0.022222222222222223,0.000612369871402327,0.07981136896000324,0.021609852350819896
6031,crop,aquamarine,106,106,0.0649666059502125,0.009028773943127162,0.1282087903510361,0.05593783200708534
6031,crop,auburn,1,1,0.0012143290831815423,0.0001687621297780778,0.0023964259878698343,0.0010455669534034644
6031,crop,beige,18,18,0.01153612629022465,0.001603240232891739,0.022766046884763424,0.009932886057332911
6031,crop,cocoa,579,2226,0.3521554341226472,0.18791663150788962,0.2211797556954859,0.1642388026147576
6031,crop,emerald,1,1,0.0012143290831815423,0.0001687621297780778,0.0023964259878698343,0.0010455669534034644
6031,crop,foo,57,57,0.035215543412264724,0.004894101763564256,0.06949635364822519,0.03032144164870047
6031,crop,grey,594,1153,0.3612629022465088,0.09737574888195089,0.4736260545814171,0.2638871533645579
6031,crop,ivory,20,20,0.012750455373406194,0.0017720023626698169,0.02516247287263326,0.010978453010736376
6031,crop,navy,1,420,0.0012143290831815423,0.035524428318285374,-0.0040996100207791476,0.03431009923510383
6031,crop,olive,106,144,0.0649666059502125,0.01223525440891064,0.10846511994934971,0.05273135154130186
6031,crop,purple,103,103,0.06314511232544019,0.008775630748460045,0.12461415136923136,0.05436948157698015
6031,crop,sienna,23,29,0.014571948998178506,0.002531431946671167,0.025505475405414913,0.012040517051507339
6031,forest,aquamarine,10,10,0.03806228373702422,0.00033515127509826026,0.1801258429004467,0.03772713246192596
6031,forest,cocoa,115,3914,0.4013840830449827,0.11928338563724444,0.4870461607096947,0.28210069740773824
6031,forest,grey,25,49,0.08996539792387544,0.001523414886810274,0.36692123745695204,0.08844198303706516
6031,forest,olive,93,158,0.32525951557093424,0.004844459340056671,1.3682977376549226,0.32041505623087757
6031,forest,purple,8,15,0.031141868512110725,0.00048749276377928766,0.12945777509865028,0.030654375748331436
6031,grass,cocoa,4,563,0.10416666666666667,0.22532960447463043,-0.08037208943125783,0.12116293780796376
6031,grass,grey,6,157,0.14583333333333334,0.06312425089892129,0.1221149119972002,0.08270908243441205
6031,shrub,aquamarine,18,18,0.11242603550295859,0.0009120583717357911,0.5412579276427173,0.1115139771312228
6031,shrub,beige,6,6,0.04142011834319527,0.0003360215053763441,0.19941081544731692,0.041084096837818926
6031,shrub,cocoa,56,4526,0.33727810650887574,0.2173099078341014,0.1482618401040082,0.11996819867477435
6031,shrub,foo,7,7,0.047337278106508875,0.00038402457757296467,0.2278980747969336,0.04695325352893591
6031,shrub,grey,11,50,0.07100591715976332,0.0024481566820276496,0.2391073027561347,0.06855776047773567
6031,shrub,olive,21,52,0.1301775147928994,0.002544162826420891,0.5122611960805394,0.12763335196647851
6031,shrub,purple,6,81,0.04142011834319527,0.003936251920122888,0.097483811379491,0.03748386642307238
6031,shrub,sienna,6,10,0.04142011834319527,0.0005280337941628264,0.18068953813251573,0.04089208454903244
6031,urban+barren,aquamarine,26,26,0.09246575342465753,0.0010131332082551595,0.4173710511568292,0.09145262021640237
6031,urban+barren,auburn,2,2,0.010273972602739725,0.0001125703564727955,0.04637456123964769,0.01016140224626693
6031,urban+barren,beige,3,3,0.0136986301369863,0.000150093808630394,0.061832748319530256,0.013548536328355907
6031,urban+barren,cocoa,60,6765,0.2089041095890411,0.25388367729831146,-0.04073648057650569,0.04497956770927036
6031,urban+barren,foo,39,48,0.136986301369863,0.0018386491557223265,0.5905273675793176,0.13514765221414068
6031,urban+barren,grey,21,53,0.07534246575342465,0.002026266416510319,0.27242698202272086,0.07331619933691433
6031,urban+barren,olive,23,23,0.0821917808219178,0.000900562851782364,0.37099648991718154,0.08129121797013544
6031,urban+barren,purple,31,2180,0.1095890410958904,0.08183864915572232,0.03199865906014316,0.02775039194016808
6031,urban+barren,sienna,31,31,0.1095890410958904,0.001200750469043152,0.49466198655624205,0.10838829062684725
6031,urban+barren,yellow,18,18,0.06506849315068493,0.0007129455909943715,0.2937055545177687,0.06435554755969056
6031,urban+crop,aquamarine,2288,2288,0.07727886563133018,0.012094920556081013,0.14332408396793336,0.06518394507524918
6031,urban+crop,auburn,89,89,0.003038487508440243,0.0004755538881814291,0.005635285083929227,0.002562933620258814
6031,urban+crop,beige,340,340,0.011512491559756921,0.0018018208429985258,0.02135146904022074,0.009710670716758395
6031,urban+crop,cocoa,7544,18787,0.2547265361242404,0.09927451612391877,0.24002923769706588,0.15545202000032163
6031,urban+crop,emerald,54,54,0.0018568534773801485,0.0002906162649997622,0.0034437853290678615,0.0015662372123803863
6031,urban+crop,foo,4675,8689,0.15786630654962863,0.04591736986996243,0.19494989756206701,0.11194893667966621
6031,urban+crop,grey,2288,2491,0.07727886563133018,0.01316755877053468,0.13675765548256927,0.0641113068607955
6031,urban+crop,ivory,31,31,0.0010803511141120863,0.00016908582690895258,0.0020036569187303916,0.0009112652872031337
6031,urban+crop,navy,31,4444,0.0010803511141120863,0.023487078144071694,-0.0033265785925709213,0.022406727029959606
6031,urban+crop,olive,3761,3978,0.12700877785280215,0.02102476578971007,0.22843228957613113,0.10598401206309208
6031,urban+crop,purple,4097,7476,0.13835246455097908,0.03950796024369495,0.17339746800906392,0.09884450430728413
6031,urban+crop,sienna,3473,3597,0.11728561782579339,0.019011587663075355,0.21340862548131057,0.09827403016271803
6031,urban+crop,terracotta,56,14851,0.001924375422012154,0.07847695941411761,-0.007135975890869962,0.07655258399210546
6031,urban+crop,yellow,855,855,0.02889939230249831,0.004523045869814482,0.053597822576037984,0.02437634643268383
6031,urban+forest,aquamarine,12,12,0.04814814814814815,0.00019156241250755198,0.26610635456058673,0.04795658573564059
6031,urban+forest,cocoa,101,5738,0.37777777777777777,0.08456743733698775,0.5654414737213144,0.29321034044079003
6031,urban+forest,foo,28,422,0.10740740740740741,0.006233146191591884,0.3057618155595009,0.10117426121581552
6031,urban+forest,grey,5,29,0.022222222222222223,0.00044206710578665844,0.08705303054652155,0.021780155116435565
6031,urban+forest,olive,50,277,0.18888888888888888,0.004096488513623034,0.7236387744782379,0.18479240037526584
6031,urban+forest,purple,16,881,0.06296296296296296,0.012996772910127758,0.09934583250484783,0.0499661900528352
6031,urban+forest,sienna,16,29,0.06296296296296296,0.00044206710578665844,0.31222327496358415,0.0625208958571763
6031,urban+forest,yellow,4,4,0.018518518518518517,7.367785096444307e-05,0.10234859790791796,0.018444840667554075
6031,urban+grass,aquamarine,120,120,0.0648793565683646,0.000990739451900009,0.27131464638716424,0.0638886171164646
6031,urban+grass,auburn,7,7,0.004289544235924933,6.550343483636424e-05,0.017938158438820778,0.004224040801088569
6031,urban+grass,beige,30,30,0.016621983914209115,0.0002538258099909114,0.0695103639504305,0.016368158104218204
6031,urban+grass,cocoa,479,12666,0.257372654155496,0.10371650113402822,0.23391669476934648,0.15365615302146776
6031,urban+grass,emerald,3,3,0.0021447721179624667,3.275171741818212e-05,0.008969079219410389,0.0021120204005442844
6031,urban+grass,foo,213,398,0.11474530831099196,0.003266983812463666,0.4083610862278636,0.11147832449852829
6031,urban+grass,grey,213,617,0.11474530831099196,0.005060140341109137,0.3581569110635124,0.10968516796988283
6031,urban+grass,ivory,7,7,0.004289544235924933,6.550343483636424e-05,0.017938158438820778,0.004224040801088569
6031,urban+grass,navy,3,4870,0.0021447721179624667,0.03988340388599127,-0.006269012303778141,0.0377386317680288
6031,urban+grass,olive,170,622,0.09168900804289544,0.0051010799878818645,0.26488498030234126,0.08658792805501357
6031,urban+grass,purple,281,4691,0.1512064343163539,0.03841776453152762,0.20717187416331656,0.11278866978482627
6031,urban+grass,sienna,192,522,0.10348525469168901,0.004282287052427312,0.32959452482669216,0.0992029676392617
6031,urban+grass,terracotta,3,7900,0.0021447721179624667,0.06469282983026423,-0.0073064172987726515,0.06254805771230176
6031,urban+grass,yellow,106,106,0.05737265415549598,0.0008761084409363716,0.2399228691192279,0.05649654571455961
6031,urban+shrub,aquamarine,16,16,0.0776255707762557,0.0011884787472035794,0.3244145527358242,0.07643709202905212
6031,urban+shrub,cocoa,49,1804,0.228310502283105,0.12618847874720357,0.13537212380318706,0.10212202353590144
6031,urban+shrub,foo,16,113,0.0776255707762557,0.007969798657718121,0.17669424783285273,0.06965577211853759
6031,urban+shrub,grey,24,52,0.1141552511415525,0.0037052572706935123,0.3913021322959901,0.11044999387085899
6031,urban+shrub,olive,16,46,0.0776255707762557,0.0032857941834451903,0.24547445054351683,0.07433977659281052
6031,urban+shrub,purple,37,623,0.1735159817351598,0.0436241610738255,0.2395663252979114,0.1298918206613343
6031,urban+shrub,sienna,16,37,0.0776255707762557,0.002656599552572707,0.2619746538025234,0.074968971223683
6031,urban+shrub,yellow,7,7,0.0365296803652968,0.0005592841163310962,0.15266567187568197,0.035970396248965704
6033,crop,bar,1,28,0.038461538461538464,0.017354877318970677,0.03060712156105529,0.021106661142567786
6033,crop,coffee,2,99,0.057692307692307696,0.059844404548174746,-0.002112928113808571,0.00215209685586705
6033,crop,grey,3,248,0.07692307692307693,0.1490125673249551,-0.05086344041006542,0.07208949040187818
6033,crop,lavender,2,12,0.057692307692307696,0.007779772591262717,0.11559211968580037,0.04991253510104498
6033,crop,olive,1,106,0.038461538461538464,0.06403351286654697,-0.0196056863033844,0.02557197440500851
6033,crop,orange,3,41,0.07692307692307693,0.025134649910233394,0.08604296560388375,0.05178842701284353
6033,crop,plum,1,3,0.038461538461538464,0.0023937761819269898,0.1067994857482316,0.036067762279611476
6033,crop,sage,1,20,0.038461538461538464,0.012567324955116697,0.043021482801941874,0.025894213506421765
6033,forest,bar,3,10,0.00045192633600723084,0.00023266143530954546,0.000300049650261769,0.00021926490069768537
6033,forest,coffee,3810,7904,0.43057281663088914,0.1671989678292688,0.4072925739451666,0.26337384880162035
6033,forest,grey,562,1243,0.06360863179301773,0.02631189322955223,0.056149128603145554,0.037296738563465506
6033,forest,indigo,1,1,0.00022596316800361542,4.2302079147190086e-05,0.0003786093718890994,0.00018366108885642534
6033,forest,lavender,293,2851,0.033216585696531464,0.06032276486389306,-0.01981901595714461,0.027106179167361598
6033,forest,navy,293,309,0.033216585696531464,0.006556822267814463,0.053895346749009324,0.026659763428717002
6033,forest,olive,2790,7600,0.31533160094904533,0.16076905179889592,0.21242499730346695,0.15456254915014941
6033,forest,orange,1002,1608,0.11332052875381313,0.034032022673914426,0.13631535097882225,0.07928850607989871
6033,forest,plum,1,5,0.00022596316800361542,0.00012690623744157027,0.00013036345873395088,9.905693056204515e-05
6033,forest,sage,58,7081,0.006665913456106655,0.14979166226020008,-0.020745911918967835,0.14312574880409343
6033,grass,bar,1,7,0.011111111111111112,0.025396825396825397,-0.009185317479827421,0.014285714285714285
6033,grass,coffee,50,56,0.2833333333333333,0.18095238095238095,0.1270438766338062,0.10238095238095238
6033,grass,crimson,1,1,0.011111111111111112,0.006349206349206349,0.006217953199282474,0.004761904761904762
6033,grass,grey,42,44,0.2388888888888889,0.14285714285714285,0.12282553775512565,0.09603174603174605
6033,grass,lavender,10,12,0.06111111111111111,0.04126984126984127,0.023989881866637898,0.01984126984126984
6033,grass,navy,4,4,0.027777777777777776,0.015873015873015872,0.015544882998206184,0.011904761904761904
6033,grass,olive,16,28,0.09444444444444444,0.09206349206349207,0.0024114785227099924,0.0023809523809523725
6033,grass,orange,18,18,0.10555555555555556,0.06031746031746032,0.0590705553931835,0.04523809523809524
6033,shrub,bar,2,7,0.0032967032967032967,0.0007144132880871584,0.005041373463910604,0.0025822900086161383
6033,shrub,coffee,417,687,0.4593406593406593,0.061439542775495626,0.9240732729291763,0.3979011165651637
6033,shrub,crimson,6,6,0.007692307692307693,0.0006251116270762637,0.019308045156907254,0.007067196065231429
6033,shrub,grey,127,240,0.14065934065934066,0.021521700303625647,0.26405685462180645,0.11913764035571502
6033,shrub,lavender,62,685,0.06923076923076923,0.061260939453473835,0.008467128627479331,0.0079698297772954
6033,shrub,navy,33,33,0.03736263736263736,0.0030362564743704233,0.0937819336192638,0.034326380888266936
6033,shrub,olive,127,384,0.14065934065934066,0.0343811394891945,0.198165492751441,0.10627820117014616
6033,shrub,orange,96,102,0.10659340659340659,0.009198071084122164,0.26115681591775153,0.09739533550928442
6033,shrub,sage,2,1264,0.0032967032967032967,0.11296660117878192,-0.01165110739152385,0.10966989788207862
6033,urban+crop,coffee,4,815,0.11904761904761904,0.021782653960118522,0.20219162023450948,0.09726496508750052
6033,urban+forest,coffee,5505,9719,0.40175118569865015,0.12411256958986669,0.4719146128991777,0.2776386161087835
6033,urban+forest,crimson,512,766,0.03743159430864648,0.009793656468665406,0.05018754194247828,0.027637937839981076
6033,urban+forest,gold,46,200,0.0034294053265231665,0.0025665253588027987,0.0009939578803129687,0.0008628799677203678
6033,urban+forest,grey,512,1208,0.03743159430864648,0.015437458501455642,0.03315384392978318,0.02199413580719084
6033,urban+forest,lavender,1872,8863,0.13666545056548704,0.11318249144491548,0.02576615076295108,0.023482959120571564
6033,urban+forest,olive,2921,7301,0.21320685881065304,0.0932376525869554,0.176345786112854,0.11996920622369764
6033,urban+forest,orange,2197,3603,0.16037942356804086,0.046018693498135754,0.20023286205797908,0.1143607300699051
6033,urban+forest,plum,41,148,0.0030645749726377234,0.0019025486490627714,0.0014609273471786822,0.001162026323574952
6033,urban+forest,sage,61,9886,0.004523896388179497,0.12624495633076255,-0.015059374582789447,0.12172105994258305
6033,urban+grass,amber,3,4330,0.0013097576948264572,0.04573099909192659,-0.004653482947915693,0.04442124139710014
6033,urban+grass,bar,13,17,0.0045841519318926,0.00019006187569953328,0.014591404746274654,0.004394090056193067
6033,urban+grass,coffee,956,1602,0.31335952848722987,0.016926065930352882,0.9145386520994475,0.29643346255687697
6033,urban+grass,crimson,169,169,0.05566470203012443,0.0017950288260511478,0.1911706861137485,0.05386967320407328
6033,urban+grass,foo,3,3588,0.0013097576948264572,0.03789622621586806,-0.0044073469294913055,0.0365864685210416
6033,urban+grass,gold,169,169,0.05566470203012443,0.0017950288260511478,0.1911706861137485,0.05386967320407328
6033,urban+grass,grey,342,855,0.1123117223313687,0.00903849808882225,0.28300141800660084,0.10327322424254645
6033,urban+grass,lavender,459,9170,0.15062213490504256,0.09683652566891221,0.06653733235469508,0.05378560923613035
6033,urban+grass,navy,52,130,0.017354289456450556,0.0013832280953688257,0.043896282319823184,0.015971061361081732
6033,urban+grass,olive,342,3545,0.1123117223313687,0.03744218951280806,0.12337219308882184,0.07486953281856064
6033,urban+grass,orange,476,477,0.15618860510805502,0.005047198699132051,0.536075357891474,0.15114140640892296
6033,urban+grass,plum,19,34,0.006548788474132285,0.0003695647583046481,0.01882586353258469,0.006179223715827637
6033,urban+grass,sage,13,8414,0.0045841519318926,0.08885392688953181,-0.01358920785431552,0.08426977495763921
6033,urban+shrub,coffee,113,182,0.30727762803234504,0.04074816299265197,0.6208055614226552,0.26652946503969305
6033,urban+shrub,crimson,23,23,0.0646900269541779,0.005344021376085505,0.16131290202568,0.059346005578092394
6033,urban+shrub,gold,19,19,0.05390835579514825,0.00445335114673792,0.13442741835473332,0.04945500464841033
6033,urban+shrub,grey,23,109,0.0646900269541779,0.024493431307058562,0.0628270884120215,0.04019659564711934
6033,urban+shrub,lavender,63,525,0.1725067385444744,0.1171231351592073,0.06679641722518857,0.0553836033852671
6033,urban+shrub,olive,31,188,0.0862533692722372,0.04208416833667335,0.061896927070222076,0.044169200935563854
6033,urban+shrub,orange,61,77,0.16711590296495957,0.01736806947227789,0.3783594567865762,0.14974783349268167
6035,crop,alabaster,21,47,0.2682926829268293,0.21238938053097345,0.06268851558641553,0.055903302395855836
6035,crop,bar,1,4,0.024390243902439025,0.022123893805309734,0.0023786590276555558,0.002266350097129291
6035,crop,coffee,20,24,0.25609756097560976,0.11061946902654868,0.21498426417229702,0.14547809194906108
6035,crop,tan,1,1,0.024390243902439025,0.008849557522123894,0.024727213463610558,0.015540686380315132
6035,crop,verde,1,3,0.024390243902439025,0.017699115044247787,0.007821184669465549,0.006691128858191238
6035,forest,alabaster,79,3161,0.06606110652353427,0.1382899628252788,-0.048804128195307835,0.07222885630174454
6035,forest,bar,1,36,0.0016515276630883566,0.0016181937458998469,3.3674914045886434e-05,3.3333917188509794e-05
6035,forest,blue,1,1,0.0016515276630883566,8.746993221080254e-05,0.00485245399263264,0.001564057730877554
6035,forest,coffee,540,2841,0.4467382328654005,0.12429477367155041,0.5715197545302376,0.3224434591938501
6035,forest,lilac,79,366,0.06606110652353427,0.016050732560682266,0.09346494990311309,0.050010373962852
6035,forest,plum,1,2,0.0016515276630883566,0.0001312048983162038,0.004182817150174894,0.0015203227647721529
6035,forest,red,18,181,0.01568951279933939,0.00795976383118303,0.010646796455776599,0.007729748968156359
6035,forest,tan,10,309,0.009083402146985962,0.013557839492674393,-0.003638049094598959,0.0044744373456884305
6035,forest,terracotta,35,1691,0.02972749793559042,0.07399956265033894,-0.027111083014166662,0.044272064714748524
6035,forest,verde,409,4721,0.3385631709331131,0.2065165099497048,0.1673620455678802,0.1320466609834083
6035,grass,alabaster,77,93,0.26804123711340205,0.2618384401114206,0.006275693908718849,0.006202797001981453
6035,grass,bar,4,5,0.01718213058419244,0.016713091922005572,0.0004755595278837088,0.0004690386621868693
6035,grass,blue,9,9,0.03436426116838488,0.027855153203342618,0.007216464650061389,0.006509107965042265
6035,grass,coffee,81,81,0.281786941580756,0.22841225626740946,0.059175010130503386,0.05337468531334655
6035,grass,lilac,27,28,0.09621993127147767,0.0807799442896936,0.01682961663970604,0.015439986981784073
6035,grass,red,20,20,0.07216494845360824,0.0584958217270195,0.015154575765128901,0.013669126726588744
6035,grass,tan,4,11,0.01718213058419244,0.033426183844011144,-0.011434185842562087,0.016244053259818703
6035,grass,terracotta,4,9,0.01718213058419244,0.027855153203342618,-0.008301513045415102,0.010673022619150176
6035,grass,verde,27,28,0.09621993127147767,0.0807799442896936,0.01682961663970604,0.015439986981784073
6035,shrub,alabaster,95,301,0.07547169811320754,0.08124831853645413,-0.005566218830931984,0.005776620423246587
6035,shrub,bar,2,7,0.0023584905660377358,0.0021522733387140166,0.00021579522024872284,0.00020621722732371917
6035,shrub,blue,16,16,0.013364779874213837,0.0045735808447672855,0.01433140664210074,0.008791199029446552
6035,shrub,coffee,716,820,0.5636792452830188,0.22087705138552596,0.5280993364460047,0.3428021938974929
6035,shrub,lilac,94,148,0.07468553459119497,0.04008609093354856,0.04647359759824316,0.0345994436576464
6035,shrub,plum,1,2,0.0015723270440251573,0.0008071025020177562,0.001048524085360095,0.0007652245420074011
6035,shrub,red,95,98,0.07547169811320754,0.026634382566585957,0.07860790699852309,0.04883731554662159
6035,shrub,tan,24,63,0.019654088050314465,0.017218186709712133,0.0026006125767632396,0.002435901340602332
6035,shrub,terracotta,8,185,0.007075471698113208,0.05004035512510089,-0.01384100709891366,0.042964883426987684
6035,shrub,verde,183,263,0.14465408805031446,0.07102502017756256,0.10289434503004177,0.0736290678727519
6035,urban+crop,alabaster,1,2,0.038461538461538464,0.013953488372093023,0.03899727697838735,0.02450805008944544
6035,urban+crop,coffee,8,16,0.17307692307692307,0.07906976744186046,0.13558942087377207,0.09400715563506261
6035,urban+crop,lilac,1,23,0.038461538461538464,0.11162790697674418,-0.040981243855452494,0.07316636851520572
6035,urban+crop,red,2,2,0.057692307692307696,0.013953488372093023,0.08188813324305205,0.04373881932021467
6035,urban+crop,terracotta,1,2,0.038461538461538464,0.013953488372093023,0.03899727697838735,0.02450805008944544
6035,urban+crop,verde,1,1,0.038461538461538464,0.009302325581395349,0.05459208882870137,0.029159212880143115
6035,urban+forest,alabaster,188,3992,0.08741905642923219,0.10736468500443656,-0.017966190923975018,0.019945628575204377
6035,urban+forest,bar,8,142,0.004162812210915819,0.003845016267376516,0.0003305815076090359,0.00031779594353930274
6035,urban+forest,coffee,783,2074,0.36262719703977797,0.05579306821542846,0.6787386315237217,0.3068341288243495
6035,urban+forest,lilac,188,604,0.08741905642923219,0.01626737651582372,0.14699965721067798,0.07115167991340847
6035,urban+forest,plum,8,45,0.004162812210915819,0.0012368583797155227,0.0050520565788103825,0.0029259538312002963
6035,urban+forest,red,255,469,0.11840888066604996,0.012637466053615123,0.26493724501995175,0.10577141461243483
6035,urban+forest,tan,38,104,0.018038852913968548,0.00282326369282891,0.0334554766687742,0.015215589221139638
6035,urban+forest,terracotta,125,5095,0.058279370952821465,0.1370223978919631,-0.04982281352320569,0.07874302693914165
6035,urban+forest,verde,531,6742,0.24606845513413506,0.18130730553090801,0.07515333136463276,0.06476114960322704
6035,urban+grass,alabaster,143,594,0.07164179104477612,0.09115979776313773,-0.017261044182987448,0.01951800671836161
6035,urban+grass,bar,6,35,0.003482587064676617,0.0055155507890301825,-0.001601279921756669,0.0020329637243535655
6035,urban+grass,blue,63,63,0.031840796019900496,0.009805423624942546,0.03750249385336027,0.02203537239495795
6035,urban+grass,coffee,632,711,0.31492537313432833,0.10908533782748583,0.3338855208273381,0.2058400353068425
6035,urban+grass,lilac,323,569,0.16119402985074627,0.08732955415964455,0.09879902100738744,0.07386447569110172
6035,urban+grass,plum,25,40,0.012935323383084577,0.006281599509728819,0.009343664871333843,0.006653723873355758
6035,urban+grass,red,318,320,0.15870646766169155,0.04918032786885246,0.18593457414854678,0.1095261397928391
6035,urban+grass,tan,90,135,0.04527363184079602,0.02083652520300291,0.03513312237364345,0.024437106637793107
6035,urban+grass,terracotta,149,671,0.07462686567164178,0.10295694806189673,-0.024015697674984918,0.028330082390254946
6035,urban+grass,verde,190,276,0.09502487562189055,0.04243909912670446,0.07659657030512686,0.05258577649518609
6035,urban+grass,yellow,33,33,0.01691542288557214,0.005209131300750728,0.019923199859597642,0.01170629158482141
6035,urban+shrub,alabaster,34,105,0.056910569105691054,0.0803030303030303,-0.01959580482879093,0.023392461197339252
6035,urban+shrub,blue,19,19,0.032520325203252036,0.015151515151515152,0.02483787797638695,0.017368810051736884
6035,urban+shrub,coffee,222,244,0.36260162601626017,0.1856060606060606,0.24282644363855574,0.17699556541019956
6035,urban+shrub,lilac,88,129,0.14471544715447154,0.09848484848484848,0.05569615181705788,0.04623059866962306
6035,urban+shrub,plum,2,6,0.004878048780487805,0.005303030303030303,-0.00040747859811368273,0.0004249815225424985
6035,urban+shrub,red,84,85,0.13821138211382114,0.06515151515151515,0.10394445557871566,0.07305986696230599
6035,urban+shrub,tan,18,30,0.030894308943089432,0.023484848484848483,0.008471729962030354,0.007409460458240948
6035,urban+shrub,terracotta,66,143,0.10894308943089431,0.10909090909090909,-0.00014771946592862043,0.00014781966001477242
6035,urban+shrub,verde,40,44,0.06666666666666667,0.03409090909090909,0.04471162164719245,0.03257575757575758
6035,urban+shrub,yellow,4,4,0.008130081300813009,0.003787878787878788,0.006209469494096738,0.004342202512934221
6037,barren,azure,1,45,0.024390243902439025,0.00347983962478251,0.04749260986307309,0.020910404277656516
6037,barren,beige,2,2,0.036585365853658534,0.00022694606248581587,0.18595211781640777,0.03635841979117272
6037,barren,cocoa,22,6073,0.2804878048780488,0.45949012784628185,-0.13844519286966037,0.17900232296823304
6037,barren,ivory,4,4,0.06097560975609756,0.0003782434374763598,0.30992019636067963,0.0605973663186212
6037,barren,lemon,3,3,0.04878048780487805,0.0003025947499810878,0.24793615708854372,0.04847789305489696
6037,barren,lilac,1,1,0.024390243902439025,0.0001512973749905439,0.12396807854427186,0.02423894652744848
6037,barren,olive,6,7,0.08536585365853659,0.0006051894999621756,0.422489253583346,0.08476066415857442
6037,barren,terracotta,5,25,0.07317073170731707,0.001966865874877071,0.264611279379638,0.07120386583244
6037,crop,cocoa,1,651,0.05,0.291331546023235,-0.08812194733043867,0.24133154602323503
6037,crop,ivory,1,1,0.05,0.0008936550491510277,0.20122292173789674,0.04910634495084897
6037,forest,azure,19,758,0.0014650941322980001,0.012159564242230055,-0.0031004271423629715,0.010694470109932054
6037,forest,beige,56,56,0.004175518277049301,0.0009131688561358538,0.0063470924178332866,0.003262349420913447
6037,forest,cocoa,6350,23926,0.46524064171123,0.3833226529958347,0.09010674219307417,0.0819179887153953
6037,forest,foo,19,19,0.0014650941322980001,0.0003204101249599487,0.002227049971169574,0.0011446840073380514
6037,forest,ivory,1041,1041,0.07633140429272581,0.01669336751041333,0.11602930349793479,0.05963803678231248
6037,forest,lemon,19,21,0.0014650941322980001,0.0003524511374559436,0.0020874115859899904,0.0011126429948420564
6037,forest,lilac,307,307,0.022562449637389202,0.0049343159243832105,0.03429656955601144,0.017628133713005992
6037,forest,olive,4092,4162,0.2998315141747857,0.06669336751041333,0.4506813025330721,0.23313814666437238
6037,forest,sage,52,2305,0.0038824994505897003,0.03694328740788209,-0.00874690176259027,0.033060787957292385
6037,forest,sienna,4,4,0.00036627353307450004,8.010253123998718e-05,0.0005567624927923935,0.00028617100183451284
6037,forest,terracotta,1654,1660,0.12123653944765951,0.026610060877923742,0.18384965168211406,0.09462647856973577
6037,grass,azure,41,230,0.019562179785747556,0.023940304694787026,-0.003950882058717533,0.004378124909039469
6037,grass,beige,20,20,0.009781089892873778,0.0021763913358897294,0.01469885330553035,0.007604698556984049
6037,grass,cocoa,764,2686,0.35631113181183044,0.27847445331122395,0.08782285135294607,0.0778366785006065
6037,grass,foo,41,41,0.019562179785747556,0.004352782671779459,0.0293977066110607,0.015209397113968098
6037,grass,grey,18,96,0.008849557522123894,0.010052855218157321,-0.0011282233203127395,0.0012032976960334278
6037,grass,ivory,635,635,0.296227293898463,0.06591356617266038,0.4451652715389191,0.2303137277258026
6037,grass,lemon,41,42,0.019562179785747556,0.004456420354440875,0.02893739879027441,0.015105759431306681
6037,grass,olive,311,315,0.14531904983698182,0.032749507721007355,0.216531740274626,0.11256954211597447
6037,grass,sage,3,148,0.0018630647414997672,0.015442014716550937,-0.003940138203416797,0.01357894997505117
6037,grass,sienna,1,2,0.0009315323707498836,0.00031091304798424707,0.0010221869175905344,0.0006206193227656365
6037,grass,terracotta,234,324,0.10945505356311132,0.0336822468649601,0.12899749769430166,0.07577280669815122
6037,shrub,amber,7,940,0.0008453085376162299,0.027920363172417886,-0.002956390423004153,0.027075054634801657
6037,shrub,azure,375,1055,0.039729501267962805,0.031332522327389256,0.00943326974718506,0.008396978940573549
6037,shrub,beige,121,121,0.012890955198647506,0.003619855799187016,0.016372695557267416,0.00927109939946049
6037,shrub,cocoa,4079,12774,0.43110735418427726,0.3790463756935584,0.05548290423258282,0.052060978490718834
6037,shrub,grey,20,38,0.0022189349112426036,0.0011571670177728986,0.0014446431636510502,0.001061767893469705
6037,shrub,ivory,1427,1427,0.15088757396449703,0.042370115419992284,0.19164105947358911,0.10851745854450476
6037,shrub,lemon,761,766,0.0805156382079459,0.02275761801620034,0.10173565396661002,0.05775802019174556
6037,shrub,lilac,150,150,0.01595519864750634,0.004480313325223274,0.020264565812683447,0.011474885322283065
6037,shrub,olive,1427,1452,0.15088757396449703,0.043111889149333886,0.1890223270646885,0.10777568481516314
6037,shrub,sage,20,698,0.0022189349112426036,0.020739993472391183,-0.0049594006886510885,0.01852105856114858
6037,shrub,sienna,12,15,0.0013736263736263737,0.00047473518677862507,0.0014594125861447603,0.0008988911868477486
6037,shrub,terracotta,1027,1255,0.10862214708368555,0.037266712162122066,0.11620123854818229,0.07135543492156349
6037,urban,amber,6280,114463,0.0033204799761471014,0.03650421381549784,-0.007960247601921794,0.033183733839350735
6037,urban,auburn,4612,4612,0.0024386839882131156,0.001471151963332502,0.001232542108375503,0.0009675320248806135
6037,urban,azure,73474,82084,0.03884290180662447,0.026178085608096344,0.015327514660747159,0.012664816198528123
6037,urban,beige,39323,39323,0.02078881620474584,0.012540988468694409,0.010506933854272335,0.00824782773605143
6037,urban,cocoa,569900,888300,0.3012808245321142,0.28329194887930303,0.018548298014321313,0.017988875652811154
6037,urban,foo,145016,145016,0.07666391413802327,0.04624800439336429,0.03874692367879693,0.030415909744658985
6037,urban,grey,10141,12873,0.005361615653253288,0.00410570352827718,0.0014309521975811672,0.0012559121249761081
6037,urban,ivory,218355,218355,0.11543491890966032,0.0696368649697446,0.05834228584791703,0.04579805393991572
6037,urban,lavender,4612,16094,0.0024386839882131156,0.005132926696257667,-0.0018149111983000738,0.0026942427080445517
6037,urban,lemon,181542,184270,0.09597355457883669,0.0587666688565453,0.04707482144658826,0.03720688572229139
6037,urban,lilac,145016,145016,0.07666391413802327,0.04624800439336429,0.03874692367879693,0.030415909744658985
6037,urban,olive,181542,181841,0.09597355457883669,0.05799202586523062,0.04834832544457251,0.03798152871360607
6037,urban,sage,6280,15989,0.0033204799761471014,0.00509944068798758,-0.0014245573701039162,0.001778960711840479
6037,urban,sienna,14347,14470,0.0075851371911731585,0.004615009768346984,0.0037688780519012817,0.0029701274228261746
6037,urban,terracotta,291116,296676,0.15390036128260082,0.09461455690994942,0.07487160937919964,0.05928580437265139
6037,urban+barren,amber,23,11947,0.003116073747078681,0.11348784194528876,-0.011202665022499397,0.11037176819821007
6037,urban+barren,auburn,2,2,0.00038950921838483513,2.849544072948328e-05,0.0010186224742343378,0.0003610137776553519
6037,urban+barren,azure,38,153,0.005063619839002856,0.0014627659574468085,0.0062877624720997114,0.0036008538815560476
6037,urban+barren,beige,205,205,0.026746299662425345,0.0019566869300911855,0.06994540989742454,0.02478961273233416
6037,urban+barren,cocoa,2362,25331,0.3068034276811218,0.24061550151975683,0.0745553841508068,0.06618792616136496
6037,urban+barren,foo,362,362,0.04713061542456505,0.003447948328267477,0.12325331938235488,0.043682667096297575
6037,urban+barren,grey,24,167,0.003245910153206959,0.0015957446808510637,0.0023047756350598274,0.0016501654723558954
6037,urban+barren,ivory,886,886,0.11516489223578291,0.00842515197568389,0.3011727115486192,0.10673974026009903
6037,urban+barren,lavender,8,199,0.0011685276551545052,0.001899696048632219,-0.0005678452626912162,0.0007311683934777137
6037,urban+barren,lemon,957,1200,0.12438327707089068,0.011407674772036474,0.29716177223786155,0.11297560229885421
6037,urban+barren,lilac,597,597,0.07764217086471047,0.005680091185410335,0.203045413197378,0.07196207967930013
6037,urban+barren,olive,955,957,0.12412360425863413,0.009099544072948329,0.324341626889792,0.1150240601856858
6037,urban+barren,sage,24,192,0.003245910153206959,0.0018332066869300911,0.001854482823122582,0.001412703466276868
6037,urban+barren,sienna,43,43,0.005712801869644248,0.00041793313069908816,0.014939796288770287,0.00529486873894516
6037,urban+barren,terracotta,1178,1293,0.1530771228252402,0.012291033434650456,0.38607150352922626,0.14078608939058973
6037,urban+crop,beige,2,2,0.03529411764705882,0.00010462439840970915,0.20545040510526694,0.03518949324864911
6037,urban+crop,cocoa,17,5683,0.21176470588235294,0.19822836018692894,0.013988346351897218,0.013536345695424001
6037,urban+crop,foo,4,4,0.058823529411764705,0.00017437399734951525,0.3424173418421116,0.05864915541441519
6037,urban+crop,ivory,4,4,0.058823529411764705,0.00017437399734951525,0.3424173418421116,0.05864915541441519
6037,urban+crop,lemon,4,96,0.058823529411764705,0.0033828555485805956,0.16798951442627144,0.05544067386318411
6037,urban+crop,lilac,4,4,0.058823529411764705,0.00017437399734951525,0.3424173418421116,0.05864915541441519
6037,urban+crop,olive,4,39,0.058823529411764705,0.001394991978796122,0.2200972511550624,0.057428537432968586
6037,urban+crop,terracotta,8,759,0.10588235294117647,0.026504847597126315,0.14664715998053712,0.07937750534405015
6037,urban+forest,amber,36,5226,0.0003063395732772539,0.0235907388184321,-0.0013307131556121274,0.023284399245154845
6037,urban+forest,auburn,13,13,0.00011591227096977174,6.318544929367694e-05,7.033088065170182e-05,5.2726821676094796e-05
6037,urban+forest,beige,744,744,0.006168188705177139,0.003362368551699237,0.003742607577536989,0.0028058201534779015
6037,urban+forest,cocoa,45555,77094,0.3771785297356372,0.3479487295211446,0.030424536212284282,0.02922980021449262
6037,urban+forest,foo,4713,4713,0.039029317525107424,0.02127544342645665,0.02368141224229445,0.017753874098650774
6037,urban+forest,grey,36,86,0.0003063395732772539,0.000392652434896421,-7.60428645716615e-05,8.631286161916714e-05
6037,urban+forest,ivory,7262,7262,0.060133630289532294,0.032779708444283975,0.03648665615523644,0.02735392184524832
6037,urban+forest,lavender,44,1808,0.000372575156688552,0.008164462698018685,-0.0011501795297297474,0.0077918875413301334
6037,urban+forest,lemon,7262,7298,0.060133630289532294,0.03294218531389628,0.03618933228479652,0.02719144497563601
6037,urban+forest,lilac,8513,8513,0.07049121964547404,0.03842577966331182,0.042771222704899234,0.03206543998216222
6037,urban+forest,olive,29016,29116,0.24024474048070474,0.13141219479171368,0.14494427601208634,0.10883254568899106
6037,urban+forest,sage,542,4795,0.004495740224041861,0.021645529629462472,-0.007065813824484273,0.017149789405420612
6037,urban+forest,sienna,154,160,0.0012833144285939013,0.0007266326668772848,0.0007299240044717451,0.0005566817617166165
6037,urban+forest,terracotta,16853,17890,0.13954181535175234,0.08074649095094101,0.07633632253253346,0.058795324400811325
6037,urban+grass,amber,194,12351,0.0018135992038764521,0.04091692063071419,-0.005651592797724531,0.03910332142683774
6037,urban+grass,auburn,26,26,0.0002511137359213549,8.943951238902876e-05,0.0002592356104614512,0.00016167422353232616
6037,urban+grass,azure,847,9174,0.00788683140967811,0.03039287133960514,-0.010639443045830968,0.02250603992992703
6037,urban+grass,beige,1099,1099,0.010230559611610755,0.00364383198621969,0.010561450796577642,0.006586727625391066
6037,urban+grass,cocoa,32444,55607,0.30175500599882815,0.18420564462700412,0.14893501017778416,0.11754936137182403
6037,urban+grass,foo,4086,4086,0.03801117921150287,0.01353849211607261,0.03924059036873893,0.02447268709543026
6037,urban+grass,grey,122,238,0.001143962574752839,0.0007917053133695508,0.00042105168538501234,0.0003522572613832882
6037,urban+grass,ivory,11606,11606,0.10795100491996912,0.03844905260368358,0.11144250854170608,0.06950195231628553
6037,urban+grass,lavender,112,14748,0.0010509574873745595,0.04885716178614019,-0.004034835285650964,0.04780620429876563
6037,urban+grass,lemon,14856,14942,0.13817765831790998,0.049499801245528025,0.14184925729451023,0.08867785707238196
6037,urban+grass,lilac,9639,9639,0.08965690423266152,0.03193321849741619,0.09255671425364406,0.057723685735245334
6037,urban+grass,olive,13806,14130,0.12841212414319064,0.046809990724791306,0.1295868580846697,0.08160213341839934
6037,urban+grass,sage,190,14502,0.0017763971689251402,0.04804226845104015,-0.0058576589447265365,0.04626587128211501
6037,urban+grass,sienna,300,441,0.0027994531300862156,0.00146415794355373,0.0018144481693907833,0.0013352951865324857
6037,urban+grass,terracotta,18156,26342,0.16886933715274224,0.08726315092089572,0.11148702747219078,0.08160618623184653
6037,urban+other,azure,6,6,0.04294478527607362,0.02064896755162242,0.031446315006232,0.022295817724451203
6037,urban+other,cocoa,38,75,0.2392638036809816,0.22418879056047197,0.015570860639651074,0.015075013120509628
6037,urban+other,foo,10,10,0.06748466257668712,0.032448377581120944,0.049415637866935994,0.03503628499556617
6037,urban+other,ivory,15,15,0.09815950920245399,0.0471976401179941,0.071877291442816,0.05096186908445989
6037,urban+other,lemon,12,12,0.07975460122699386,0.038348082595870206,0.058400299297287996,0.04140651863112366
6037,urban+other,lilac,12,12,0.07975460122699386,0.038348082595870206,0.058400299297287996,0.04140651863112366
6037,urban+other,olive,12,12,0.07975460122699386,0.038348082595870206,0.058400299297287996,0.04140651863112366
6037,urban+other,terracotta,20,20,0.12883435582822086,0.061946902654867256,0.094338945018696,0.06688745317335361
6037,urban+shrub,amber,70,4246,0.0013068286397938523,0.04184607502143047,-0.004529983856722519,0.04053924638163662
6037,urban+shrub,auburn,39,39,0.0007362414872078042,0.00039412361687243206,0.00046007256693264044,0.0003421178703353721
6037,urban+shrub,azure,1541,1867,0.02838210933186085,0.018405572907942577,0.012292447635370697,0.009976536423918273
6037,urban+shrub,beige,644,644,0.011871893981225842,0.006355243322067967,0.007418670141788826,0.005516650659157875
6037,urban+shrub,cocoa,15390,26902,0.28328731824038283,0.26507769161797595,0.01882123618748691,0.018209626622406883
6037,urban+shrub,foo,3735,3735,0.06876495490520891,0.036811145815885155,0.04297077775150862,0.031953809089323756
6037,urban+shrub,grey,68,99,0.001270016565433462,0.00098530904218108,0.0003223681557617238,0.0002847075232523821
6037,urban+shrub,ivory,4799,4799,0.0883489784649365,0.04729483402469185,0.05520870803191686,0.041054144440244654
6037,urban+shrub,lavender,70,602,0.0013068286397938523,0.005941413524351913,-0.001978987790375895,0.004634584884558061
6037,urban+shrub,lemon,5788,5820,0.10655254923614946,0.057354839345360675,0.06599663098146849,0.04919770989078878
6037,urban+shrub,lilac,5791,5791,0.10660776734769004,0.05706909972312816,0.06661850769184632,0.049538667624561876
6037,urban+shrub,olive,5786,5796,0.10651573716178907,0.05711836517523721,0.06637709709539116,0.049397371986551857
6037,urban+shrub,sage,71,482,0.0013252346769740476,0.0047590426737346165,-0.0016942555104586525,0.0034338079967605687
6037,urban+shrub,sienna,203,216,0.003754831584759801,0.002138120621532944,0.0021144065099459454,0.0016167109632268572
6037,urban+shrub,terracotta,10297,10773,0.1895453708816492,0.10615719620458956,0.10988086198336872,0.08338817467705963
6039,crop,bar,21,336,0.04119850187265917,0.05038875598086125,-0.008295984168864182,0.009190254108202074
6039,crop,coffee,197,1424,0.3707865168539326,0.21306818181818182,0.20542101545249655,0.15771833503575078
6039,crop,gray,169,1030,0.31835205992509363,0.1541566985645933,0.23086517921797675,0.16419536136050034
6039,crop,lavender,32,145,0.06179775280898876,0.021830143540669856,0.06430521242240085,0.03996760926831891
6039,crop,navy,5,381,0.011235955056179775,0.057117224880382775,-0.01826951487161997,0.045881269824203
6039,crop,olive,32,411,0.06179775280898876,0.06160287081339713,0.0001951899277205671,0.00019488199559163089
6039,crop,orange,33,517,0.06367041198501873,0.07745215311004784,-0.012475606109597906,0.013781741125029112
6039,crop,plum,1,7,0.003745318352059925,0.0011961722488038277,0.0042748312909530045,0.0025491461032560976
6039,crop,sage,1,74,0.003745318352059925,0.011214114832535885,-0.004107365607385852,0.007468796480475959
6039,crop,scarlet,5,5,0.011235955056179775,0.0008971291866028708,0.028400835009037555,0.010338825869576905
6039,forest,bar,13,14,0.0021594940613913313,0.0005124701059104886,0.003106187888683601,0.0016470239554808427
6039,forest,coffee,2999,3707,0.46274872744099954,0.12668261018107277,0.5994906874018681,0.33606611725992674
6039,forest,gray,646,731,0.09979947555144224,0.02500854116843184,0.138117036593813,0.0747909343830104
6039,forest,lavender,177,240,0.02745642449483264,0.008233686368295183,0.033067593788925057,0.019222738126537457
6039,forest,navy,67,318,0.010488971155329322,0.010898530919029724,-0.0004017660173762991,0.00040955976370040184
6039,forest,olive,2142,7639,0.3305568409686873,0.26101810727707553,0.07807383940871777,0.06953873369161179
6039,forest,orange,318,1029,0.04920561468455962,0.03518961393918688,0.016496514759679094,0.014016000745372736
6039,forest,plum,3,3,0.0006169983032546661,0.0001366586949094636,0.0009300507385537165,0.00048033960834520243
6039,forest,sage,78,147,0.012185716489279654,0.005056371711650153,0.010718742826452807,0.007129344777629501
6039,forest,scarlet,2,2,0.00046274872744099955,0.00010249402118209771,0.0006975380539152873,0.00036025470625890185
6039,grass,coffee,5,88,0.12,0.12258953168044077,-0.0025619869328921845,0.002589531680440779
6039,grass,gray,5,46,0.12,0.06473829201101929,0.07405666522975757,0.05526170798898071
6039,grass,olive,1,17,0.04,0.024793388429752067,0.019132097282417226,0.015206611570247934
6039,grass,orange,1,51,0.04,0.07162534435261708,-0.023302781144993283,0.03162534435261708
6039,shrub,bar,3,34,0.002664890073284477,0.00538627269929209,-0.0018752586696174267,0.0027213826260076126
6039,shrub,coffee,731,1387,0.4876748834110593,0.21360418590335487,0.402587446024508,0.2740706975077044
6039,shrub,gray,217,387,0.145236508994004,0.05971068020929517,0.1290938497614824,0.08552582878470884
6039,shrub,lavender,93,223,0.0626249167221852,0.03447214527546937,0.03738780267221284,0.02815277144671583
6039,shrub,navy,35,404,0.023984010659560292,0.062326869806094184,-0.022904855953347392,0.03834285914653389
6039,shrub,olive,215,375,0.14390406395736177,0.057863958140966454,0.13110410670233744,0.08604010581639532
6039,shrub,orange,164,710,0.10992671552298468,0.10941828254847645,0.0005096124146118471,0.0005084329745082272
6039,shrub,sage,3,20,0.002664890073284477,0.003231763619575254,-0.0005139645356640873,0.0005668735462907768
6039,shrub,scarlet,2,2,0.001998667554963358,0.0004616805170821791,0.0029287732536887085,0.0015369870378811787
6039,urban+crop,amber,23,3914,0.0015798828253571194,0.04145094177810247,-0.005161729843760396,0.03987105895274535
6039,urban+crop,bar,36,142,0.0024356526890922255,0.0015140446166714311,0.0011579827024683954,0.0009216080724207944
6039,urban+crop,coffee,4477,22002,0.2947798038312158,0.23296170420015033,0.06937777383742598,0.06181809963106549
6039,urban+crop,foo,29,92,0.001974853531696399,0.0009846583870660357,0.0013744086911243823,0.0009901951446303634
6039,urban+crop,gold,1028,2010,0.06773747613718649,0.021291914154729006,0.07839340787724168,0.04644556198245749
6039,urban+crop,gray,1458,5910,0.09604371009150155,0.06258404006394985,0.0411348589790648,0.033459670027551694
6039,urban+crop,indigo,9,65,0.0006582845105654664,0.0006987898230791221,-3.930800472577813e-05,4.050531251365572e-05
6039,urban+crop,lavender,2052,9991,0.13514581001909026,0.10579254412434223,0.0330937253913561,0.02935326589474803
6039,urban+crop,navy,575,4071,0.03791718780857086,0.04311321453906341,-0.0048695163034076635,0.005196026730492548
6039,urban+crop,olive,1458,6403,0.09604371009150155,0.06780378828785906,0.03344101122490957,0.028239921803642487
6039,urban+crop,orange,2761,17394,0.18181818181818182,0.1841734692797171,-0.002340162647882646,0.002355287461535266
6039,urban+crop,plum,58,354,0.003883878612336252,0.003758642230198308,0.00012729999970650333,0.00012523638213794404
6039,urban+crop,sage,36,142,0.0024356526890922255,0.0015140446166714311,0.0011579827024683954,0.0009216080724207944
6039,urban+crop,scarlet,1153,1153,0.07596603251925482,0.012218234179292528,0.13881705057913776,0.06374779833996229
6039,urban+forest,bar,13,14,0.0021141649048625794,0.0006926167059149467,0.0023592778376598897,0.0014215481989476326
6039,urban+forest,coffee,2599,4904,0.39263062518876474,0.22648566283418756,0.216020517343173,0.16614496235457718
6039,urban+forest,gray,574,764,0.0868317728782845,0.03532345200166228,0.07809871036103351,0.05150832087662222
6039,urban+forest,lavender,880,1326,0.13304137722742373,0.06127349124994228,0.10314869337781168,0.07176788597748146
6039,urban+forest,olive,1692,4092,0.25566294170945336,0.18899201182065845,0.07724988583796347,0.06667092988879492
6039,urban+forest,orange,693,2406,0.10480217456961644,0.11114189407581844,-0.006155365882191878,0.0063397195062020045
6039,urban+forest,plum,20,44,0.003171247357293869,0.00207785011774484,0.001340775591923411,0.001093397239549029
6039,urban+forest,sage,98,150,0.014950166112956811,0.006972341506210463,0.01140355767139153,0.007977824606746349
6039,urban+forest,scarlet,15,15,0.0024161884627000906,0.0007387911529759431,0.0028630173088494814,0.0016773973097241475
6039,urban+grass,bar,2,19,0.0013192612137203166,0.001174053419430584,0.00015383861596135134,0.00014520779428973257
6039,urban+grass,coffee,659,1942,0.29023746701846964,0.11405928969768124,0.27107629170722386,0.1761781773207884
6039,urban+grass,gold,121,231,0.05364995602462621,0.013619019665394775,0.0735548048020611,0.04003093635923143
6039,urban+grass,gray,295,588,0.13016710642040458,0.034575873202230704,0.172557707225721,0.09559123321817387
6039,urban+grass,lavender,394,976,0.17370272647317503,0.057352509539184034,0.19248498839663822,0.116350216933991
6039,urban+grass,olive,245,736,0.10817941952506596,0.043263868506017024,0.09914354955311895,0.06491555101904894
6039,urban+grass,orange,361,2825,0.15919085312225154,0.16589374816554153,-0.006565619093909424,0.006702895043289997
6039,urban+grass,plum,7,44,0.003518029903254178,0.0026416201937188143,0.0010079462012105604,0.0008764097095353635
6039,urban+grass,scarlet,152,152,0.06728232189973615,0.008981508658643968,0.1354884069195434,0.05830081324109218
6039,urban+shrub,coffee,542,813,0.37892533147243546,0.1617004370282082,0.3226904257338291,0.21722489444422727
6039,urban+shrub,gold,3,18,0.0027913468248429866,0.0037743345252284465,-0.0008421489746809785,0.00098298770038546
6039,urban+shrub,gray,127,192,0.08932309839497557,0.038339292808899486,0.07554812095524986,0.050983805586076084
6039,urban+shrub,lavender,244,367,0.17096999302163293,0.07310290027810885,0.14525952893196575,0.09786709274352408
6039,urban+shrub,olive,186,257,0.13049546406140963,0.05125148986889154,0.12196024900391553,0.0792439741925181
6039,urban+shrub,orange,257,939,0.18004187020237264,0.18673023440603895,-0.0065671248839068224,0.006688364203666308
6039,urban+shrub,scarlet,36,36,0.025819958129797628,0.007350019864918554,0.03244135078233239,0.018469938264879075
6041,forest,bar,6,15,0.0002667174699942846,0.00021977116327623862,5.1637327749758554e-05,4.6946306718046e-05
6041,forest,coffee,10726,10763,0.40872547151838445,0.14785105009408953,0.4156077394532891,0.26087442142429496
6041,forest,gray,2104,2104,0.08020575347685273,0.028913643668530144,0.08183245997589289,0.051292109808322585
6041,forest,lavender,2634,6836,0.10040007620499143,0.09391096520747771,0.006708312566518813,0.006489110997513717
6041,forest,olive,7469,7708,0.2846256429796152,0.10588849360603272,0.2814344743801759,0.17873714937358245
6041,forest,orange,3155,3163,0.12025147647170889,0.04345974753787619,0.12238594276674286,0.07679172893383271
6041,forest,plum,10,10,0.00041912745284816157,0.00015109267475241404,0.00042762805688115066,0.00026803477809574756
6041,forest,sage,103,12714,0.0039626595542008,0.17464939631608586,-0.015002094550144,0.17068673676188506
6041,grass,coffee,44,44,0.25139664804469275,0.06008010680907877,0.3598373910359827,0.19131654123561398
6041,grass,gray,44,44,0.25139664804469275,0.06008010680907877,0.3598373910359827,0.19131654123561398
6041,grass,lavender,11,20,0.0670391061452514,0.028037383177570093,0.05844049540163408,0.0390017229676813
6041,grass,navy,7,8,0.0446927374301676,0.012016021361815754,0.058707045453411454,0.032676716068351847
6041,grass,olive,22,22,0.12849162011173185,0.030707610146862484,0.1839168887517245,0.09778400996486936
6041,grass,orange,13,13,0.0782122905027933,0.018691588785046728,0.11194941054452796,0.059520701717746566
6041,shrub,coffee,303,303,0.41530054644808745,0.01654421768707483,1.338499462126225,0.39875632876101264
6041,shrub,crimson,5,5,0.00819672131147541,0.00032653061224489796,0.02641775254196497,0.007870190699230513
6041,shrub,gray,115,115,0.15846994535519127,0.006312925170068027,0.5107432158113226,0.15215702018512323
6041,shrub,lavender,75,1500,0.10382513661202186,0.08168707482993197,0.024898546757810412,0.022138061782089893
6041,shrub,navy,29,32,0.040983606557377046,0.0017959183673469388,0.1281826077998115,0.03918768819003011
6041,shrub,olive,109,142,0.15027322404371585,0.007782312925170068,0.44489913937396974,0.14249091111854578
6041,shrub,orange,58,58,0.08060109289617487,0.0032108843537414964,0.2597745666626555,0.07739020854243338
6041,urban,amber,1,2453,0.001304631441617743,0.008330476167845177,-0.0024187867408758832,0.007025844726227434
6041,urban,bar,9,1039,0.006523157208088715,0.0035304381477420472,0.004004804361958083,0.0029927190603466674
6041,urban,coffee,502,61360,0.32811480756686234,0.20829924536884592,0.14909138024378357,0.11981556219801642
6041,urban,crimson,123,123,0.08088714938030006,0.0004209368560769364,0.42533111452763456,0.08046621252422312
6041,urban,foo,9,895,0.006523157208088715,0.003041608250362379,0.004976986874420495,0.0034815489577263354
6041,urban,gold,41,7105,0.0273972602739726,0.024122397574860566,0.0034877328638888414,0.0032748626991120355
6041,urban,gray,123,123,0.08088714938030006,0.0004209368560769364,0.42533111452763456,0.08046621252422312
6041,urban,indigo,1,225,0.001304631441617743,0.0007671913667208679,0.000692680481561913,0.000537440074896875
6041,urban,lavender,206,40324,0.1350293542074364,0.13688934452663273,-0.0018472963424580506,0.0018599903191963418
6041,urban,navy,41,5357,0.0273972602739726,0.018188545765001816,0.011223314411187974,0.009208714508970785
6041,urban,olive,123,18063,0.08088714938030006,0.06132099490462725,0.022400295625308167,0.01956615447567281
6041,urban,orange,288,36319,0.18851924331376385,0.12329376300576073,0.08005097591163116,0.06522548030800313
6041,urban,plum,19,1873,0.01304631441617743,0.006361577970065958,0.009370244208547556,0.006684736446111471
6041,urban,sage,9,11240,0.006523157208088715,0.03815928386420034,-0.011522573950673218,0.031636126656111624
6041,urban+barren,coffee,85,224,0.3028169014084507,0.25951557093425603,0.04672817045593106,0.043301330474194655
6041,urban+barren,crimson,19,19,0.07042253521126761,0.02306805074971165,0.07859610835347436,0.04735448446155596
6041,urban+barren,foo,1,1,0.007042253521126761,0.002306805074971165,0.007859610835347437,0.004735448446155596
6041,urban+barren,gold,11,22,0.04225352112676056,0.0265282583621684,0.01966804954133182,0.015725262764592164
6041,urban+barren,gray,17,17,0.06338028169014084,0.020761245674740483,0.07073649751812693,0.04261903601540036
6041,urban+barren,lavender,33,124,0.11971830985915492,0.14417531718569782,-0.022254253937575137,0.024457007326542893
6041,urban+barren,navy,10,14,0.03873239436619718,0.01730103806228374,0.03121481659672696,0.02143135630391344
6041,urban+barren,olive,19,71,0.07042253521126761,0.08304498269896193,-0.01161050048188228,0.012622447487694324
6041,urban+barren,orange,47,116,0.16901408450704225,0.13494809688581316,0.03804368699653021,0.03406598762122909
6041,urban+barren,plum,3,6,0.014084507042253521,0.008073817762399077,0.007837309164562158,0.006010689279854445
6041,urban+barren,sage,1,27,0.007042253521126761,0.03229527104959631,-0.010725299936591005,0.025253017528469545
6041,urban+forest,bar,119,121,0.002709170542285637,0.0008189513395224574,0.003241178831844671,0.0018902192027631794
6041,urban+forest,coffee,18631,20580,0.42064387953221655,0.13815440589107947,0.4683510540862382,0.2824894736411371
6041,urban+forest,crimson,1679,1679,0.037928387591998916,0.011277362708178102,0.046003433416856095,0.026651024883820814
6041,urban+forest,foo,34,162,0.0007901747414999775,0.001094172691329185,-0.0002572016499069296,0.00030399794982920744
6041,urban+forest,gray,2967,2967,0.06700681807919809,0.01992334078444798,0.0812727323697791,0.04708347729475011
6041,urban+forest,lavender,5037,18665,0.11374000993362532,0.12529955494693598,-0.011009132229511331,0.011559545013310663
6041,urban+forest,olive,9221,11029,0.2081997561746512,0.07404125635190742,0.2152526330426156,0.13415849982274378
6041,urban+forest,orange,5774,6310,0.13037883234749628,0.04236395003054286,0.1465649135644699,0.08801488231695342
6041,urban+forest,plum,290,292,0.006569738565042669,0.0019668257580334426,0.007923453474437398,0.004602912807009227
6041,urban+forest,sage,504,21796,0.011401092698785389,0.14631706842271314,-0.029096349783154438,0.13491597572392774
6041,urban+grass,coffee,816,816,0.2806595671590519,0.0031291052750510345,1.2619563645748504,0.2775304618840008
6041,urban+grass,crimson,230,230,0.07935417382342838,0.0008847286640597173,0.3568077358834645,0.07846944515936867
6041,urban+grass,gold,203,417,0.07007901064926142,0.0016009375825842503,0.2648309556847341,0.06847807306667716
6041,urban+grass,gray,316,316,0.10889728615596016,0.0012141081666966684,0.489645247943975,0.1076831779892635
6041,urban+grass,lavender,465,34032,0.1600824458948815,0.1303461931772483,0.03289614766728888,0.029736252717633194
6041,urban+grass,navy,67,156,0.023359670216420474,0.000601309092023271,0.08548838578426222,0.022758361124397202
6041,urban+grass,olive,286,693,0.09859154929577464,0.0026580159863958605,0.35625125399921703,0.09593353330937879
6041,urban+grass,orange,490,490,0.16867055994503607,0.0018805271604039877,0.7584095165315197,0.1667900327846321
6041,urban+shrub,amber,1,751,0.005420054200542005,0.06267188932411034,-0.013267247671902616,0.05725183512356834
6041,urban+shrub,bar,3,12,0.01084010840108401,0.0010834236186348862,0.024966145816609383,0.009756684782449124
6041,urban+shrub,coffee,96,279,0.26287262872628725,0.023335277939828317,0.636599518580015,0.23953735078645894
6041,urban+shrub,crimson,17,17,0.04878048780487805,0.0015001250104175348,0.1698430218499445,0.04728036279446052
6041,urban+shrub,foo,1,135,0.005420054200542005,0.01133427785648804,-0.0039985135894430625,0.005914223655946035
6041,urban+shrub,gold,17,50,0.04878048780487805,0.004250354196183016,0.11904039380954638,0.04453013360869504
6041,urban+shrub,gray,39,39,0.10840108401084012,0.0033336111342611883,0.3774289374443211,0.10506747287657893
6041,urban+shrub,lavender,46,1501,0.12737127371273713,0.12517709809150762,0.0022132946167005307,0.002194175621229505
6041,urban+shrub,navy,11,27,0.032520325203252036,0.002333527793982832,0.08567427926948482,0.030186797409269203
6041,urban+shrub,olive,39,123,0.10840108401084012,0.010334194516209684,0.2547837221065324,0.09806688949463044
6041,urban+shrub,orange,52,142,0.14363143631436315,0.011917659804983749,0.357531569795263,0.1317137765093794
6041,urban+shrub,plum,6,6,0.018970189701897018,0.000583381948495708,0.06605006405275618,0.01838680775340131
6041,urban+shrub,sage,3,847,0.01084010840108401,0.0706725560463372,-0.020323082132771283,0.05983244764525318
6043,forest,aquamarine,84,832,0.043191056910569105,0.02998883968751125,0.015756449819782366,0.013202217223057856
6043,forest,coffee,39,3689,0.02032520325203252,0.13284371962414948,-0.038156742711721106,0.11251851637211696
6043,forest,ivory,89,101,0.04573170731707317,0.0036721028188789286,0.11533661883612586,0.04205960449819424
6043,forest,lilac,87,87,0.044715447154471545,0.0031680887064837815,0.11837030876643716,0.041547358447987764
6043,forest,olive,306,7026,0.1559959349593496,0.2529790834143356,-0.07542042513466465,0.09698314845498601
6043,forest,orange,89,496,0.04573170731707317,0.01789250099002772,0.04291509995751193,0.027839206327045448
6043,forest,sage,1,1884,0.0010162601626016261,0.06786190013320373,-0.004269659936807122,0.0668456399706021
6043,forest,tan,1235,1235,0.6280487804878049,0.04449724592288584,1.6625647913104125,0.583551534564919
6043,grass,ivory,1,1,0.05,0.006309148264984227,0.10350111598816723,0.04369085173501577
6043,grass,tan,1,1,0.05,0.006309148264984227,0.10350111598816723,0.04369085173501577
6043,shrub,aquamarine,45,91,0.11645569620253164,0.021410286246218293,0.19723395990491313,0.09504540995631335
6043,shrub,coffee,12,1375,0.03291139240506329,0.32022341168256924,-0.0748800013874745,0.28731201927750594
6043,shrub,gray,2,387,0.007594936708860759,0.09029555503839888,-0.018802074167706,0.08270061832953812
6043,shrub,indigo,3,3,0.010126582278481013,0.0009308820107051431,0.02416999107720378,0.00919570026777587
6043,shrub,ivory,28,28,0.07341772151898734,0.006748894577612288,0.1752324353097274,0.06666882694137506
6043,shrub,lilac,9,9,0.02531645569620253,0.0023272050267628577,0.06042497769300945,0.022989250669439673
6043,shrub,olive,2,376,0.007594936708860759,0.08773562950895974,-0.01858364263219768,0.08014069280009899
6043,shrub,orange,48,348,0.1240506329113924,0.08121945543402374,0.05253978416283939,0.04283117747736866
6043,shrub,plum,1,16,0.005063291139240506,0.0039562485454968585,0.0012492174955827968,0.001107042593743648
6043,shrub,tan,207,207,0.5265822784810127,0.04840586455666744,1.2568395360145967,0.47817641392434523
6043,urban+forest,aquamarine,27,145,0.0492091388400703,0.0028492252449162795,0.14019842313652064,0.04635991359515402
6043,urban+forest,coffee,37,4827,0.06678383128295255,0.09421958549627259,-0.022984795493432086,0.027435754213320035
6043,urban+forest,foo,18,280,0.033391915641476276,0.005483782834393661,0.06032311879836461,0.027908132807082615
6043,urban+forest,ivory,27,48,0.0492091388400703,0.0009562468287732719,0.19392428791813027,0.048252892011297024
6043,urban+forest,lilac,50,50,0.08963093145869948,0.0009952773115803443,0.403378123039669,0.08863565414711913
6043,urban+forest,olive,93,3923,0.16520210896309315,0.0765778072674759,0.12701767589293314,0.08862430169561725
6043,urban+forest,orange,80,1589,0.14235500878734622,0.031029233831622496,0.21686279651941726,0.11132577495572372
6043,urban+forest,plum,1,26,0.0035149384885764497,0.0005269115178954764,0.006670455773934874,0.0029880269706809735
6043,urban+forest,sage,3,9354,0.007029876977152899,0.18256508333008079,-0.0228958701192228,0.17553520635292788
6043,urban+forest,tan,195,195,0.3444639718804921,0.0038249873150930877,1.550237492466179,0.34063898456539904
6043,urban+shrub,coffee,8,813,0.11688311688311688,0.23683444864707595,-0.0825413299095005,0.11995133176395907
6043,urban+shrub,gold,1,18,0.025974025974025976,0.005528076811172534,0.04018849497115987,0.02044594916285344
6043,urban+shrub,gray,2,192,0.03896103896103896,0.05615362234506838,-0.014241391373011399,0.017192583384029417
6043,urban+shrub,indigo,1,1,0.025974025974025976,0.0005819028222286878,0.09866360662327664,0.02539212315179729
6043,urban+shrub,ivory,2,2,0.03896103896103896,0.0008728542333430317,0.14799540993491495,0.03808818472769593
6043,urban+shrub,lilac,2,2,0.03896103896103896,0.0008728542333430317,0.14799540993491495,0.03808818472769593
6043,urban+shrub,maroon,1,1,0.025974025974025976,0.0005819028222286878,0.09866360662327664,0.02539212315179729
6043,urban+shrub,orange,4,397,0.06493506493506493,0.11579866162350888,-0.037562677782739445,0.05086359668844395
6043,urban+shrub,plum,2,10,0.03896103896103896,0.003200465522257783,0.09737399496880086,0.035760573438781175
6043,urban+shrub,tan,16,16,0.22077922077922077,0.004946173988943846,0.8386406562978513,0.21583304679027693
6045,forest,bar,6,15,0.0008112179858616293,0.00026764804282368687,0.0008995303883435013,0.0005435699430379425
6045,forest,coffee,3878,13664,0.4495306524510372,0.22858815657410506,0.3040095347361667,0.22094249587693213
6045,forest,grey,618,2302,0.07173484760690695,0.038524590163934426,0.04459611333106925,0.03321025744297252
6045,forest,lavender,439,3530,0.05099084482558813,0.05906657745065239,-0.007496629934180276,0.00807573262506426
6045,forest,navy,13,502,0.0016224359717232587,0.008414185346269655,-0.002670513883435859,0.006791749374546396
6045,forest,olive,2906,11417,0.33688724069996523,0.19100033456005353,0.19117444594251934,0.1458869061399117
6045,forest,orange,594,2672,0.0689535287982385,0.044713951154232184,0.029867029496826708,0.02423957764400632
6045,forest,plum,4,9,0.0005794414184725924,0.00016728002676480428,0.000719895325512618,0.00041216139170778814
6045,forest,sage,133,7183,0.015529030015065478,0.1201739712278354,-0.03177595585560336,0.10464494121276992
6045,urban+forest,amber,1,298,0.00019936204146730463,0.003155439703663054,-0.0005505902425956327,0.0029560776621957493
6045,urban+forest,bar,31,128,0.003189792663476874,0.0013613769958947624,0.0027159784191677903,0.0018284156675821117
6045,urban+forest,coffee,3792,19532,0.3780901116427432,0.2061378051225767,0.22934479448550832,0.1719523065201665
6045,urban+forest,crimson,254,1861,0.02541866028708134,0.01965026330508564,0.00654258073560384,0.005768396981995702
6045,urban+forest,foo,3,292,0.00039872408293460925,0.003092119843388879,-0.0008167234896037196,0.0026933957604542698
6045,urban+forest,gold,154,200,0.015450558213716109,0.002121215319184862,0.030679492768026208,0.013329342894531247
6045,urban+forest,grey,610,3100,0.060905103668261566,0.03272581445170278,0.03783137421867829,0.028179289216558788
6045,urban+forest,lavender,1252,11458,0.12490031897926634,0.12093037981362854,0.004034400761977364,0.003969939165637801
6045,urban+forest,olive,2190,10416,0.2184011164274322,0.10993383074601348,0.14992247494959185,0.10846728568141872
6045,urban+forest,orange,1282,6074,0.12789074960127592,0.06411135852760218,0.08831557515359754,0.06377939107367374
6045,urban+forest,plum,103,313,0.01036682615629984,0.0033137393543484915,0.011823714066709864,0.007053086801951349
6045,urban+forest,sage,322,10163,0.032196969696969696,0.10726384330445245,-0.038746454259825674,0.07506687360748275
6047,crop,bar,315,351,0.09218203033838973,0.03752265216927833,0.08285508978689678,0.0546593781691114
6047,crop,coffee,1226,1553,0.3579346557759627,0.1656539814518708,0.27577049789821834,0.19228067432409188
6047,crop,gray,861,1030,0.2514585764294049,0.10990299541626693,0.20812727302608566,0.14155558101313798
6047,crop,indigo,6,31,0.002042007001166861,0.003411150197207121,-0.0010477872553538298,0.0013691431960402597
6047,crop,lavender,113,229,0.03325554259043174,0.02451764204242618,0.010137237360056062,0.008737900548005557
6047,crop,navy,113,411,0.03325554259043174,0.04391855878904168,-0.00924888300418015,0.010663016198609945
6047,crop,olive,379,416,0.11085180863477247,0.044451551007355296,0.10129576166434248,0.06640025762741716
6047,crop,orange,298,551,0.08722287047841307,0.05884234090182283,0.034331348647327786,0.028380529576590235
6047,crop,plum,6,8,0.002042007001166861,0.0009593859929645027,0.0015425217523021063,0.0010826210082023583
6047,crop,sage,73,382,0.021586931155192533,0.04082720392282273,-0.013756499179710176,0.019240272767630195
6047,forest,bar,1,14,0.0014316392269148174,0.0005159071367153912,0.0014612005692020594,0.0009157320901994262
6047,forest,coffee,651,3833,0.4667143879742305,0.131865864144454,0.5898953695104009,0.3348485238297765
6047,forest,gray,85,731,0.06156048675733715,0.025176268271711093,0.055042363948676135,0.036384218485626056
6047,forest,lavender,63,333,0.04581245526127416,0.011487532244196045,0.06337208113444809,0.03432492301707811
6047,forest,navy,2,1295,0.0021474588403722263,0.0445743766122098,-0.006512972018856565,0.042426917771837575
6047,forest,olive,401,2871,0.2877594846098783,0.09877901977644024,0.30768388703327526,0.18898046483343808
6047,forest,orange,89,1497,0.06442376521116679,0.05152192605331041,0.014397108943786914,0.012901839157856379
6047,forest,sage,67,1884,0.048675733715103794,0.0648323301805675,-0.013951622625035702,0.016156596465463705
6047,grass,bar,31,32,0.1350210970464135,0.04495912806539509,0.14847962583124125,0.0900619689810184
6047,grass,coffee,77,93,0.3291139240506329,0.12806539509536785,0.310638433283206,0.20104852895526504
6047,grass,gray,41,46,0.17721518987341772,0.06403269754768393,0.18039990704731287,0.1131824923257338
6047,grass,indigo,2,33,0.012658227848101266,0.04632152588555858,-0.01642151074010971,0.033663298037457316
6047,grass,lavender,9,13,0.04219409282700422,0.01907356948228883,0.0335011245087836,0.02312052334471539
6047,grass,navy,4,21,0.02109704641350211,0.02997275204359673,-0.007408347119089262,0.00887570563009462
6047,grass,olive,11,12,0.05063291139240506,0.017711171662125342,0.053185123028144196,0.03292173973027972
6047,grass,orange,14,48,0.06329113924050633,0.0667574931880109,-0.0033747600967741847,0.0034663539475045663
6047,grass,plum,5,5,0.02531645569620253,0.008174386920980926,0.02861895917669328,0.017142068775221606
6047,grass,sage,5,9,0.02531645569620253,0.013623978201634877,0.01568666490413655,0.011692477494567654
6047,shrub,bar,31,34,0.023616236162361623,0.0038811266356176535,0.04264641102825189,0.01973510952674397
6047,shrub,coffee,632,1627,0.46715867158671587,0.180527833222444,0.4441669909893473,0.28663083836427183
6047,shrub,crimson,26,26,0.01992619926199262,0.0029940119760479044,0.03776853903543555,0.016932187285944717
6047,shrub,gold,8,8,0.006642066420664207,0.000998003992015968,0.01258951301181185,0.0056440624286482385
6047,shrub,gray,168,387,0.12472324723247233,0.04302506098913284,0.13274476063721607,0.0816981862433395
6047,shrub,lavender,130,276,0.09667896678966789,0.030716345087602574,0.11085219445846228,0.06596262170206532
6047,shrub,navy,26,568,0.01992619926199262,0.06309603016189842,-0.02296738446219844,0.0431698308999058
6047,shrub,olive,128,348,0.0952029520295203,0.03870037702373032,0.08569804236871958,0.05650257500578998
6047,shrub,orange,136,909,0.1011070110701107,0.100909292526059,0.00019791211946174368,0.00019771854405170597
6047,shrub,plum,15,16,0.011808118081180811,0.0018851186515857175,0.021665493772407892,0.009922999429595094
6047,shrub,sage,17,119,0.013284132841328414,0.01330671989354624,-2.2567871539302386e-05,2.2587052217826545e-05
6047,urban+crop,bar,106,143,0.0020932780342749822,0.0011656898617362303,0.0012254430734860615,0.000927588172538752
6047,urban+crop,coffee,17525,22298,0.3428672040065733,0.18051193213094582,0.2199651965081317,0.16235527187562745
6047,urban+crop,crimson,3946,3946,0.07721652711479772,0.0319512353074507,0.06813606985408596,0.04526529180734702
6047,urban+crop,foo,63,92,0.0012520541513420455,0.0007528413690379821,0.0006369027464142252,0.0004992127823040634
6047,urban+crop,gold,982,2010,0.019230769230769232,0.01627918272188583,0.0032043154316309676,0.0029515865088834033
6047,urban+crop,gray,4452,5910,0.08711558024884576,0.047849949810575394,0.05219666557938122,0.03926563043827037
6047,urban+crop,lavender,7939,14858,0.15533296815087252,0.12028462260790726,0.03972022513768156,0.035048345542965265
6047,urban+crop,navy,982,4106,0.019230769230769232,0.0332464462649354,-0.010527621571905696,0.014015677034166167
6047,urban+crop,olive,4945,6512,0.09676030988340245,0.052723181038111584,0.05875108573244374,0.04403712884529087
6047,urban+crop,orange,9736,17454,0.1904883011190234,0.14129942039309654,0.05690068299565786,0.049188880725926865
6047,urban+crop,plum,296,358,0.00581031379607168,0.0029061295858562966,0.004025457575871758,0.0029041842102153835
6047,urban+crop,sage,106,3410,0.0020932780342749822,0.027612278599876954,-0.0053996719719823436,0.02551900056560197
6047,urban+forest,bar,1,14,0.00038880248833592535,0.00014622876027257041,0.0003802096523899838,0.00024257372806335494
6047,urban+forest,coffee,2191,4943,0.4261275272161742,0.048196999385839205,0.928720185606521,0.377930527830335
6047,urban+forest,crimson,242,242,0.04723950233281493,0.0023689059164156406,0.14137848870468522,0.04487059641639929
6047,urban+forest,foo,2,20,0.0005832037325038881,0.00020472026438159857,0.000610551378752327,0.0003784834681222895
6047,urban+forest,gold,140,140,0.027410575427682736,0.0013745503465621618,0.08203443171753337,0.026036025081120573
6047,urban+forest,gray,190,764,0.03713063763608087,0.007457666773901091,0.059602093618875356,0.02967297086217978
6047,urban+forest,lavender,446,5547,0.08689735614307932,0.054085144132814705,0.0412039507526561,0.032812212010264616
6047,urban+forest,navy,20,2073,0.004082426127527216,0.020218563253687403,-0.00653151317964846,0.016136137126160188
6047,urban+forest,olive,1030,3220,0.20042768273716952,0.03140018912252995,0.3715206858848155,0.16902749361463956
6047,urban+forest,orange,816,9333,0.1588258164852255,0.09099328322561148,0.08846953983746274,0.06783253325961403
6047,urban+forest,plum,5,26,0.0011664074650077762,0.0002632117684906267,0.001736459778047857,0.0009031956965171494
6047,urban+forest,sage,23,9354,0.004665629860031105,0.09119800348999307,-0.013870031859428963,0.08653237362996197
6047,urban+grass,amber,3,5590,0.0010346611484738748,0.08652387879538209,-0.004579768702478773,0.08548921764690821
6047,urban+grass,bar,17,32,0.0046559751681324365,0.0005106936147822588,0.010290342177194177,0.004145281553350178
6047,urban+grass,coffee,1264,5039,0.3272115882048629,0.0779968429849268,0.4692013492905825,0.24921474521993608
6047,urban+grass,crimson,179,179,0.04655975168132437,0.0027856015351759573,0.1311249542713357,0.04377415014614841
6047,urban+grass,foo,11,11,0.0031039834454216243,0.0001857067690117305,0.008741663618089045,0.002918276676409894
6047,urban+grass,gold,110,231,0.028711846870150024,0.0035903308675601223,0.059693809080543704,0.0251215160025899
6047,urban+grass,gray,293,588,0.0760475944128298,0.009115107245659105,0.1613293601962095,0.06693248716717069
6047,urban+grass,indigo,1,80,0.0005173305742369374,0.0012535206908291807,-0.0004578527393437521,0.0007361901165922433
6047,urban+grass,lavender,582,1302,0.15080186239006727,0.020164660001857068,0.30341866111299215,0.1306372023882102
6047,urban+grass,navy,75,4474,0.01965856182100362,0.06925314927729116,-0.024755155269291753,0.049594587456287545
6047,urban+grass,olive,479,726,0.12415933781686497,0.011250735089294004,0.2981229908324186,0.11290860272757097
6047,urban+grass,orange,756,9204,0.1958096223486808,0.1424525673960816,0.062293657027829116,0.05335705495259921
6047,urban+grass,plum,33,89,0.008794619762027936,0.0013928007675879787,0.016206931823692493,0.007401818994439957
6047,urban+grass,sage,25,349,0.006725297465080186,0.005416447429508806,0.0014555965662118792,0.0013088500355713803
6047,urban+shrub,bar,3,5,0.005201560468140442,0.0005882929698990097,0.011336743186666892,0.004613267498241432
6047,urban+shrub,coffee,263,958,0.3433029908972692,0.09402882635552505,0.44458149765675753,0.24927416454174411
6047,urban+shrub,crimson,57,57,0.0754226267880364,0.005686832042357094,0.19496401973108282,0.06973579474567931
6047,urban+shrub,foo,3,3,0.005201560468140442,0.0003921953132660065,0.01344579446421261,0.004809365154874436
6047,urban+shrub,gold,14,18,0.01950585175552666,0.0018629277380135308,0.04581076477920632,0.017642924017513127
6047,urban+shrub,gray,63,192,0.08322496749024708,0.01892342386508481,0.12326840095289764,0.06430154362516227
6047,urban+shrub,lavender,123,570,0.16124837451235371,0.055985880968722423,0.17057600308198143,0.10526249354363129
6047,urban+shrub,navy,1,612,0.002600780234070221,0.06010393175801549,-0.008167135941824166,0.05750315152394527
6047,urban+shrub,olive,57,243,0.0754226267880364,0.023923914109226396,0.08660243006227476,0.05149871267881001
6047,urban+shrub,orange,136,1624,0.17815344603381014,0.15932934601431512,0.019894718989408443,0.018824100019495027
6047,urban+shrub,plum,8,12,0.011703511053315995,0.001274634768114521,0.02594936651570353,0.010428876285201474
6047,urban+shrub,sage,3,123,0.005201560468140442,0.0121580547112462,-0.004416297626737436,0.006956494243105758
6049,crop,aqua,8,9,0.08108108108108109,0.03875968992248062,0.059843421725793815,0.042321391158600466
6049,crop,beige,22,22,0.2072072072072072,0.08914728682170543,0.1747646470541758,0.11805992038550177
6049,crop,coffee,4,24,0.04504504504504504,0.09689922480620156,-0.03450488868580257,0.05185417976115651
6049,crop,grey,5,19,0.05405405405405406,0.07751937984496124,-0.01948883355225149,0.023465325790907182
6049,crop,indigo,1,5,0.018018018018018018,0.023255813953488372,-0.004597890181240116,0.005237795935470354
6049,crop,ivory,21,21,0.1981981981981982,0.08527131782945736,0.1671661841387769,0.11292688036874084
6049,crop,lilac,5,5,0.05405405405405406,0.023255813953488372,0.0455907774923937,0.030798240100565685
6049,crop,olive,2,4,0.02702702702702703,0.01937984496124031,0.00898929080657548,0.007647182065786719
6049,crop,orange,5,5,0.05405405405405406,0.023255813953488372,0.0455907774923937,0.030798240100565685
6049,forest,aqua,22,259,0.07931034482758621,0.01180852030157144,0.15105029846882542,0.06750182452601478
6049,forest,beige,148,148,0.5137931034482759,0.0067671904805159415,2.224587806347671,0.5070259129677599
6049,forest,ivory,12,13,0.04482758620689655,0.0006358434008538468,0.1907694720636186,0.044191742806042704
6049,forest,lilac,15,94,0.05517241379310345,0.004314651648651103,0.14060394412629348,0.05085776214445235
6049,forest,olive,44,1511,0.15517241379310345,0.06867108729221547,0.12649788460562125,0.08650132650088799
6049,forest,orange,11,11,0.041379310344827586,0.0005450086293032973,0.1791614340682688,0.04083430171552429
6049,grass,beige,4,4,0.10869565217391304,0.011990407673860911,0.23961356796844635,0.09670524450005213
6049,grass,ivory,4,7,0.10869565217391304,0.019184652278177457,0.1885262169634751,0.08951099989573558
6049,shrub,aqua,74,143,0.07246376811594203,0.029008863819500404,0.0663395112018361,0.043454904296441624
6049,shrub,beige,529,529,0.5120772946859904,0.10676873489121676,0.8028401290157151,0.40530855979477365
6049,shrub,coffee,43,759,0.04251207729468599,0.15310233682514102,-0.05447150510573124,0.11059025953045502
6049,shrub,foo,10,54,0.010628019323671498,0.011079774375503625,-0.0004424175747824067,0.000451755051832127
6049,shrub,grey,3,193,0.003864734299516908,0.03908138597904915,-0.008942041960650857,0.035216651679532245
6049,shrub,indigo,3,115,0.003864734299516908,0.023368251410153102,-0.006954532905744717,0.019503517110636193
6049,shrub,ivory,74,78,0.07246376811594203,0.015914585012087028,0.10984425374596501,0.056549183103855004
6049,shrub,lilac,47,141,0.0463768115942029,0.028605962933118453,0.022408551602627644,0.017770848661084446
6049,shrub,olive,48,249,0.04734299516908213,0.050362610797743755,-0.0029272258716936993,0.003019615628661626
6049,shrub,orange,164,164,0.15942028985507245,0.03323932312651088,0.24994079488225085,0.12618096672856158
6049,shrub,plum,1,2,0.001932367149758454,0.0006043513295729251,0.0022460779372306546,0.001328015820185529
6049,shrub,sage,1,1,0.001932367149758454,0.00040290088638195,0.003029585392512132,0.001529466263376504
6049,urban+crop,aqua,12,34,0.0663265306122449,0.068359375,-0.0020023142696200128,0.002032844387755098
6049,urban+crop,beige,51,51,0.2653061224489796,0.1015625,0.2547495827656506,0.1637436224489796
6049,urban+crop,coffee,8,16,0.04591836734693878,0.033203125,0.014887708121433396,0.012715242346938778
6049,urban+crop,foo,12,54,0.0663265306122449,0.107421875,-0.031980919415843204,0.0410953443877551
6049,urban+crop,ivory,19,19,0.10204081632653061,0.0390625,0.09798060875601945,0.06297831632653061
6049,urban+crop,lemon,6,6,0.03571428571428571,0.013671875,0.0342932130646068,0.022042410714285712
6049,urban+crop,lilac,22,23,0.11734693877551021,0.046875,0.1076834596019106,0.07047193877551021
6049,urban+crop,olive,1,32,0.01020408163265306,0.064453125,-0.018807657296913718,0.05424904336734694
6049,urban+crop,orange,27,27,0.14285714285714285,0.0546875,0.1371728522584272,0.08816964285714285
6049,urban+forest,aqua,1,278,0.029850746268656716,0.007118073272782937,0.04279321668965142,0.022732672995873778
6049,urban+forest,beige,17,17,0.26865671641791045,0.0004592305337279314,1.7117831714412743,0.2681974858841825
6049,urban+forest,ivory,1,3,0.029850746268656716,0.0001020512297173181,0.16950716954641187,0.0297486950389394
6049,urban+forest,lilac,2,218,0.04477611940298507,0.005587304827023166,0.09318707100968739,0.039188814575961906
6049,urban+forest,olive,4,1353,0.07462686567164178,0.034544341259312175,0.05748185218855395,0.04008252441232961
6049,urban+forest,orange,4,4,0.07462686567164178,0.00012756403714664762,0.47549532540035394,0.07449930163449514
6049,urban+grass,aqua,110,228,0.0880253766851705,0.029969899227849758,0.09484132468193682,0.058055477457320745
6049,urban+grass,beige,316,316,0.2513877874702617,0.04148671639837718,0.4529061273397297,0.20990107107188452
6049,urban+grass,coffee,57,689,0.045995241871530534,0.09030231645072634,-0.031029547377485995,0.044307074579195804
6049,urban+grass,foo,36,421,0.029341792228390166,0.055228373249574664,-0.018557626508515612,0.025886581021184497
6049,urban+grass,gold,2,22,0.0023790642347343376,0.0030100772150242114,-0.0005596950822642177,0.0006310129802898738
6049,urban+grass,grey,3,107,0.0031720856463124504,0.014134275618374558,-0.004739773000227381,0.010962189972062109
6049,urban+grass,indigo,3,287,0.0031720856463124504,0.03769140164899882,-0.00785104739518924,0.034519316002686366
6049,urban+grass,ivory,124,124,0.09912767644726407,0.016359115299044626,0.1785907442191363,0.08276856114821944
6049,urban+grass,lemon,86,86,0.0689928628072958,0.011385944248135061,0.12429915797651887,0.05760691855916074
6049,urban+grass,lilac,208,540,0.16574147501982553,0.07080225101426516,0.1409694891097574,0.09493922400556037
6049,urban+grass,olive,68,193,0.05471847739888977,0.025389346944117264,0.04201677426799675,0.029329130454772506
6049,urban+grass,orange,196,196,0.15622521808088818,0.025781965711294333,0.2814590128893588,0.13044325236959387
6049,urban+grass,plum,13,38,0.011102299762093577,0.005104043973301924,0.008627809323041738,0.005998255788791653
6049,urban+grass,sage,1,1,0.0015860428231562252,0.00026174584478471405,0.002857451907506181,0.0013242969783715112
6049,urban+shrub,aqua,19,67,0.06557377049180328,0.041387705416920266,0.030176518675917436,0.024186065074883016
6049,urban+shrub,auburn,1,1,0.006557377049180328,0.0012172854534388314,0.011042408796261354,0.005340091595741496
6049,urban+shrub,beige,97,97,0.32131147540983607,0.05964698721850274,0.5410780310168063,0.2616644881913333
6049,urban+shrub,coffee,17,239,0.05901639344262295,0.14607425441265978,-0.05348654699110644,0.08705786097003683
6049,urban+shrub,foo,16,115,0.05573770491803279,0.07060255629945222,-0.013176923264081859,0.014864851381419436
6049,urban+shrub,grey,2,35,0.009836065573770493,0.021911138161898967,-0.007878091557621088,0.012075072588128474
6049,urban+shrub,indigo,2,28,0.009836065573770493,0.017650639074863056,-0.005751306884149258,0.007814573501092563
6049,urban+shrub,ivory,19,19,0.06557377049180328,0.012172854534388313,0.11042408796261355,0.05340091595741497
6049,urban+shrub,lemon,8,8,0.029508196721311476,0.005477784540474742,0.04969083958317609,0.024030412180836735
6049,urban+shrub,lilac,33,121,0.11147540983606558,0.07425441265976872,0.045293219425029126,0.03722099717629686
6049,urban+shrub,olive,3,51,0.013114754098360656,0.03164942178940962,-0.011553862505333511,0.018534667691048962
6049,urban+shrub,orange,46,46,0.1540983606557377,0.028606208155812538,0.2594966067121418,0.12549215249992518
6049,urban+shrub,plum,4,6,0.01639344262295082,0.00426049908703591,0.0220900836853876,0.01213294353591491
6051,barren,aqua,8,47,0.072,0.04912998976458546,0.027518146644154327,0.02287001023541453
6051,barren,beige,42,192,0.344,0.19754350051177072,0.1908108974860305,0.14645649948822925
6051,barren,coffee,2,49,0.024,0.0511770726714432,-0.018173707248469315,0.027177072671443196
6051,barren,ivory,14,39,0.12,0.04094165813715456,0.12904123940745063,0.07905834186284544
6051,barren,lemon,1,2,0.016,0.0030706243602865915,0.026411324906117077,0.012929375639713409
6051,barren,lilac,9,23,0.08,0.02456499488229273,0.09445633419092653,0.05543500511770727
6051,barren,olive,4,12,0.04,0.01330603889457523,0.04402645878852181,0.02669396110542477
6051,barren,orange,7,97,0.064,0.10030706243602866,-0.028758593424016276,0.03630706243602866
6051,crop,beige,1,2,0.047619047619047616,0.0009090909090909091,0.18850204862204947,0.04670995670995671
6051,crop,coffee,1,198,0.047619047619047616,0.0603030303030303,-0.011245214999683036,0.012683982683982686
6051,crop,grey,1,119,0.047619047619047616,0.03636363636363636,0.012841122235671552,0.011255411255411255
6051,crop,ivory,1,2,0.047619047619047616,0.0009090909090909091,0.18850204862204947,0.04670995670995671
6051,forest,aqua,263,307,0.08870967741935484,0.011552021603780662,0.18083543445828387,0.07715765581557418
6051,forest,beige,1199,1362,0.4032258064516129,0.05112144625309429,0.8327792813710478,0.3521043601985186
6051,forest,coffee,18,3032,0.006384408602150538,0.1137574075463206,-0.018388433125412808,0.10737299894417007
6051,forest,foo,13,359,0.004704301075268817,0.013502362913509864,-0.004960156194085887,0.008798061838241045
6051,forest,grey,1,1503,0.0006720430107526882,0.056409871727552324,-0.0029772023590250002,0.05573782871679964
6051,forest,indigo,1,5,0.0006720430107526882,0.00022503938189183108,0.0007352465894170231,0.0004470036288608571
6051,forest,ivory,304,389,0.10248655913978495,0.01462755982296902,0.19952331875582313,0.08785899931681593
6051,forest,lilac,146,203,0.04939516129032258,0.007651338984322256,0.09212058319163591,0.04174382230600032
6051,forest,olive,635,7083,0.21370967741935484,0.26569649688695524,-0.04653233773235485,0.05198681946760039
6051,forest,orange,357,919,0.12029569892473119,0.03450603855674743,0.15022749790591902,0.08578966036798376
6051,forest,sage,1,87,0.0006720430107526882,0.003300577601080189,-0.0010695768952941004,0.0026285345903275005
6051,grass,aqua,5,24,0.05042016806722689,0.03205128205128205,0.02284306239993088,0.018368886015944844
6051,grass,beige,21,117,0.18487394957983194,0.15128205128205127,0.037072450590123575,0.03359189829778067
6051,grass,coffee,6,13,0.058823529411764705,0.017948717948717947,0.06982489682424486,0.04087481146304676
6051,grass,grey,6,85,0.058823529411764705,0.11025641025641025,-0.03695686591918155,0.05143288084464555
6051,grass,indigo,1,32,0.01680672268907563,0.04230769230769231,-0.01551579755183911,0.02550096961861668
6051,grass,ivory,26,111,0.226890756302521,0.14358974358974358,0.10380443171929621,0.08330101271277743
6051,grass,lilac,5,19,0.05042016806722689,0.02564102564102564,0.0340939977603112,0.024779142426201252
6051,grass,olive,3,22,0.03361344537815126,0.029487179487179487,0.004402372160095761,0.0041262658909717725
6051,grass,orange,6,56,0.058823529411764705,0.07307692307692308,-0.012762981894536991,0.014253393665158376
6051,grass,plum,1,1,0.01680672268907563,0.002564102564102564,0.031599502967598454,0.014242620124973066
6051,grass,sage,1,1,0.01680672268907563,0.002564102564102564,0.031599502967598454,0.014242620124973066
6051,shrub,aqua,57,111,0.16909620991253643,0.021032863849765257,0.35246104254943034,0.14806334606277116
6051,shrub,beige,166,378,0.4868804664723032,0.07117370892018779,0.9362200879725495,0.4157067575521154
6051,shrub,coffee,12,748,0.037900874635568516,0.14065727699530517,-0.049701390887381805,0.10275640235973665
6051,shrub,ivory,25,108,0.07580174927113703,0.02046948356807512,0.0992386040212963,0.05533226570306191
6051,shrub,lilac,25,77,0.07580174927113703,0.014647887323943662,0.12460482980563553,0.06115386194719337
6051,shrub,olive,2,272,0.008746355685131196,0.05126760563380282,-0.015467247490715721,0.042521249948671624
6051,shrub,orange,18,580,0.05539358600583091,0.10910798122065728,-0.03754988469738166,0.05371439521482637
6051,urban+barren,aqua,22,257,0.09126984126984126,0.016584174326669667,0.15564898798973925,0.0746856669431716
6051,urban+barren,beige,75,1063,0.30158730158730157,0.06839364916114932,0.4474890736388627,0.23319365242615225
6051,urban+barren,foo,10,117,0.04365079365079365,0.007585009963360545,0.07639096395631921,0.0360657836874331
6051,urban+barren,ivory,20,383,0.08333333333333333,0.024683422253647877,0.10139306455928285,0.05864991107968545
6051,urban+barren,lemon,8,203,0.03571428571428571,0.013113068072250433,0.035783624038132185,0.02260121764203528
6051,urban+barren,lilac,36,564,0.14682539682539683,0.03631805618049753,0.20510466519729692,0.11050734064489931
6051,urban+barren,olive,5,90,0.023809523809523808,0.005849456836150929,0.03342230600683102,0.01796006697337288
6051,urban+barren,orange,38,2405,0.15476190476190477,0.15465706755801248,0.0001048727288019807,0.00010483720389228846
6051,urban+forest,aqua,251,273,0.07493309545049064,0.016801569781702233,0.11203421944609018,0.0581315256687884
6051,urban+forest,beige,1330,1637,0.39577757954207554,0.10044150110375276,0.5427206548102507,0.29533607843832277
6051,urban+forest,coffee,77,2686,0.0231935771632471,0.16476575913662006,-0.04547447383845018,0.14157218197337296
6051,urban+forest,foo,27,287,0.008325899494498959,0.017660044150110375,-0.006260523728020307,0.009334144655611417
6051,urban+forest,gold,1,1,0.0005947071067499256,0.0001226391954868776,0.0009389368731483047,0.00047206791126304804
6051,urban+forest,grey,2,264,0.0008920606601248885,0.016249693402011284,-0.0025890233587147534,0.015357632741886396
6051,urban+forest,indigo,9,10,0.0029735355337496285,0.0006745155751778268,0.004411276159365298,0.0022990199585718016
6051,urban+forest,ivory,127,159,0.03806125483199524,0.009811135638950209,0.051598836310804946,0.02825011919304503
6051,urban+forest,lemon,65,66,0.019625334522747548,0.0041084130488104,0.0306897934401029,0.015516921473937148
6051,urban+forest,lilac,421,457,0.1254831995242343,0.028084375766494973,0.18784313989144688,0.09739882375773934
6051,urban+forest,olive,574,3012,0.17097829319060362,0.1847559480009811,-0.013250671729733545,0.013777654810377488
6051,urban+forest,orange,397,1550,0.1183467142432352,0.09510669610007358,0.025872863316710012,0.023240018143161623
6051,urban+forest,plum,18,40,0.005649717514124294,0.002514103507480991,0.004574515619553712,0.0031356140066433028
6051,urban+forest,sage,26,126,0.008028545941123996,0.007787588913416728,0.0002446469096356021,0.00024095702770726788
6051,urban+grass,aqua,38,197,0.10236220472440945,0.013464807888473308,0.20763539517208324,0.08889739683593614
6051,urban+grass,beige,105,533,0.2782152230971129,0.036314178850731044,0.566498145636237,0.24190104424638184
6051,urban+grass,coffee,19,697,0.05249343832020997,0.04746684801088065,0.005283813472599108,0.0050265903093293235
6051,urban+grass,foo,20,108,0.05511811023622047,0.0074124447466848015,0.11058445842117888,0.04770566548953567
6051,urban+grass,grey,1,20,0.005249343832020997,0.0014280856851411085,0.0068334289695428695,0.0038212581468798886
6051,urban+grass,indigo,4,41,0.013123359580052493,0.002856171370282217,0.020011965485723444,0.010267188209770276
6051,urban+grass,ivory,20,158,0.05511811023622047,0.010812648758925536,0.08977426755552835,0.04430546147729494
6051,urban+grass,lemon,6,128,0.01837270341207349,0.008772526351581095,0.013581859695236875,0.009600177060492395
6051,urban+grass,lilac,42,285,0.11286089238845144,0.019449166950017,0.19844915110658656,0.09341172543843444
6051,urban+grass,maroon,1,2,0.005249343832020997,0.00020401224073444407,0.017048180408153438,0.005045331591286553
6051,urban+grass,olive,12,332,0.03412073490813648,0.02264535872152329,0.013987806990688545,0.011475376186613193
6051,urban+grass,orange,70,2304,0.18635170603674542,0.15674940496429784,0.032236496641756526,0.029602301072447573
6051,urban+grass,plum,4,15,0.013123359580052493,0.001088065283917035,0.03267706910834269,0.012035294296135458
6051,urban+grass,sage,1,1,0.005249343832020997,0.0001360081604896294,0.01917660617250076,0.005113335671531368
6051,urban+shrub,aqua,26,54,0.1062992125984252,0.011779824373527523,0.23384440722659444,0.09451938822489768
6051,urban+shrub,beige,64,189,0.2559055118110236,0.040693938744913255,0.47054091799090886,0.21521157306611036
6051,urban+shrub,foo,13,51,0.05511811023622047,0.01113728849860784,0.08814375411735134,0.043980821737612634
6051,urban+shrub,ivory,16,63,0.06692913385826772,0.01370743199828657,0.10612927246863019,0.05322170185998115
6051,urban+shrub,lemon,13,21,0.05511811023622047,0.004711929749411009,0.13555642227925513,0.05040618048680946
6051,urban+shrub,lilac,37,88,0.14960629921259844,0.01906189762261726,0.3082362097715456,0.13054440158998118
6051,urban+shrub,olive,10,209,0.04330708661417323,0.044977511244377814,-0.0016390142898963585,0.0016704246302045866
6051,urban+shrub,orange,37,876,0.14960629921259844,0.18783465410152067,-0.034043647158854634,0.038228354888922234
6053,crop,alabaster,432,1555,0.2945578231292517,0.23622286321542432,0.06500880320624743,0.058334959913827394
6053,crop,amber,28,65,0.019727891156462583,0.010019735843327767,0.013365186536061781,0.009708155313134816
6053,crop,bar,38,54,0.026530612244897958,0.008349779869439806,0.030671087565196167,0.01818083237545815
6053,crop,brown,432,596,0.2945578231292517,0.09063306512828298,0.34718241140536527,0.20392475800096874
6053,crop,green,116,246,0.07959183673469387,0.037498102322756945,0.05990250423361205,0.04209373441193693
6053,crop,indigo,161,183,0.11020408163265306,0.027933809017762257,0.1512546817765933,0.08227027261489081
6053,crop,lavender,56,79,0.03877551020408163,0.012145134355548808,0.04501294816029185,0.026630375848532825
6053,crop,navy,4,268,0.003401360544217687,0.040838014270532866,-0.008453870266325944,0.03743665372631518
6053,crop,terracotta,165,174,0.11292517006802721,0.026567481402763018,0.16340694712105852,0.08635768866526419
6053,forest,alabaster,2704,6329,0.18269620424152372,0.14710666976528003,0.039584187141642344,0.03558953447624369
6053,forest,amber,682,886,0.0461299473186546,0.020613525447362304,0.03715836082817944,0.025516421871292296
6053,forest,bar,52,98,0.0035796298797784684,0.002300720427608645,0.0015823292334930488,0.0012789094521698232
6053,forest,brown,6269,16659,0.4234769687964339,0.3871717406460609,0.037956562867287186,0.03630522815037296
6053,forest,gold,10,10,0.0007429420505200594,0.00025563560306762724,0.0007926189025479953,0.00048730644745243216
6053,forest,green,2537,6806,0.17141699311090097,0.1581919590983035,0.01376305626171048,0.013225034012597475
6053,forest,indigo,1283,3249,0.0867215993516142,0.0755287009063444,0.011984079647058691,0.0111928984452698
6053,forest,navy,16,288,0.0011481831689855464,0.006716244480594934,-0.0020280913900346106,0.005568061311609388
6053,forest,terracotta,1215,2880,0.08212886667567203,0.06695328840343946,0.01677846509859257,0.015175578272232565
6053,grass,alabaster,3,221,0.07692307692307693,0.22745901639344263,-0.08339724253236337,0.1505359394703657
6053,grass,bar,3,4,0.07692307692307693,0.005122950819672131,0.20839040896288122,0.07180012610340479
6053,grass,brown,7,167,0.15384615384615385,0.1721311475409836,-0.017277472291039663,0.01828499369482975
6053,grass,indigo,1,32,0.038461538461538464,0.03381147540983607,0.004956095650966543,0.004650063051702395
6053,shrub,alabaster,493,1770,0.2668827660723933,0.14394863041534586,0.16476087118343039,0.12293413565704744
6053,shrub,amber,80,189,0.04376012965964344,0.015443387791595545,0.04557802101776799,0.028316741868047893
6053,shrub,bar,56,56,0.03079416531604538,0.004633016337478664,0.05832775515112926,0.026161148978566716
6053,shrub,brown,593,4012,0.3209076175040519,0.3261806063561733,-0.005230136117803669,0.0052729888521214074
6053,shrub,green,119,240,0.06482982171799027,0.019588718198813297,0.07758910280570908,0.04524110351917698
6053,shrub,indigo,259,263,0.14046461372231225,0.021458180931480126,0.26391188742978366,0.11900643279083213
6053,shrub,lavender,5,450,0.0032414910858995136,0.036657725757945216,-0.007862530855066295,0.0334162346720457
6053,shrub,navy,8,351,0.004862236628849271,0.028610907908640168,-0.00861729090814525,0.023748671279790898
6053,shrub,terracotta,200,443,0.1085899513776337,0.03608875883930748,0.11962241321978281,0.07250119253832622
6053,urban,alabaster,952,21391,0.1738416636264137,0.11795584375482476,0.06742180456729253,0.05588581987158894
6053,urban,amber,692,22885,0.1264137176213061,0.12619378460045436,0.0002201245614173135,0.0002199330208517425
6053,urban,bar,28,28,0.005290040131338928,0.00015990648227795056,0.018509807847932564,0.005130133649060977
6053,urban,brown,1174,1179,0.21433783290769792,0.0065065396237235056,0.7490562116739107,0.20783129328397443
6053,urban,foo,494,496,0.09029551258664721,0.002740466265246256,0.31557917658498513,0.08755504632140096
6053,urban,gold,22,22,0.004195549069682597,0.0001268223824963056,0.014680192431118927,0.004068726687186291
6053,urban,green,165,5411,0.03028091937249179,0.029841858003043738,0.0004422755854009878,0.000439061369448053
6053,urban,indigo,376,653,0.06877052170740605,0.0036061668761992985,0.20274442361534076,0.06516435483120675
6053,urban,lavender,425,426,0.07770886537759941,0.002354485101127065,0.27172049318467595,0.07535438027647234
6053,urban,lilac,13,13,0.002553812477198103,7.71962328238382e-05,0.008935769305898478,0.002476616244374265
6053,urban,navy,11,13640,0.0021889821233126595,0.07521670085356977,-0.007742291076708639,0.07302771873025711
6053,urban,terracotta,1092,1097,0.19937978839839474,0.006054390260041024,0.696718279046421,0.1933253981383537
6053,urban+barren,alabaster,26,929,0.13989637305699482,0.07386814932486101,0.0893406522577432,0.06602822373213381
6053,urban+barren,amber,18,1250,0.09844559585492228,0.0993645750595711,-0.0009147164257632372,0.0009189792046488121
6053,urban+barren,brown,40,45,0.21243523316062177,0.003653693407466243,0.8631028131725261,0.20878153975315553
6053,urban+barren,foo,9,51,0.05181347150259067,0.0041302621127879266,0.1310522959868459,0.04768320938980274
6053,urban+barren,green,6,816,0.03626943005181347,0.06489277204130262,-0.02110014017460246,0.028623341989489147
6053,urban+barren,indigo,15,63,0.08290155440414508,0.0050833995234312946,0.23143407892340864,0.07781815488071378
6053,urban+barren,lavender,14,17,0.07772020725388601,0.0014297061159650516,0.31054246487094966,0.07629050113792096
6053,urban+barren,terracotta,27,33,0.14507772020725387,0.0027005559968228754,0.5779623516237895,0.142377164210431
6053,urban+crop,alabaster,8196,11499,0.18233789344900456,0.10899234210326787,0.09382814421728028,0.07334555134573668
6053,urban+crop,amber,4332,8330,0.09638527416305194,0.07895784365759345,0.019223016125215337,0.017427430505458488
6053,urban+crop,bar,273,275,0.00609498387276165,0.002615816210478429,0.005155685553144886,0.0034791676622832213
6053,urban+crop,brown,10684,11271,0.23768212657101545,0.10683145045113351,0.19007007443154209,0.13085067611988194
6053,urban+crop,foo,4014,8689,0.0893115337559782,0.0823603002502085,0.007236655399203894,0.006951233505769691
6053,urban+crop,gold,124,124,0.0027805583361138917,0.0011846993706876943,0.0023722686605684782,0.0015958589654261974
6053,urban+crop,green,2639,4102,0.058725392058725394,0.038886572143452876,0.024207969316704735,0.019838819915272518
6053,urban+crop,indigo,3031,3087,0.06744522300077856,0.0292668132534688,0.05630742251780382,0.03817840974730975
6053,urban+crop,lavender,3031,3351,0.06744522300077856,0.03176889832436121,0.050774651413665155,0.03567632467641735
6053,urban+crop,lilac,66,185,0.0014903792681570458,0.001762832663583289,-0.00025022179216485326,0.00027245339542624316
6053,urban+crop,navy,66,2611,0.0014903792681570458,0.024755478049890058,-0.0041879898428326115,0.023265098781733013
6053,urban+crop,terracotta,8461,8766,0.18823267712156602,0.08309007506255213,0.15392794573564145,0.10514260205901389
6053,urban+forest,alabaster,2307,10335,0.10050951530723337,0.11619749977515964,-0.014577792045414413,0.01568798446792627
6053,urban+forest,amber,1045,4317,0.045551539433000915,0.04854303444554366,-0.0028973645631237385,0.0029914950125427484
6053,urban+forest,bar,161,390,0.00705482733092366,0.004395629103336631,0.003337649030667586,0.002659198227587029
6053,urban+forest,brown,8738,34124,0.38056874101815963,0.38363386995233384,-0.0030528514246087285,0.0030651289341742105
6053,urban+forest,foo,394,2439,0.017201585158733615,0.027430524327727315,-0.008027203656715361,0.0102289391689937
6053,urban+forest,gold,58,108,0.0025693506945956538,0.0012253799802140481,0.0019023529971391646,0.0013439707143816056
6053,urban+forest,green,4381,14265,0.19082872446979923,0.16037863117186799,0.033173442341382225,0.030450093297931247
6053,urban+forest,indigo,1252,3255,0.05456604102251448,0.03660401115208202,0.021785704753343595,0.01796202987043246
6053,urban+forest,lavender,1461,4596,0.06366763924574315,0.05167955751416494,0.013281968404337104,0.011988081731578205
6053,urban+forest,lilac,82,129,0.0036145102991769367,0.0014614623617231765,0.003273007140044163,0.0021530479374537604
6053,urban+forest,navy,65,127,0.002874188912598528,0.0014389783253889738,0.0019884706703691825,0.0014352105872095543
6053,urban+forest,terracotta,2981,9398,0.1298610808692244,0.10566372875258566,0.026777820968547517,0.024197352116638746
6053,urban+grass,alabaster,649,7979,0.17454350161117077,0.09762900976290098,0.10140965627764262,0.07691449184826979
6053,urban+grass,amber,508,3043,0.13668098818474758,0.03724094056619932,0.17771821767361634,0.09944004761854827
6053,urban+grass,bar,22,35,0.006176154672395274,0.0004404316229905307,0.016309346494525926,0.005735723049404743
6053,urban+grass,brown,792,19190,0.21294307196562837,0.2347867576892021,-0.020794492730340827,0.02184368572357373
6053,urban+grass,foo,185,398,0.04994629430719656,0.0048814504881450485,0.11615040246514828,0.045064843819051514
6053,urban+grass,gold,16,16,0.004564983888292159,0.0002079815997455284,0.014099960005411303,0.004357002288546631
6053,urban+grass,green,67,1839,0.018259935553168637,0.022510949619516014,-0.003821667467353413,0.004251014066347376
6053,urban+grass,indigo,397,431,0.10687432867883996,0.005285179475886369,0.3213440743608269,0.10158914920295359
6053,urban+grass,lavender,289,8943,0.07787325456498388,0.1094227898896474,-0.02648754573764467,0.03154953532466352
6053,urban+grass,lilac,6,1712,0.0018796992481203006,0.02095720472729942,-0.0045326516892324215,0.019077505479179118
6053,urban+grass,navy,10,1266,0.002953813104189044,0.015500746286916734,-0.004896805538716895,0.01254693318272769
6053,urban+grass,terracotta,745,6800,0.20032223415682063,0.0832048741099611,0.17600738412257225,0.11711736004685953
6053,urban+shrub,alabaster,267,1008,0.19648093841642228,0.11201154529307282,0.1104151103605041,0.08446939312334946
6053,urban+shrub,amber,134,564,0.09897360703812316,0.06272202486678508,0.04514587646714598,0.03625158217133809
6053,urban+shrub,bar,2,4,0.0021994134897360706,0.0005550621669626998,0.0030282974080866726,0.0016443513227733708
6053,urban+shrub,brown,340,1867,0.25,0.20737122557726465,0.04673759261769827,0.042628774422735355
6053,urban+shrub,foo,97,116,0.0718475073313783,0.012988454706927176,0.12289408759031543,0.058859052624451125
6053,urban+shrub,green,77,180,0.05718475073313783,0.020093250444049734,0.05980971992462371,0.03709150028908809
6053,urban+shrub,indigo,97,103,0.0718475073313783,0.011545293072824156,0.13135650510814945,0.06030221425855415
6053,urban+shrub,lavender,77,825,0.05718475073313783,0.09169626998223801,-0.027002321054776485,0.03451151924910018
6053,urban+shrub,terracotta,235,655,0.17302052785923755,0.07282415630550622,0.14972548139412767,0.10019637155373133
6055,crop,aqua,9,81,0.050761421319796954,0.04981773997569866,0.0009525633618689941,0.0009436813440982933
6055,crop,cocoa,52,251,0.26903553299492383,0.15309842041312272,0.15167213889647427,0.11593711258180112
6055,crop,foo,4,33,0.025380710659898477,0.020656136087484813,0.005227843662867143,0.004724574572413664
6055,crop,gray,59,59,0.30456852791878175,0.03645200486026731,0.6465684220809219,0.2681165230585144
6055,crop,ivory,1,24,0.01015228426395939,0.015188335358444714,-0.0040896344346114605,0.005036051094485324
6055,crop,olive,22,101,0.116751269035533,0.061968408262454436,0.07395271202187727,0.05478286077307856
6055,crop,purple,9,83,0.050761421319796954,0.05103280680437424,-0.00027066260661123246,0.000271385484577287
6055,crop,sienna,2,7,0.015228426395939087,0.004860267314702308,0.017391935017573103,0.01036815908123678
6055,crop,tan,1,1,0.01015228426395939,0.001215066828675577,0.021552280736030726,0.008937217435283813
6055,forest,aqua,306,368,0.06276835003066858,0.009152693719615041,0.12085435278797772,0.05361565631105354
6055,forest,cocoa,1982,2221,0.40543856062154976,0.05511459470185534,0.8090748613972435,0.3503239659196944
6055,forest,emerald,40,45,0.008382743815170722,0.0011409862089493004,0.016717557625674832,0.007241757606221422
6055,forest,foo,70,99,0.014516458801881005,0.002480404802063697,0.025648569589285033,0.012036053999817308
6055,forest,gray,553,553,0.11326927008791658,0.01374144260343288,0.23892471959481043,0.0995278274844837
6055,forest,ivory,6,7,0.0014312001635657329,0.00019843238416509574,0.002827794248247029,0.0012327677794006372
6055,forest,navy,2,299,0.0006133714986710284,0.00744121440619109,-0.0015308639675236232,0.0068278429075200615
6055,forest,olive,1450,4631,0.29666734819055407,0.11489235043159043,0.28142335299251287,0.18177499775896364
6055,forest,purple,393,431,0.0805561234921284,0.01071534874491517,0.16250401126226918,0.06984077474721323
6055,forest,sienna,3,15,0.0008178286648947046,0.0003968647683301915,0.0005913369616156375,0.00042096389656451306
6055,forest,tan,48,48,0.01001840114496013,0.0012153983530112115,0.021132330794486842,0.008803002791948919
6055,grass,aqua,4,4,0.050505050505050504,0.007267441860465116,0.0979125751413512,0.04323760864458539
6055,grass,cocoa,17,18,0.18181818181818182,0.027616279069767442,0.3426548666415415,0.1542019027484144
6055,grass,foo,2,2,0.030303030303030304,0.00436046511627907,0.05874754508481072,0.025942565186751233
6055,grass,gray,18,18,0.1919191919191919,0.027616279069767442,0.37206778553713454,0.16430291284942447
6055,grass,olive,12,28,0.13131313131313133,0.04215116279069767,0.14921406766221834,0.08916196852243366
6055,grass,purple,7,7,0.08080808080808081,0.011627906976744186,0.15666012022616194,0.06918017383133662
6055,grass,sienna,1,1,0.020202020202020204,0.0029069767441860465,0.039165030056540484,0.017295043457834156
6055,shrub,aqua,109,191,0.11190233977619532,0.012871220754843466,0.24200365414532438,0.09903111902135185
6055,shrub,cocoa,340,538,0.34689725330620547,0.03613327076489911,0.7846172609125306,0.3107639825413063
6055,shrub,emerald,1,1,0.002034587995930824,0.00013407521619628613,0.005533362484245704,0.0019005127797345378
6055,shrub,foo,72,126,0.07426246185147507,0.008513776228464168,0.16084655253901237,0.06574868562301091
6055,shrub,gray,112,112,0.11495422177009156,0.007575249715090166,0.3126349803598823,0.1073789720550014
6055,shrub,olive,161,378,0.16480162767039674,0.025407253469196218,0.30813088725064997,0.13939437420120052
6055,shrub,purple,105,148,0.10783316378433368,0.009988603606623316,0.2565502417216454,0.09784456017771036
6055,shrub,sienna,33,79,0.03458799593082401,0.005363008647851445,0.06447138629935655,0.029224987282972566
6055,shrub,tan,12,12,0.013224821973550356,0.0008714889052758597,0.035966856147597086,0.012353333068274496
6055,urban+crop,cocoa,2,7826,0.075,0.20967050629520492,-0.07710368755065262,0.13467050629520494
6055,urban+forest,aqua,544,663,0.07698827518011019,0.009369928737740774,0.16214867477220324,0.06761834644236941
6055,urban+forest,cocoa,2291,2814,0.32377454442717896,0.03972341776617512,0.6793134895003401,0.28405112666100385
6055,urban+forest,emerald,42,58,0.006074304280265575,0.0008325689691667255,0.012071505445886477,0.005241735311098849
6055,urban+forest,foo,739,1028,0.10453453877666337,0.01452056727580611,0.20634610483137827,0.09001397150085726
6055,urban+forest,gray,335,335,0.04746433112021472,0.004741409722712199,0.1093409217807332,0.04272292139750252
6055,urban+forest,ivory,4,4,0.0007063144511936714,7.055669230226487e-05,0.0016270970503085298,0.0006357577588914066
6055,urban+forest,maroon,19,20,0.0028252578047746855,0.00029633810766951246,0.006370543409118193,0.002528919697105173
6055,urban+forest,navy,12,14,0.0018364175731035457,0.0002116700769067946,0.003967659426814502,0.001624747496196751
6055,urban+forest,olive,1499,4975,0.21189433535810143,0.070218020179214,0.23403363960264922,0.14167631517888743
6055,urban+forest,purple,626,840,0.0885718321796864,0.01186763564524095,0.17802928387812075,0.07670419653444545
6055,urban+forest,sienna,608,706,0.08602910015538918,0.009976716291540252,0.1853438123795516,0.07605238386384894
6055,urban+forest,tan,160,160,0.02274332532843622,0.0022719254921329288,0.05239252501993466,0.020471399836303292
6055,urban+forest,terracotta,18,4011,0.0026839949145359516,0.05661468990333733,-0.00818339894839424,0.05393069498880138
6055,urban+forest,yellow,144,147,0.02048311908461647,0.00208847809214704,0.04676635026275957,0.01839464099246943
6055,urban+grass,aqua,2408,2532,0.09556869123656127,0.012918328420322525,0.19125188887851235,0.08265036281623875
6055,urban+grass,cocoa,5647,6122,0.2240647439203396,0.03122736870021114,0.4415509768096454,0.19283737522012845
6055,urban+grass,emerald,78,82,0.0031340500654580077,0.0004233009312620488,0.006274362120269247,0.0027107491341959587
6055,urban+grass,foo,3375,11863,0.13393105089855992,0.06050653311437285,0.106418101027031,0.07342451778418707
6055,urban+grass,gray,2405,2405,0.0954496766771135,0.01227062699537939,0.19580458912599236,0.08317904968173412
6055,urban+grass,ivory,75,78,0.003015035506010235,0.00040290088638195,0.0060682904865453574,0.002612134619628285
6055,urban+grass,maroon,131,134,0.0052366406157019875,0.0006885015147033324,0.010624714141196619,0.004548139100998655
6055,urban+grass,navy,77,219,0.0030943785456420837,0.0011220024684054305,0.0031391606576522406,0.0019723760772366533
6055,urban+grass,olive,2661,3545,0.10560558574999009,0.01808463978620753,0.18635671924910327,0.08752094596378256
6055,urban+grass,purple,3270,3519,0.1297655413178879,0.01795203949448689,0.2566795581145409,0.11181350182340101
6055,urban+grass,sienna,3139,3477,0.12456857222200182,0.01773783902324585,0.24280360356561798,0.10683073319875597
6055,urban+grass,tan,521,521,0.020708533343912407,0.002662205856852885,0.0424812948976592,0.018046327487059522
6055,urban+grass,terracotta,123,21547,0.004919268457174594,0.10989504176909189,-0.015281047850630072,0.10497577331191729
6055,urban+grass,yellow,1259,1314,0.049986114968064425,0.00670651475433246,0.10040540265342626,0.043279600213731964
6055,urban+shrub,aqua,50,133,0.10897435897435898,0.01902328222600795,0.19020918660270317,0.08995107674835102
6055,urban+shrub,cocoa,97,300,0.2094017094017094,0.042731402612152185,0.332806405954646,0.16667030678955722
6055,urban+shrub,emerald,1,2,0.004273504273504274,0.00042589437819420784,0.009854692587992675,0.003847609895310066
6055,urban+shrub,foo,71,311,0.15384615384615385,0.044293015332197615,0.19155786229308047,0.10955313851395623
6055,urban+shrub,gray,34,34,0.07478632478632478,0.004968767745599092,0.20278036555437126,0.06981755704072569
6055,urban+shrub,maroon,2,3,0.00641025641025641,0.0005678591709256105,0.015537058341324803,0.005842397239330799
6055,urban+shrub,olive,60,183,0.13034188034188035,0.02612152186257808,0.209511705333396,0.10422035847930228
6055,urban+shrub,purple,59,190,0.1282051282051282,0.0271152754116979,0.1991710651120411,0.1010898527934303
6055,urban+shrub,sienna,48,131,0.1047008547008547,0.018739352640545145,0.1801358887006679,0.08596150206030956
6055,urban+shrub,tan,3,3,0.008547008547008548,0.0005678591709256105,0.023174898920499575,0.007979149376082937
6055,urban+shrub,terracotta,0,764,0.002136752136752137,0.108603066439523,-0.008394044145572833,0.10646631430277086
6055,urban+shrub,yellow,5,45,0.01282051282051282,0.00653038046564452,0.008648477518428333,0.0062901323548683
6057,forest,bar,1,2,8.228759514503188e-05,5.5483632328463106e-05,3.243219953000042e-05,2.6803962816568776e-05
6057,forest,coffee,11000,11947,0.4526229170952479,0.22097281302015906,0.3245395438382855,0.23165010407508882
6057,forest,grey,1911,1922,0.07866694095865048,0.03556500832254485,0.06245059760860916,0.043101932636105636
6057,forest,lavender,1116,2093,0.045957621888500305,0.03872757536526725,0.007866465975636004,0.007230046523233058
6057,forest,navy,677,677,0.02789549475416581,0.012539300906232662,0.022305165436898717,0.015356193847933148
6057,forest,olive,7289,7496,0.2999382843036412,0.1386535971888293,0.2314317858098265,0.16128468711481192
6057,forest,orange,2183,2235,0.08985805389837483,0.0413538006288145,0.06973586272051349,0.04850425326956033
6057,forest,sage,90,8282,0.003744085579098951,0.15319030885888663,-0.013896187035088568,0.14944622327978768
6057,shrub,coffee,2,668,0.075,0.20880149812734083,-0.0767921938039354,0.13380149812734082
6057,urban+forest,bar,16,16,0.0022135416666666666,0.0004961041235007442,0.003310491557439173,0.0017174375431659224
6057,urban+forest,coffee,3056,3357,0.398046875,0.09799515568914699,0.5579230905770939,0.30005171931085306
6057,urban+forest,foo,4,7,0.0006510416666666666,0.00023346076400035018,0.0006676820413585838,0.00041758090266631645
6057,urban+forest,grey,489,551,0.06380208333333333,0.016108792716024164,0.0878185011593812,0.04769329061730916
6057,urban+forest,lavender,931,3475,0.12135416666666667,0.10143870195815216,0.021753774753108922,0.019915464708514505
6057,urban+forest,olive,1679,2150,0.21875,0.06277176292059415,0.27309279110358325,0.15597823707940583
6057,urban+forest,orange,986,1007,0.128515625,0.029416056264044123,0.18949755308752825,0.09909956873595588
6057,urban+forest,plum,55,55,0.007291666666666667,0.0016342253480024513,0.010905148659799628,0.005657441318664216
6057,urban+forest,sage,208,6714,0.027213541666666667,0.19596112878279395,-0.05372501783254966,0.16874758711612728
6057,urban+forest,scarlet,218,218,0.028515625,0.006390988414509587,0.0426469206517164,0.022124636585490413
6059,barren,alabaster,14,2133,0.11029411764705882,0.11039834454216244,-0.00010417767939308746,0.00010422689510361516
6059,barren,amber,4,905,0.03676470588235294,0.04687015002586653,-0.008928040703770386,0.010105444143513588
6059,barren,cocoa,30,8254,0.22794117647058823,0.4270563890325918,-0.14310795902562856,0.19911521256200357
6059,barren,green,7,856,0.058823529411764705,0.04433523021210554,0.01663307703225769,0.014488299199659167
6059,barren,navy,14,2252,0.11029411764705882,0.116554578375582,-0.006089233771732701,0.006260460728523182
6059,barren,orange,14,2668,0.11029411764705882,0.1380755302638386,-0.024777602408381203,0.02778141261677977
6059,barren,purple,4,148,0.03676470588235294,0.007708225556130367,0.05743567253510904,0.029056480326222576
6059,barren,red,11,1558,0.08823529411764706,0.08065183652353854,0.007929305929107212,0.007583457594108528
6059,forest,alabaster,548,4872,0.11839551434116886,0.05975841559874916,0.08094947677220281,0.05863709874241971
6059,forest,amber,11,1223,0.002587880094888937,0.015010117113250352,-0.004549196645032686,0.012422237018361416
6059,forest,cocoa,1977,36182,0.4265689023075264,0.44371819240909927,-0.016813534221728408,0.017149290101572845
6059,forest,green,1140,9371,0.24606426568902307,0.11493040652400514,0.18732034942519585,0.1311338591650179
6059,forest,grey,10,75,0.0023722234203148586,0.0009320007357900545,0.0022162481700081006,0.0014402226845248041
6059,forest,indigo,4,47,0.0010782833728703904,0.0005886320436568766,0.0006527111399889657,0.0004896513292135138
6059,forest,navy,356,4101,0.07698943282294587,0.050303513397510574,0.032766183149953165,0.0266859194254353
6059,forest,orange,318,4828,0.0687944791891309,0.05921883622539702,0.010311179790568108,0.00957564296373388
6059,forest,purple,11,390,0.002587880094888937,0.004794898522288307,-0.0015959805921875558,0.00220701842739937
6059,forest,red,224,2067,0.04852275177916757,0.025360230547550433,0.03148401545439357,0.023162521231617134
6059,grass,alabaster,46,2264,0.24736842105263157,0.2413682864450128,0.006074102381001151,0.006000134607618779
6059,grass,amber,8,323,0.04736842105263158,0.034526854219948847,0.014978765355002303,0.012841566832682734
6059,grass,cocoa,43,3019,0.23157894736842105,0.3218243819266837,-0.07620919454854988,0.09024543455826267
6059,grass,green,12,198,0.06842105263157895,0.02120630861040068,0.08014717927278056,0.04721474402117827
6059,grass,navy,15,780,0.08421052631578947,0.08322676896845695,0.0009895486798248852,0.0009837573473325256
6059,grass,orange,12,875,0.06842105263157895,0.09335038363171355,-0.021257012625928322,0.0249293310001346
6059,grass,purple,8,147,0.04736842105263158,0.01577152600170503,0.05209340313528614,0.031596895050926554
6059,grass,red,8,304,0.04736842105263158,0.03250213128729753,0.017841321421656297,0.014866289765334051
6059,shrub,alabaster,83,3540,0.12804878048780488,0.06441578286733005,0.08797624886931515,0.06363299762047483
6059,shrub,amber,25,1558,0.039634146341463415,0.028360408215240763,0.013265427200754444,0.011273738126222652
6059,shrub,cocoa,201,22605,0.3079268292682927,0.41123501482599917,-0.08908405567744099,0.10330818555770649
6059,shrub,green,33,1954,0.051829268292682924,0.035564206581652144,0.01951969623965701,0.01626506171103078
6059,shrub,indigo,1,61,0.003048780487804878,0.001127867421003802,0.0030317471311004656,0.0019209130668010762
6059,shrub,navy,96,5240,0.14786585365853658,0.09534117989485365,0.06488998992251463,0.05252467376368293
6059,shrub,orange,101,3979,0.15548780487804878,0.07240181186443762,0.11884492348501893,0.08308599301361116
6059,shrub,purple,39,207,0.06097560975609756,0.0037838132833675937,0.16949644133528766,0.05719179647272997
6059,shrub,red,39,3503,0.06097560975609756,0.063742700696731,-0.0027061423448931075,0.002767090940633446
6059,urban,alabaster,60177,131594,0.08673843701308903,0.03448268633477305,0.08001098356980689,0.05225575067831598
6059,urban,amber,60163,137601,0.08671825790912772,0.03605673927609287,0.0761013988336537,0.050661518633034856
6059,urban,cocoa,191193,1099957,0.2755802573412301,0.28822908693661836,-0.012367133446976448,0.012648829595388267
6059,urban,green,13607,42161,0.01961408905038578,0.011047980707828574,0.011258496278866052,0.008566108342557206
6059,urban,grey,1778,15284,0.0025641875676540495,0.004005227103058673,-0.0011435214801211416,0.0014410395354046233
6059,urban,indigo,1922,2827,0.0027717440655417296,0.0007410390740889714,0.0036564256558633845,0.0020307049914527584
6059,urban,lemon,1789,261704,0.0025800425779093582,0.06857624854471508,-0.008462901743337407,0.06599620596680572
6059,urban,navy,73332,122342,0.10569958791386982,0.03205832512067434,0.12610426872238398,0.0736412627931955
6059,urban,orange,137849,245450,0.19869210579039387,0.06431710812383738,0.22411093717117728,0.13437499766655647
6059,urban,purple,68649,126706,0.09894967763881422,0.03320185217842691,0.10805361707592787,0.06574782546038732
6059,urban,red,83290,160989,0.12005269628863037,0.04218524771484565,0.12555833724162846,0.07786744857378472
6059,urban+barren,alabaster,520,21630,0.09793233082706766,0.08761214281374674,0.010905463634798733,0.010320188013320922
6059,urban+barren,amber,468,27465,0.0881578947368421,0.11124567123676056,-0.020506544095619385,0.023087776499918458
6059,urban+barren,cocoa,1451,60146,0.2729323308270677,0.2436136819295652,0.0310160825371939,0.02931864889750249
6059,urban+barren,green,91,7418,0.017293233082706767,0.030049211203143036,-0.0095548768132487,0.01275597812043627
6059,urban+barren,grey,3,685,0.0007518796992481203,0.002778509082808481,-0.0009827770112235202,0.002026629383560361
6059,urban+barren,indigo,3,714,0.0007518796992481203,0.0028959679215860993,-0.0010139085262371459,0.002144088222337979
6059,urban+barren,lemon,3,2905,0.0007518796992481203,0.011770185706474413,-0.0020682320611515974,0.011018306007226293
6059,urban+barren,navy,522,23065,0.09830827067669173,0.0934243301808461,0.0050094311358842535,0.004883940495845632
6059,urban+barren,orange,1055,43130,0.19849624060150375,0.17469369570060148,0.02535512191391987,0.023802544900902278
6059,urban+barren,purple,420,14750,0.07913533834586466,0.05974604588995322,0.02224150274761655,0.019389292455911436
6059,urban+barren,red,746,36451,0.14041353383458646,0.1476417100386804,-0.007048279016344341,0.007228176204093939
6059,urban+crop,alabaster,15,597,0.06557377049180328,0.09665427509293681,-0.025440305670364823,0.031080504601133527
6059,urban+crop,amber,20,537,0.0860655737704918,0.08695652173913043,-0.0008863680172625571,0.0008909479686386307
6059,urban+crop,cocoa,59,1740,0.2459016393442623,0.28139647648294813,-0.03315565753482824,0.03549483713868584
6059,urban+crop,green,14,350,0.06147540983606557,0.056731857119767255,0.004936558270950686,0.004743552716298317
6059,urban+crop,navy,21,485,0.09016393442622951,0.07855180216583159,0.012431009808620481,0.011612132260397923
6059,urban+crop,orange,33,990,0.13934426229508196,0.16017455956036852,-0.019412974353218655,0.020830297265286568
6059,urban+crop,purple,15,560,0.06557377049180328,0.09067399385808954,-0.021252118888205114,0.025100223366286256
6059,urban+crop,red,29,677,0.12295081967213115,0.10958461289801195,0.01415009802781312,0.013366206774119191
6059,urban+forest,alabaster,3670,6509,0.07073354014528219,0.01928323247402984,0.09193124520985779,0.051450307671252346
6059,urban+forest,amber,2600,5242,0.05011657257365267,0.015530259272095,0.058714642496149896,0.034586313301557675
6059,urban+forest,cocoa,20086,134325,0.3870402127208617,0.3978862496630618,-0.010696848300031472,0.010846036942200099
6059,urban+forest,green,9369,16425,0.18054297770669955,0.04865535739146147,0.23672920342370699,0.1318876203152381
6059,urban+forest,grey,12,115,0.0002504865218983025,0.0003436029135157391,-7.917416939229297e-05,9.311639161743663e-05
6059,urban+forest,indigo,6,18,0.0001348773579452398,5.6279787558612436e-05,0.00011788691763815293,7.859757038662735e-05
6059,urban+forest,lemon,6,16933,0.0001348773579452398,0.050160101185133844,-0.000798286383297327,0.0500252238271886
6059,urban+forest,navy,2600,4778,0.05011657257365267,0.014155847618032043,0.06335857110593754,0.03596072495562063
6059,urban+forest,orange,6274,12000,0.12090791730091138,0.03554809107846883,0.148008554472692,0.08535982622244255
6059,urban+forest,purple,964,3546,0.018593807202450914,0.010506547708968332,0.010613901571471539,0.008087259493482582
6059,urban+forest,red,6274,9614,0.12090791730091138,0.028480534598739924,0.17480968057952878,0.09242738270217146
6059,urban+grass,alabaster,2248,17163,0.11696484293738298,0.05940292515452928,0.0792471820520178,0.057561917782853696
6059,urban+grass,amber,2045,22029,0.10640732265446225,0.07624367520125146,0.03546980976317202,0.03016364745321079
6059,urban+grass,cocoa,4798,73954,0.24958394008737259,0.2559510213122357,-0.006287221950573989,0.006367081224863097
6059,urban+grass,green,1148,5922,0.05975660495111296,0.02049892365941954,0.06393403069703661,0.03925768129169342
6059,urban+grass,grey,59,306,0.0031204493447056377,0.0010624969717105855,0.0033618324543356246,0.0020579523729950524
6059,urban+grass,indigo,32,143,0.0017162471395881006,0.0004983699150694603,0.002122230013366703,0.0012178772245186402
6059,urban+grass,lemon,40,16460,0.002132307052215519,0.05696991091637768,-0.007005308303418032,0.054837603864162164
6059,urban+grass,navy,1503,16424,0.07821926357395464,0.056845318437610315,0.024966187795426417,0.02137394513634433
6059,urban+grass,orange,3077,31445,0.1600790513833992,0.10883153020329339,0.06176917085688328,0.05124752118010581
6059,urban+grass,purple,1351,13846,0.0703141252340337,0.047923112596991786,0.026956663758261758,0.022391012637041914
6059,urban+grass,red,2889,23590,0.1503016434366549,0.08164614351669193,0.09172152449865671,0.06865549991996296
6059,urban+other,alabaster,23,23,0.11214953271028037,0.057007125890736345,0.07588674601800334,0.05514240681954403
6059,urban+other,amber,25,26,0.12149532710280374,0.06413301662707839,0.07762536802626054,0.05736231047572535
6059,urban+other,cocoa,37,98,0.17757009345794392,0.23515439429928742,-0.04987533236640944,0.0575843008413435
6059,urban+other,green,4,4,0.02336448598130841,0.011876484560570071,0.0158097387537507,0.01148800142073834
6059,urban+other,navy,13,13,0.06542056074766354,0.0332541567695962,0.044267268510501945,0.032166403978067346
6059,urban+other,orange,34,34,0.16355140186915887,0.0831353919239905,0.11066817127625488,0.08041600994516837
6059,urban+other,purple,13,13,0.06542056074766354,0.0332541567695962,0.044267268510501945,0.032166403978067346
6059,urban+other,red,27,27,0.1308411214953271,0.0665083135391924,0.08853453702100389,0.06433280795613469
6059,urban+shrub,alabaster,821,11937,0.0910803324099723,0.05331177878603837,0.04878122282995226,0.037768553623933936
6059,urban+shrub,amber,958,14431,0.10626038781163435,0.06444928727090851,0.053131670922706854,0.04181110054072584
6059,urban+shrub,cocoa,2318,57627,0.2569529085872576,0.2573505769711693,-0.00039736097900273037,0.0003976683839116979
6059,urban+shrub,green,325,3676,0.036121883656509694,0.016420456575327785,0.028477444364791417,0.01970142708118191
6059,urban+shrub,grey,2,404,0.000332409972299169,0.0018086170554821193,-0.0005630854441140161,0.0014762070831829503
6059,urban+shrub,indigo,2,229,0.000332409972299169,0.001027115858668858,-0.0003750053028896359,0.0006947058863696889
6059,urban+shrub,lemon,3,12425,0.00044321329639889195,0.055491050694866206,-0.002140687380435819,0.05504783739846732
6059,urban+shrub,navy,964,10696,0.10692520775623268,0.047769818870351186,0.08615344230230428,0.059155388885881496
6059,urban+shrub,orange,1666,21893,0.18470914127423824,0.09777249830302598,0.1175006966372334,0.08693664297121226
6059,urban+shrub,purple,966,11416,0.10714681440443213,0.05098513808009717,0.079574275834206,0.05616167632433496
6059,urban+shrub,red,962,14349,0.10670360110803324,0.06408309813868744,0.054405419441504184,0.0426205029693458
6061,crop,alabaster,35,963,0.24161073825503357,0.3319559228650138,-0.07675351880260059,0.09034518460998023
6061,crop,blue,10,40,0.0738255033557047,0.014118457300275482,0.12212371836930333,0.059707046055429217
6061,crop,brown,38,38,0.26174496644295303,0.013429752066115703,0.7773558706709388,0.24831521437683732
6061,crop,lavender,7,7,0.053691275167785234,0.0027548209366391185,0.1594576144966028,0.050936454231146115
6061,crop,sage,20,20,0.14093959731543623,0.007231404958677686,0.41857623805358235,0.13370819235675854
6061,crop,terracotta,1,31,0.013422818791946308,0.011019283746556474,0.002648447620932165,0.0024035350453898343
6061,forest,alabaster,3313,9125,0.12153439929587795,0.09689338118191664,0.02753800963322172,0.024641018113961313
6061,forest,blue,1456,1475,0.05343259498313041,0.015671118849935235,0.06554050105442573,0.03776147613319518
6061,forest,brown,12532,30550,0.4596230013202288,0.3243688021574332,0.16019031079273421,0.13525419916279563
6061,forest,grey,11,1922,0.000440076279888514,0.020417047119529443,-0.0016886507549016773,0.01997697083964093
6061,forest,lavender,977,2738,0.03586621681091389,0.02908075510160746,0.0075218342195327685,0.006785461709306433
6061,forest,olive,101,7390,0.003740648379052369,0.07847238443080713,-0.011384617752199806,0.07473173605175476
6061,forest,red,12,446,0.00047674930321255684,0.004745928269594207,-0.0010955944704762652,0.00426917896638165
6061,forest,sage,8189,8279,0.3003520610239108,0.08791115452402692,0.36902114021637156,0.2124409064998839
6061,forest,terracotta,639,2568,0.023470734927387413,0.02727581593867454,-0.0035263869426895105,0.003805081011287126
6061,grass,alabaster,16,35,0.18681318681318682,0.21301775147928995,-0.024522291888927454,0.02620456466610313
6061,grass,blue,5,5,0.06593406593406594,0.03550295857988166,0.040815771982827924,0.030431107354184278
6061,grass,brown,16,16,0.18681318681318682,0.10059171597633136,0.11564468728467912,0.08622147083685545
6061,grass,lavender,5,5,0.06593406593406594,0.03550295857988166,0.040815771982827924,0.030431107354184278
6061,grass,red,1,8,0.02197802197802198,0.05325443786982249,-0.019451388755385726,0.03127641589180051
6061,grass,sage,9,9,0.10989010989010989,0.05917159763313609,0.06802628663804654,0.0507185122569738
6061,grass,terracotta,1,1,0.02197802197802198,0.011834319526627219,0.013605257327609312,0.010143702451394761
6061,shrub,alabaster,189,822,0.09984235417761429,0.1083750329207269,-0.008187597716230822,0.008532678743112601
6061,shrub,blue,190,219,0.10036784025223332,0.028970239662891757,0.12471434379467393,0.07139760058934155
6061,shrub,brown,835,906,0.4393063583815029,0.1194363971556492,0.5721583281581064,0.3198699612258537
6061,shrub,grey,1,1,0.0010509721492380452,0.0002633658151171978,0.001454468600625957,0.0007876063341208474
6061,shrub,lavender,213,218,0.11245401996847083,0.02883855675533316,0.15303093429427378,0.08361546321313768
6061,shrub,olive,7,7,0.004203888596952181,0.0010534632604687912,0.005817874402503828,0.0031504253364833894
6061,shrub,red,55,421,0.029427220178665267,0.05557018698972873,-0.01870767103998676,0.026142966811063463
6061,shrub,sage,320,320,0.16868102995270626,0.042270213326310244,0.23344221040046614,0.12641081662639603
6061,shrub,terracotta,55,112,0.029427220178665267,0.014880168554121675,0.020066149106164367,0.014547051624543592
6061,urban,alabaster,4945,36016,0.1064777938042238,0.1077888574985635,-0.0013030577657178104,0.001311063694339698
6061,urban,amber,941,37743,0.020279434242535144,0.11295728787588584,-0.03482795071864765,0.0926778536333507
6061,urban,blue,4150,4150,0.08936298465049192,0.012422787780118752,0.17632872182769269,0.07694019687037316
6061,urban,brown,15703,15703,0.33807668295623344,0.046997701589733765,0.6670841357701965,0.2910789813664997
6061,urban,grey,106,106,0.0023035026156595123,0.00032022122198812486,0.004545211572046042,0.0019832813936713875
6061,urban,lavender,7082,7082,0.15248326193192827,0.02119744780693354,0.3008760146243188,0.13128581412499474
6061,urban,olive,195,195,0.00421950011840434,0.000586573453361425,0.0083258081132806,0.0036329266650429156
6061,urban,red,3239,46586,0.06975092032464317,0.13942192587626892,-0.0483076849286481,0.06967100555162575
6061,urban,sage,5435,5435,0.11702654410023465,0.016268435165677074,0.23091373930506803,0.10075810893455758
6061,urban,sienna,101,101,0.002195862306516544,0.0003052576134840069,0.00433281850793174,0.0018906046930325373
6061,urban,terracotta,4516,4516,0.09724225527975716,0.013518123922620189,0.1918758941208595,0.08372413135713697
6061,urban+barren,alabaster,26,64,0.07238605898123325,0.08004926108374384,-0.007284099332662277,0.007663202102510591
6061,urban+barren,amber,9,57,0.02680965147453083,0.07142857142857142,-0.026271742547842123,0.04461891995404059
6061,urban+barren,blue,35,35,0.09651474530831099,0.04433497536945813,0.07508093602853362,0.05217976993885286
6061,urban+barren,brown,113,113,0.30563002680965146,0.14039408866995073,0.23775629742368987,0.16523593813970072
6061,urban+barren,lavender,59,59,0.16085790884718498,0.07389162561576355,0.12513489338088937,0.08696628323142143
6061,urban+barren,olive,2,2,0.00804289544235925,0.003694581280788177,0.006256744669044471,0.004348314161571072
6061,urban+barren,red,19,86,0.05361930294906166,0.10714285714285714,-0.037118172899878295,0.053523554193795474
6061,urban+barren,sage,46,46,0.1260053619302949,0.05788177339901478,0.09802233314836337,0.06812358853128013
6061,urban+barren,terracotta,26,26,0.07238605898123325,0.0332512315270936,0.05631070202140024,0.03913482745413965
6061,urban+crop,alabaster,32,7868,0.11827956989247312,0.1020384346067066,0.017470070655177427,0.016241135285766525
6061,urban+crop,amber,13,4954,0.05017921146953405,0.064252184963303,-0.012405048927771044,0.014072973493768945
6061,urban+crop,blue,15,937,0.05734767025089606,0.01216317850566664,0.08893012110396432,0.04518449174522941
6061,urban+crop,brown,75,75,0.2724014336917563,0.0009855027360668068,1.531408230205299,0.2714159309556895
6061,urban+crop,lavender,32,32,0.11827956989247312,0.0004279156617132187,0.6649535736417745,0.11785165423075991
6061,urban+crop,red,21,11509,0.07885304659498207,0.14925179594906507,-0.05031209450357494,0.070398749354083
6061,urban+crop,sage,24,24,0.08960573476702509,0.0003241785316009233,0.5037527073043746,0.08928155623542416
6061,urban+crop,terracotta,29,4020,0.10752688172043011,0.0521408750226925,0.07782706325609705,0.05538600669773761
6061,urban+forest,alabaster,1976,6630,0.0767677552129849,0.0587458804351678,0.02054026214430069,0.018021874777817103
6061,urban+forest,blue,746,746,0.02900632935968625,0.006617881569155533,0.04286377677049686,0.022388447790530716
6061,urban+forest,brown,11187,19574,0.4344348231274026,0.17342039051702754,0.39895334917335806,0.26101443261037505
6061,urban+forest,grey,62,551,0.002446316933949443,0.00489032212339204,-0.001694501540111769,0.0024440051894425974
6061,urban+forest,lavender,2544,5018,0.09882343804605288,0.04446472235018959,0.0789242206287688,0.05435871569586329
6061,urban+forest,olive,443,2122,0.01724070982021512,0.01880824976079946,-0.001500323694585508,0.0015675399405843393
6061,urban+forest,red,1280,5853,0.049741777656972005,0.05186222048974096,-0.0020764913738441164,0.002120442832768951
6061,urban+forest,sage,6505,6713,0.2526307614646837,0.05948120060951841,0.3653719567414871,0.1931495608551653
6061,urban+forest,sienna,10,10,0.0004271347027530773,9.745207129947907e-05,0.0006311934999671559,0.00032968263145359826
6061,urban+forest,terracotta,962,4058,0.037393701704655766,0.03595981430950778,0.0014621027424344666,0.0014338873951479855
6061,urban+grass,alabaster,3156,5062,0.1308167239879004,0.11859642547609567,0.012829319520875935,0.012220298511804728
6061,urban+grass,amber,1231,3040,0.05105042887332698,0.07123281253660022,-0.017006920316023477,0.020182383663273233
6061,urban+grass,blue,2446,2446,0.10139642812746033,0.05731887283033895,0.05783732634415286,0.04407755529712138
6061,urban+grass,brown,7264,7588,0.3010400696142212,0.17776580543908552,0.15858080211381326,0.12327426417513568
6061,urban+grass,grey,14,14,0.0006215555463473252,0.0003513621137944766,0.00035454021052811315,0.00027019343255284863
6061,urban+grass,lavender,3170,3274,0.13139684249782455,0.07671406151179405,0.07070950961902242,0.054682780986030494
6061,urban+grass,olive,14,14,0.0006215555463473252,0.0003513621137944766,0.00035454021052811315,0.00027019343255284863
6061,urban+grass,red,1463,3338,0.06066382132349894,0.07821320653065049,-0.015414132158973796,0.017549385207151547
6061,urban+grass,sage,3385,3385,0.14030580532880288,0.07931414115387318,0.08003154352321273,0.0609916641749297
6061,urban+grass,sienna,7,7,0.0003314962913852401,0.00018739312735705418,0.00018908811228166033,0.00014410316402818594
6061,urban+grass,terracotta,1945,2193,0.08063647287945966,0.05139256517767211,0.03632330790284114,0.02924390770178755
6061,urban+shrub,alabaster,228,1079,0.07831737346101231,0.1094224924012158,-0.026193010993985088,0.0311051189402035
6061,urban+shrub,amber,135,736,0.046511627906976744,0.07467071935157042,-0.022017939297461698,0.02815909144459368
6061,urban+shrub,blue,198,220,0.06805745554035568,0.022391084093211753,0.07565875428117474,0.04566637144714393
6061,urban+shrub,brown,883,914,0.3023255813953488,0.09270516717325228,0.3573731166502266,0.20962041422209654
6061,urban+shrub,lavender,528,538,0.18091655266757867,0.05460992907801419,0.21670549632567981,0.1263066235895645
6061,urban+shrub,olive,3,3,0.0013679890560875513,0.0004052684903748733,0.0016642234084238827,0.0009627205657126779
6061,urban+shrub,red,260,1166,0.08926128590971272,0.1182370820668693,-0.02509348201059069,0.028975796157156578
6061,urban+shrub,sage,361,361,0.1238030095759234,0.03667679837892604,0.1506122184623614,0.08712621119699736
6061,urban+shrub,sienna,1,1,0.0006839945280437756,0.00020263424518743666,0.0008321117042119413,0.00048136028285633895
6061,urban+shrub,terracotta,289,443,0.09917920656634747,0.044984802431610946,0.078411444907929,0.05419440413473653
6063,forest,alabaster,409,5337,0.08536331459504476,0.12705288713286048,-0.033947880224626074,0.04168957253781572
6063,forest,bar,2,55,0.0006246096189881324,0.0013328890369876708,-0.0004734398680051457,0.0007082794179995384
6063,forest,beige,61,79,0.012908598792421403,0.0019041271956966724,0.024705378986725944,0.01100447159672473
6063,forest,coffee,2285,3772,0.4759525296689569,0.08980339886704432,0.7937437956960088,0.3861491308019126
6063,forest,lilac,238,378,0.049760566312721216,0.009020802589612987,0.08497559761343591,0.04073976372310823
6063,forest,plum,1,2,0.00041640641265875496,7.140476983862522e-05,0.0007342482054060533,0.00034500164282012975
6063,forest,red,163,200,0.0341453258380179,0.004784119579187889,0.06710661787998573,0.029361206258830014
6063,forest,verde,1606,8132,0.3345825525713096,0.19357833103251298,0.18308404150430824,0.1410042215387966
6063,shrub,alabaster,8,974,0.06923076923076923,0.12570912841670964,-0.04129790730609238,0.05647835918594041
6063,shrub,bar,1,20,0.015384615384615385,0.002707581227436823,0.026727881672976652,0.012677034157178562
6063,shrub,beige,7,21,0.06153846153846154,0.0028365136668385767,0.18935917872175262,0.058701947871622966
6063,shrub,coffee,61,1443,0.47692307692307695,0.18617844249613202,0.44861751656119514,0.2907446344269449
6063,shrub,lilac,3,179,0.03076923076923077,0.02320783909231563,0.008677694650358161,0.007561391676915143
6063,shrub,red,3,173,0.03076923076923077,0.022434244455905104,0.009720819317302207,0.008334986313325667
6063,shrub,verde,9,540,0.07692307692307693,0.06975244971634863,0.007527183081117247,0.0071706272067283
6063,urban+forest,alabaster,147,8019,0.04532924961715161,0.12083954858442948,-0.04444583284982367,0.07551029896727787
6063,urban+forest,bar,5,337,0.0018376722817764165,0.0050927390799921654,-0.001873168959854332,0.0032550667982157487
6063,urban+forest,beige,162,168,0.049923430321592646,0.0025463695399960827,0.14856323243909778,0.047377060781596564
6063,urban+forest,coffee,1279,2363,0.39203675344563554,0.03561903900917597,0.9402904681282407,0.3564177144364596
6063,urban+forest,lilac,369,703,0.11332312404287902,0.010607361870752912,0.2684279135365033,0.10271576217212611
6063,urban+forest,plum,37,45,0.011638591117917305,0.0006930946676912414,0.03283147720036279,0.010945496450226064
6063,urban+forest,red,214,535,0.06584992343032159,0.008076059606141422,0.13818436435826997,0.05777386382418016
6063,urban+forest,terracotta,107,9187,0.0330781010719755,0.13843812623363316,-0.047353022388072916,0.10536002516165766
6063,urban+forest,verde,833,11101,0.2554364471669219,0.16727689131974266,0.10813216613346241,0.08815955584717922
6063,urban+forest,yellow,74,87,0.022970903522205207,0.001325920233844114,0.06551581048221292,0.02164498328836109
6063,urban+grass,alabaster,2,1993,0.04918032786885246,0.09854700009884353,-0.034182289635794234,0.04936667222999107
6063,urban+grass,beige,4,96,0.08196721311475409,0.004793911238509439,0.23270268086256077,0.07717330187624466
6063,urban+grass,coffee,9,732,0.16393442622950818,0.036226153998220816,0.24748937109834726,0.12770827223128736
6063,urban+grass,lilac,2,405,0.04918032786885246,0.020065236730256005,0.0440904049996181,0.029115091138596453
6063,urban+grass,red,2,382,0.04918032786885246,0.018928536127310467,0.04695851174163876,0.03025179174154199
6063,urban+grass,terracotta,2,2204,0.04918032786885246,0.1089749925867352,-0.03912908491575306,0.05979466471788274
6063,urban+grass,verde,2,883,0.04918032786885246,0.043688840565384995,0.005822999932278233,0.005491487303467463
6063,urban+shrub,beige,2,42,0.0625,0.013378967019290604,0.09634266927275714,0.0491210329807094
6063,urban+shrub,coffee,5,448,0.125,0.13970130678282514,-0.013899110390579044,0.014701306782825135
6063,urban+shrub,lilac,2,220,0.0625,0.0687616677037959,-0.00596749234125476,0.006261667703795895
6063,urban+shrub,red,1,223,0.041666666666666664,0.06969508400746734,-0.02143451399606365,0.028028417340800672
6065,barren,alabaster,1072,2133,0.15591397849462366,0.10109431995831163,0.06754980808232092,0.05481965853631203
6065,barren,amber,466,905,0.06785818076140657,0.04292008148183239,0.031084484541241037,0.024938099279574175
6065,barren,cocoa,2303,9024,0.33478639930252835,0.42754275427542754,-0.0818758904199438,0.09275635497289919
6065,barren,green,414,856,0.06030223772159256,0.04059879672177744,0.02385742159166648,0.019703440999815115
6065,barren,grey,65,73,0.00959023539668701,0.0035056137192666635,0.009651419480366094,0.006084621677420347
6065,barren,indigo,31,45,0.004649811101424005,0.0021791652849495477,0.0035240206393921595,0.002470645816474457
6065,barren,lemon,20,42,0.003051438535309503,0.002037045809844142,0.0012331244687661452,0.0010143927254653608
6065,barren,navy,616,2255,0.08965417029933159,0.10687384527926477,-0.015751287948973663,0.01721967497993318
6065,barren,orange,1043,2668,0.15170008718395817,0.12643895968544222,0.027631533965725055,0.025261127498515945
6065,barren,purple,49,359,0.007265329845975007,0.017054337012648635,-0.00619943943311076,0.009789007166673629
6065,barren,red,765,1558,0.1113048532403371,0.07385475389644228,0.04565418803817175,0.03745009934389483
6065,crop,alabaster,473,484,0.2651006711409396,0.11503795066413662,0.2213186498469169,0.15006272047680297
6065,crop,amber,68,68,0.03859060402684564,0.016366223908918405,0.03310260082754697,0.022224380117927232
6065,crop,cocoa,524,1219,0.2936241610738255,0.2893738140417457,0.004281410044648605,0.004250347032079771
6065,crop,green,68,68,0.03859060402684564,0.016366223908918405,0.03310260082754697,0.022224380117927232
6065,crop,grey,47,48,0.026845637583892617,0.011622390891840606,0.022474358316375922,0.01522324669205201
6065,crop,indigo,5,5,0.003355704697986577,0.0014231499051233396,0.0028784870284823453,0.0019325547928632375
6065,crop,navy,221,226,0.12416107382550336,0.053842504743833015,0.10373862569969389,0.07031856908167033
6065,crop,orange,208,209,0.11689038031319911,0.04981024667931689,0.0997093477900626,0.06708013363388221
6065,crop,purple,68,248,0.03859060402684564,0.059060721062618594,-0.016422511610290798,0.020470117035772957
6065,crop,red,68,68,0.03859060402684564,0.016366223908918405,0.03310260082754697,0.022224380117927232
6065,forest,alabaster,803,4872,0.09105322763306908,0.07168284789644012,0.021779272459116598,0.01937037973662896
6065,forest,amber,277,1223,0.031483578708946774,0.01800529567519859,0.017593029458118893,0.013478283033748185
6065,forest,cocoa,3589,29849,0.40656851642129105,0.4390997352162401,-0.03129524876488073,0.032531218794949024
6065,forest,green,2288,9371,0.25922989807474517,0.1378640776699029,0.16368995440513148,0.12136582040484226
6065,forest,grey,27,75,0.0031710079275198188,0.0011179758752574286,0.0033058699419192842,0.0020530320522623904
6065,forest,indigo,27,47,0.0031710079275198188,0.000706090026478376,0.004763050601329965,0.002464917901041443
6065,forest,lemon,5,97,0.0006795016987542468,0.0014416004707266843,-0.0005110868492347106,0.0007620987719724375
6065,forest,navy,803,4101,0.09105322763306908,0.06034127684613121,0.037461834609262556,0.03071195078693787
6065,forest,orange,551,4828,0.06251415628539071,0.07103559870550162,-0.0079885658764755,0.008521442420110908
6065,forest,purple,211,391,0.024009060022650058,0.005766401882906737,0.03424611421077396,0.01824265813974332
6065,forest,red,211,2067,0.024009060022650058,0.030420711974110032,-0.005682762790089655,0.006411651951459974
6065,grass,alabaster,756,2264,0.29873717442778214,0.311340206185567,-0.012344433450692648,0.012603031757784877
6065,grass,amber,120,323,0.04775059194948698,0.0445360824742268,0.003327822839986388,0.0032145094752601758
6065,grass,cocoa,746,2255,0.2947908445146014,0.3101030927835052,-0.014927824055214282,0.015312248268903761
6065,grass,green,67,198,0.026835043409629045,0.027353951890034364,-0.0005139551738377351,0.0005189084804053182
6065,grass,grey,27,43,0.011049723756906077,0.006048109965635739,0.00665922218138731,0.005001613791270338
6065,grass,indigo,6,7,0.0027624309392265192,0.001099656357388316,0.002544511984900791,0.0016627745818382032
6065,grass,lemon,3,5,0.0015785319652722968,0.0008247422680412372,0.001024750786188547,0.0007537896972310596
6065,grass,navy,236,780,0.09352801894238358,0.10735395189003437,-0.01289473392990892,0.01382593294765079
6065,grass,orange,338,875,0.13378058405682716,0.12041237113402062,0.014084252343056188,0.013368212922806544
6065,grass,purple,20,147,0.008287292817679558,0.020343642611683848,-0.007442362747641574,0.01205634979400429
6065,grass,red,177,304,0.0702446724546172,0.04192439862542955,0.03625443483113822,0.02832027382918765
6065,shrub,alabaster,2232,3540,0.10824567356633864,0.07771145152087082,0.03587269970914933,0.030534222045467824
6065,shrub,amber,1106,1551,0.053662320034902324,0.03406048369398235,0.024393452727196018,0.01960183634091997
6065,shrub,cocoa,7409,18535,0.35920306364826216,0.40679453978843877,-0.04469218033145779,0.047591476140176614
6065,shrub,green,1117,1954,0.054195549953948326,0.042904797436685245,0.012660901686908265,0.01129075251726308
6065,shrub,grey,32,230,0.0015996897571380097,0.005069569415792477,-0.0018451560355396653,0.0034698796586544673
6065,shrub,indigo,44,61,0.002181395123370013,0.001360663652723522,0.0010296012134909448,0.0008207314706464911
6065,shrub,lemon,11,238,0.0005817053662320035,0.005245138919369705,-0.0012792241585598077,0.004663433553137702
6065,shrub,navy,3137,5240,0.15211595326966892,0.11501997103103191,0.04252208378526518,0.03709598223863701
6065,shrub,orange,3083,3979,0.1494982791216249,0.08734582802967125,0.08034181157505031,0.06215245109195364
6065,shrub,purple,140,210,0.006835038053226041,0.004630645656849406,0.0026613295707014666,0.002204392396376635
6065,shrub,red,2280,3503,0.11057249503126666,0.07689944256682614,0.040156916187518876,0.03367305246444052
6065,urban,alabaster,34850,131594,0.1264591369094056,0.06825916437441679,0.07797565554974203,0.05819997253498882
6065,urban,amber,34859,131321,0.12649179399907834,0.068117557536207,0.078291139194069,0.058374236462871334
6065,urban,cocoa,63879,530839,0.23179276536606783,0.2753500878947939,-0.03991462499608843,0.0435573225287261
6065,urban,green,8253,42161,0.029950179795421476,0.02186969784835412,0.009417334136446109,0.008080481947067356
6065,urban,grey,911,5143,0.003309251753504287,0.002668225552201831,0.000712509843221737,0.0006410262013024563
6065,urban,indigo,295,2827,0.001074055393681216,0.0014669016060705243,-0.0003347947236251881,0.00039284621238930826
6065,urban,lemon,905,80162,0.0032874803603891276,0.041581058503335024,-0.008342058064316286,0.03829357814294589
6065,urban,navy,18966,122353,0.06882300220253927,0.06346579883633413,0.005577200242225738,0.0053572033662051405
6065,urban,orange,52226,245450,0.18950909137090835,0.1273169965034004,0.07537856518293203,0.06219209486750796
6065,urban,purple,27422,127189,0.09950615223283779,0.06597426282747879,0.04089252739942902,0.033531889405359006
6065,urban,red,32987,160989,0.1196991193471485,0.08350653803440372,0.04309842522919068,0.036192581312744776
6065,urban+barren,alabaster,12947,21630,0.08669161806945774,0.0897831275293141,-0.003037662724930702,0.0030915094598563536
6065,urban+barren,amber,17190,27442,0.11510006226691752,0.11390681747431773,0.0011994730728710837,0.0011932447925997874
6065,urban+barren,cocoa,36011,58200,0.24111357351848256,0.24157310366296567,-0.0004590927986540483,0.0004595301444831057
6065,urban+barren,green,4386,7418,0.029372577113894897,0.03079381550274982,-0.0013879243697740835,0.0014212383888549222
6065,urban+barren,grey,514,661,0.0034481142497505978,0.002747743073570613,0.0007828861102099471,0.0007003711761799846
6065,urban+barren,indigo,584,714,0.003916789973017669,0.0029677285462280795,0.001086813541858264,0.00094906142678959
6065,urban+barren,lemon,763,1948,0.005115260751086323,0.008089654456781156,-0.0023446188557580206,0.002974393705694833
6065,urban+barren,navy,15720,23067,0.10525787207830901,0.09574763930683823,0.009967635327588214,0.009510232771470783
6065,urban+barren,orange,28359,43130,0.1898806215979164,0.17902251738092767,0.011180925577670522,0.01085810421698874
6065,urban+barren,purple,8932,15038,0.05980971765635357,0.06242191553387984,-0.0025567621877809455,0.0026121978775262705
6065,urban+barren,red,23913,36451,0.16011301780298212,0.15130019715679152,0.009064638913162502,0.0088128206461906
6065,urban+crop,alabaster,473,597,0.09781262897234833,0.018084495115976654,0.16510759559282775,0.07972813385637167
6065,urban+crop,amber,408,537,0.08439950474618242,0.016269997278253245,0.13894173770095644,0.06812950746792917
6065,urban+crop,cocoa,1374,7955,0.2837391663227404,0.24060241328212417,0.04679129935629861,0.043136753040616205
6065,urban+crop,green,275,350,0.05695418902187371,0.010614812350681948,0.09568285678836762,0.04633937667119176
6065,urban+crop,grey,21,31,0.004539826661163846,0.000967732180119152,0.00701715892620494,0.003572094481044694
6065,urban+crop,indigo,19,21,0.004127115146512587,0.000665315873831917,0.007532282311260464,0.0034617992726806704
6065,urban+crop,lemon,22,49,0.0047461824184894755,0.001512081531436175,0.0054289368694688395,0.0032341008870533008
6065,urban+crop,navy,405,537,0.08378043747420554,0.016269997278253245,0.13730581386806637,0.06751044019595229
6065,urban+crop,orange,814,990,0.16817994222038796,0.02996945595306499,0.2900861425150417,0.13821048626732296
6065,urban+crop,purple,496,5390,0.1025588113908378,0.1630326307194484,-0.047537441368046926,0.060473819328610595
6065,urban+crop,red,501,677,0.10359059017746595,0.020503825566274534,0.16779966525344256,0.08308676461119142
6065,urban+forest,alabaster,1169,6509,0.04941504413565908,0.030013277763434515,0.024639084165277745,0.019401766372224565
6065,urban+forest,amber,1169,5206,0.04941504413565908,0.024006011876221738,0.03567522180883341,0.02540903225943734
6065,urban+forest,cocoa,9217,88787,0.38932297166026103,0.40934238188322947,-0.019521691303101354,0.020019410222968437
6065,urban+forest,green,3849,16425,0.16260505976263884,0.07572935492199313,0.1242560303526186,0.0868757048406457
6065,urban+forest,grey,8,79,0.00038011572412045445,0.0003688267620698558,1.1459990827472156e-05,1.1288962050598668e-05
6065,urban+forest,indigo,11,18,0.0005068209654939393,8.759635599159075e-05,0.0008896828570317219,0.00041922460950234854
6065,urban+forest,lemon,8,9671,0.00038011572412045445,0.044591155534245565,-0.001811181130031873,0.04421103981012511
6065,urban+forest,navy,1630,4778,0.06888541622671791,0.02203278869914801,0.07852336428605068,0.0468526275275699
6065,urban+forest,orange,3296,12000,0.13924906026945982,0.055328624645004244,0.12852322469241834,0.08392043562445559
6065,urban+forest,purple,1641,3549,0.06935000211175402,0.01636668756684985,0.10013572703485776,0.05298331454490417
6065,urban+forest,red,1641,9614,0.06935000211175402,0.044328366466270794,0.03103699554612551,0.025021635645483223
6065,urban+grass,alabaster,11275,17163,0.09995656374934624,0.09458886029350982,0.005517204079752244,0.005367703455836412
6065,urban+grass,amber,15822,21835,0.14026363144784548,0.12033572322122353,0.02149374690956372,0.01992790822662195
6065,urban+grass,cocoa,23822,41510,0.21117995904582082,0.2287624201610281,-0.01688876709242095,0.017582461115207282
6065,urban+grass,green,3310,5922,0.029350495084612044,0.03264098226045553,-0.003118760390714824,0.0032904871758434873
6065,urban+grass,grey,97,184,0.0008687250130751979,0.0010195140500057864,-0.00013904355319163425,0.0001507890369305885
6065,urban+grass,indigo,99,143,0.0008864540949746917,0.000793567692977477,9.81220436018692e-05,9.288640199721474e-05
6065,urban+grass,lemon,155,1604,0.0013828683881605191,0.008844973244644797,-0.002566174235170373,0.007462104856484277
6065,urban+grass,navy,11286,16424,0.10005407369979345,0.09051631498024347,0.010023483775033416,0.009537758719549982
6065,urban+grass,orange,21757,31445,0.19287468198459343,0.17329534495395654,0.02064594759690562,0.019579337030636884
6065,urban+grass,purple,10309,13846,0.09139341719189072,0.07630924892124391,0.01648548108479604,0.015084168270646806
6065,urban+grass,red,14839,23590,0.13154978769424425,0.13000732947938654,0.0015515724071530777,0.0015424582148577115
6065,urban+shrub,alabaster,8263,11937,0.1063263126744979,0.07034725782405525,0.043920101861563976,0.03597905485044264
6065,urban+shrub,amber,10703,14361,0.13771985126667782,0.0846312042946123,0.06705834543797377,0.05308864697206553
6065,urban+shrub,cocoa,16829,42254,0.21653821905999512,0.24899676489826222,-0.03024450817324134,0.0324585458382671
6065,urban+shrub,green,1324,3676,0.01704772075190098,0.021667521110659334,-0.0040880076663251125,0.004619800358758353
6065,urban+shrub,grey,231,336,0.002984959407125304,0.001985845693307641,0.0012164941847558888,0.0009991137138176632
6065,urban+shrub,indigo,200,229,0.0025861070725525263,0.001355324953889488,0.0016709159513776431,0.0012307821186630383
6065,urban+shrub,lemon,314,6637,0.004052854367433064,0.03911585671268879,-0.009188252530000511,0.03506300234525572
6065,urban+shrub,navy,6881,10696,0.08854521827515664,0.06303439579024284,0.030090571238024794,0.025510822484913806
6065,urban+shrub,orange,15592,21893,0.20062272429010716,0.1290151501758976,0.08857419248182871,0.07160757411420957
6065,urban+shrub,purple,7827,11428,0.1007166475817969,0.0673478647739259,0.040532398157846476,0.03336878280787099
6065,urban+shrub,red,9521,14349,0.12251199773554804,0.0845604916883224,0.045420319747281314,0.037951506047225636
6067,crop,alabaster,547,2476,0.32599643069601425,0.3171981047509284,0.00891923551848187,0.008798325945085839
6067,crop,amber,31,63,0.01903628792385485,0.008195671660904085,0.016042658031059878,0.010840616262950764
6067,crop,cocoa,586,785,0.3491969066032124,0.10065309258547829,0.4343856177586445,0.24854381401773412
6067,crop,gray,21,55,0.013087447947650209,0.007171212703291074,0.007873131530814382,0.005916235244359134
6067,crop,green,115,197,0.06900654372397383,0.025355359200922013,0.06909012587581388,0.04365118452305182
6067,crop,indigo,1,63,0.001189767995240928,0.008195671660904085,-0.0022960711987455884,0.0070059036656631565
6067,crop,navy,125,128,0.07495538370017847,0.016519400691509797,0.11335934141482872,0.058435983008668674
6067,crop,orange,115,115,0.06900654372397383,0.014854654885388655,0.1059863265850511,0.054151888838585176
6067,crop,purple,51,125,0.030933967876264127,0.016135228582404917,0.02013336902913055,0.01479873929385921
6067,crop,red,51,103,0.030933967876264127,0.013317966448969138,0.026069319300472293,0.01761600142729499
6067,forest,alabaster,470,11864,0.08906959152798789,0.11876282468344927,-0.02562625163195847,0.02969323315546138
6067,forest,cocoa,2273,2512,0.4300302571860817,0.025153896201391322,1.2207882859218362,0.4048763609846904
6067,forest,green,1033,8020,0.19553706505295007,0.08028627195836044,0.1740575737508892,0.11525079309458963
6067,forest,navy,537,546,0.10173978819969742,0.005475201441369301,0.29730292958163246,0.09626458675832812
6067,forest,orange,537,537,0.10173978819969742,0.005385115860067064,0.29899081731536653,0.09635467233963035
6067,forest,red,400,497,0.0758320726172466,0.004984735498723788,0.2064255926354076,0.07084733711852281
6067,grass,alabaster,19,247,0.1724137931034483,0.30024213075060535,-0.09563653279247895,0.12782833764715706
6067,grass,amber,2,29,0.02586206896551724,0.03631961259079903,-0.008782254583950834,0.010457543625281788
6067,grass,cocoa,23,24,0.20689655172413793,0.03026634382566586,0.3976929492195224,0.17663020789847206
6067,grass,gray,2,2,0.02586206896551724,0.0036319612590799033,0.05076735989003311,0.022230107706437338
6067,grass,green,3,22,0.034482758620689655,0.02784503631961259,0.007372576813977738,0.006637722301077065
6067,grass,indigo,1,62,0.017241379310344827,0.07627118644067797,-0.025637637300292653,0.059029807130333144
6067,grass,navy,10,11,0.09482758620689655,0.014527845036319613,0.17789590741098982,0.08029974117057694
6067,grass,orange,11,11,0.10344827586206896,0.014527845036319613,0.20306943956013243,0.08892043082574935
6067,grass,red,7,10,0.06896551724137931,0.013317191283292978,0.11341730008938473,0.05564832595808633
6067,shrub,alabaster,387,2431,0.09673398155073548,0.1313742437337943,-0.02960885167842412,0.03464026218305882
6067,shrub,amber,178,441,0.04462727499376714,0.023876404494382022,0.027912330299011887,0.020750870499385118
6067,shrub,cocoa,1760,1958,0.43904263275991023,0.10582324978392395,0.6246813933913584,0.3332193829759863
6067,shrub,gray,4,5,0.0012465719272001994,0.00032411408815903196,0.0016792034740332215,0.0009224578390411674
6067,shrub,green,144,565,0.036150585888805785,0.03057476231633535,0.006055882807956987,0.005575823572470436
6067,shrub,indigo,7,590,0.0019945150835203192,0.03192523768366465,-0.0055307821332592514,0.02993072260014433
6067,shrub,lemon,3,3,0.0009972575417601596,0.000216076058772688,0.001525184326764802,0.0007811814829874716
6067,shrub,navy,593,596,0.1480927449513837,0.032249351771823684,0.225743811778177,0.11584339317956001
6067,shrub,orange,595,595,0.14859137372226378,0.03219533275713051,0.22725246468795546,0.11639604096513326
6067,shrub,purple,34,77,0.008726003490401396,0.004213483146067416,0.006352686024984529,0.0045125203443339805
6067,shrub,red,268,427,0.06706556968337073,0.023120138288677615,0.07142260296854831,0.04394543139469311
6067,urban,alabaster,31071,57330,0.10798975431913836,0.11110852708671275,-0.0030745860086033535,0.003118772767574385
6067,urban,amber,36802,43954,0.12790766375538262,0.0851855943223816,0.05199143235401691,0.042722069433001025
6067,urban,cocoa,66306,68540,0.230447883613514,0.13283371221591075,0.12695988594318056,0.09761417139760326
6067,urban,gray,308,516,0.001073919737532626,0.0010019554604634576,7.448890937211958e-05,7.196427706916827e-05
6067,urban,green,20088,20088,0.0698186848132457,0.03893284960396596,0.0407785319833686,0.03088583520927974
6067,urban,indigo,304,304,0.0010600178639076081,0.000591095581124477,0.0006191175396947296,0.0004689222827831311
6067,urban,lemon,568,568,0.001977541523158784,0.001102732411999434,0.0011550094429059058,0.0008748091111593498
6067,urban,navy,25469,25472,0.08852018030730091,0.04936714012453706,0.05169096350721522,0.03915304018276385
6067,urban,orange,43342,43342,0.15063722713228675,0.0839995271235351,0.087981677124553,0.06663770000875165
6067,urban,purple,20088,21552,0.0698186848132457,0.04177010839336345,0.035867303018764646,0.028048576419882246
6067,urban,red,43347,54751,0.15065460447431803,0.10611037789418808,0.05280594178917241,0.04454422658012995
6067,urban+barren,alabaster,38,106,0.08176100628930817,0.08451816745655608,-0.0027116917906555497,0.002757161167247904
6067,urban+barren,amber,48,69,0.10272536687631027,0.05529225908372828,0.0636307803479567,0.047433107792581995
6067,urban+barren,cocoa,130,132,0.2746331236897275,0.10505529225908374,0.263908509832638,0.16957783143064376
6067,urban+barren,gray,1,1,0.0041928721174004195,0.001579778830963665,0.004092667135495935,0.0026130932864367544
6067,urban+barren,green,6,6,0.014675052410901468,0.005529225908372828,0.014324334974235771,0.00914582650252864
6067,urban+barren,indigo,1,1,0.0041928721174004195,0.001579778830963665,0.004092667135495935,0.0026130932864367544
6067,urban+barren,lemon,2,2,0.006289308176100629,0.002369668246445498,0.006139000703243901,0.0039196399296551315
6067,urban+barren,navy,43,43,0.09224318658280922,0.03475513428120063,0.09003867698091055,0.05748805230160859
6067,urban+barren,orange,79,79,0.16771488469601678,0.0631911532385466,0.1637066854198374,0.10452373145747018
6067,urban+barren,purple,24,26,0.05241090146750524,0.02132701421800948,0.04712474164987693,0.03108388724949576
6067,urban+barren,red,67,118,0.14255765199161424,0.09399684044233807,0.05937316986135076,0.048560811549276175
6067,urban+crop,alabaster,4088,17123,0.09877527357054859,0.08872768724578357,0.010596149129343625,0.010047586324765018
6067,urban+crop,amber,4941,9533,0.11938063144672319,0.04940024352962512,0.10533688714265774,0.06998038791709807
6067,urban+crop,cocoa,9974,17798,0.24095948981810275,0.09222518718101505,0.23141642277019225,0.1487343026370877
6067,urban+crop,gray,14,136,0.00036234509747083124,0.0007098629498173528,-0.0002436679677258834,0.0003475178523465216
6067,urban+crop,green,2459,4869,0.05942459598521632,0.025233814347521956,0.05089854988053859,0.034190781637694366
6067,urban+crop,indigo,11,456,0.000289876077976665,0.002367936993186352,-0.00060883277736363,0.0020780609152096867
6067,urban+crop,lemon,29,29,0.0007246901949416625,0.00015544444156584367,0.0011156285726473091,0.0005692457533758188
6067,urban+crop,navy,4097,4151,0.09899268062903109,0.021513510712712763,0.15109894033356974,0.07747916991631833
6067,urban+crop,orange,6686,6686,0.16153344445249657,0.034648566025026556,0.24867360884308523,0.12688487842747
6067,urban+crop,purple,3280,8080,0.07925695098678648,0.04187155107645276,0.05057294850399257,0.03738539991033372
6067,urban+crop,red,5780,13929,0.13964780056525836,0.07217803570040675,0.09216583876345054,0.06746976486485161
6067,urban+forest,alabaster,2188,10143,0.03961990950226244,0.05562440367173706,-0.013442649506970048,0.016004494169474616
6067,urban+forest,amber,2794,5952,0.05058823529411765,0.0326431462004979,0.02216190298605513,0.017945089093619748
6067,urban+forest,cocoa,21345,21868,0.38635294117647057,0.11991818650406326,0.4520103688705573,0.2664347546724073
6067,urban+forest,gray,9,12,0.00018099547511312217,7.128521763925293e-05,0.0001686485161793326,0.00010971025747386924
6067,urban+forest,green,10013,14606,0.18124886877828053,0.08009716723512059,0.14801336600679443,0.10115170154315994
6067,urban+forest,indigo,35,1363,0.0006515837104072398,0.0074794643738416156,-0.0015901969413430548,0.006827880663434376
6067,urban+forest,lemon,15,15,0.0002895927601809955,8.773565247908053e-05,0.0003458164174069296,0.00020185710770191496
6067,urban+forest,navy,4394,4410,0.0795475113122172,0.024187622692826514,0.09470238025172414,0.05535988861939069
6067,urban+forest,orange,6651,6651,0.12039819004524886,0.03647609751817773,0.14377317553693095,0.08392209252707114
6067,urban+forest,purple,3339,3553,0.06045248868778281,0.019488281806915763,0.06843490089904568,0.04096420688086705
6067,urban+forest,red,4429,6866,0.08018099547511312,0.037655045348365376,0.060602365584457224,0.042525950126747744
6067,urban+grass,alabaster,1651,32469,0.09819889437080188,0.12779087477911108,-0.025865606521405977,0.029591980408309196
6067,urban+grass,amber,1651,19870,0.09819889437080188,0.07820549654252283,0.022355471556086536,0.019993397828279053
6067,urban+grass,cocoa,4422,4897,0.2629138679189205,0.01927686186227552,0.6869731589669638,0.243637006056645
6067,urban+grass,gray,23,28,0.001426618320156928,0.00011413413515842998,0.003603192387585874,0.0013124841849984981
6067,urban+grass,green,1012,5177,0.06021518159662367,0.020378846615529328,0.0652387580231006,0.03983633498109434
6067,urban+grass,indigo,22,8312,0.0013671758901503894,0.032717140192138915,-0.004340991107857268,0.031349964301988525
6067,urban+grass,lemon,23,23,0.001426618320156928,9.445583599318344e-05,0.0038731684912133293,0.0013321624841637447
6067,urban+grass,navy,1651,1743,0.09819889437080188,0.006863790748837997,0.26128124306293693,0.09133510362196388
6067,urban+grass,orange,2701,2701,0.1606134458776675,0.010634152868899235,0.436054219302434,0.14997929300876825
6067,urban+grass,purple,1816,2065,0.10800689532188076,0.008131073215079875,0.2793600668608226,0.09987582210680089
6067,urban+grass,red,1813,8108,0.10782856803186114,0.03191426558619685,0.13128015218782563,0.07591430244566429
6067,urban+shrub,alabaster,730,2418,0.12640498011412762,0.12265490315383835,0.0038068293034330407,0.0037500769602892697
6067,urban+shrub,amber,580,1517,0.10046688569946395,0.07696988135077579,0.026765783242133474,0.023497004348688164
6067,urban+shrub,cocoa,1598,1801,0.2765000864603147,0.09137004360612513,0.30616673726096555,0.18513004285418957
6067,urban+shrub,gray,5,5,0.0010375237765865469,0.000304228780042592,0.0012728468110676705,0.0007332949965439548
6067,urban+shrub,green,282,419,0.04893653812899879,0.02129601460298144,0.04071541362982294,0.02764052352601735
6067,urban+shrub,indigo,1,322,0.0003458412588621823,0.016377649325626204,-0.0013341493888738218,0.016031808066764023
6067,urban+shrub,lemon,3,3,0.0006916825177243646,0.00020281918669506134,0.0008485645407117803,0.0004888633310293032
6067,urban+shrub,navy,358,364,0.06207850596576171,0.01850725078592435,0.07512971845939889,0.04357125517983736
6067,urban+shrub,orange,949,949,0.16427459795953658,0.04816955684007707,0.20153407841904777,0.11610504111945952
6067,urban+shrub,purple,503,634,0.08715199723326993,0.03219754588784099,0.08678277378039383,0.05495445134542894
6067,urban+shrub,red,736,1506,0.12744250389071415,0.07641212858736436,0.06518988385004552,0.05103037530334979
6069,crop,alabaster,124,1566,0.3342245989304813,0.18586170086585221,0.196126459042254,0.14836289806462907
6069,crop,azure,1,1,0.0053475935828877,0.00023721978412999644,0.016659972569562264,0.005110373798757704
6069,crop,bar,15,369,0.0427807486631016,0.04388566006404934,-0.0010908839739185129,0.0011049114009477404
6069,crop,beige,15,15,0.0427807486631016,0.0018977582730399715,0.1332797805564981,0.04088299039006163
6069,crop,coffee,130,1356,0.3502673796791444,0.16095362353220258,0.2723610960897055,0.18931375614694182
6069,crop,green,26,265,0.07219251336898395,0.03155023128928953,0.059757744782702904,0.040642282079694426
6069,crop,lilac,13,13,0.0374331550802139,0.001660538488909975,0.11661980798693584,0.03577261659130392
6069,crop,plum,1,7,0.0053475935828877,0.0009488791365199858,0.009246633740044134,0.004398714446367714
6069,crop,red,6,197,0.01871657754010695,0.02348475862886965,-0.004247577748442643,0.004768181088762698
6069,crop,terracotta,5,170,0.016042780748663103,0.020282291543114696,-0.003761859092510072,0.004239510794451593
6069,forest,alabaster,21,6825,0.059782608695652176,0.14262432093606353,-0.0519809335921953,0.08284171224041136
6069,forest,beige,7,7,0.021739130434782608,0.0001671541997492687,0.10582505268029203,0.02157197623503334
6069,forest,coffee,144,795,0.39402173913043476,0.016631842875052236,1.2471130763073248,0.3773898962553825
6069,forest,green,121,9085,0.33152173913043476,0.18984538236523193,0.18481787350080328,0.14167635676520282
6069,forest,lilac,21,21,0.059782608695652176,0.00045967404931048894,0.2910188948708031,0.05932293464634169
6069,forest,red,15,724,0.043478260869565216,0.015148349352277476,0.04584215176863216,0.02832991151728774
6069,forest,terracotta,1,2840,0.005434782608695652,0.05936063518595905,-0.012993542271743529,0.0539258525772634
6069,grass,alabaster,9,70,0.136986301369863,0.10334788937409024,0.03860000918173814,0.03363841199577276
6069,grass,azure,3,3,0.0547945205479452,0.005822416302765648,0.12284245759309359,0.04897210424517955
6069,grass,bar,1,35,0.0273972602739726,0.05240174672489083,-0.017767038543074154,0.025004486450918226
6069,grass,beige,1,1,0.0273972602739726,0.002911208151382824,0.061421228796546795,0.024486052122589776
6069,grass,coffee,11,88,0.1643835616438356,0.12954876273653565,0.03914714484325788,0.03483479890729996
6069,grass,green,3,33,0.0547945205479452,0.049490538573508006,0.005578558223434927,0.005303981974437197
6069,grass,lilac,3,3,0.0547945205479452,0.005822416302765648,0.12284245759309359,0.04897210424517955
6069,grass,red,1,16,0.0273972602739726,0.024745269286754003,0.0027892791117174634,0.0026519909872185984
6069,grass,terracotta,3,3,0.0547945205479452,0.005822416302765648,0.12284245759309359,0.04897210424517955
6069,shrub,alabaster,49,1099,0.08741258741258741,0.13307524800387127,-0.03673736448133182,0.04566266059128386
6069,shrub,azure,14,14,0.026223776223776224,0.0018146624727800628,0.07003759625066118,0.02440911375099616
6069,shrub,beige,25,25,0.045454545454545456,0.0031454149528187757,0.12139850016781273,0.04230913050172668
6069,shrub,coffee,252,884,0.4423076923076923,0.1070650858940237,0.6274439132781504,0.3352426064136686
6069,shrub,green,81,399,0.14335664335664336,0.04839099927413501,0.15568842607613353,0.09496564408250835
6069,shrub,lilac,49,49,0.08741258741258741,0.006048874909266876,0.2334586541688706,0.08136371250332053
6069,shrub,red,34,410,0.06118881118881119,0.049721751754173725,0.01269801533912073,0.011467059434637467
6069,shrub,terracotta,30,230,0.05419580419580419,0.02794580208081297,0.0358958591386577,0.026250002114991223
6069,urban+crop,alabaster,77,11324,0.09101516919486581,0.09032757204271916,0.0006902076215281479,0.0006875971521466545
6069,urban+crop,azure,20,20,0.024504084014002333,0.00016749483557590308,0.1221686041217487,0.02433658917842643
6069,urban+crop,bar,1,381,0.002333722287047841,0.003046810818571189,-0.0006222424022493299,0.0007130885315233481
6069,urban+crop,beige,30,30,0.03617269544924154,0.0002472542810882379,0.18034412989400997,0.0359254411681533
6069,urban+crop,coffee,296,17821,0.34655775962660446,0.14214728379208308,0.30884734362416516,0.20441047583452138
6069,urban+crop,green,78,4119,0.09218203033838973,0.03286089155108194,0.0950841021419989,0.05932113878730779
6069,urban+crop,lilac,119,185,0.14002333722287047,0.0014835256865294274,0.6367403912837765,0.13853981153634104
6069,urban+crop,plum,4,300,0.005834305717619603,0.0024007593099212776,0.005180689652088779,0.0034335464076983256
6069,urban+crop,red,109,4590,0.12835472578763127,0.036617561434712904,0.160991453704619,0.09173716435291837
6069,urban+crop,terracotta,56,8518,0.06651108518086347,0.06794707163195801,-0.001420704416515051,0.001435986451094537
6069,urban+crop,yellow,29,29,0.03500583430571762,0.0002392783365370044,0.17452657731678384,0.034766555969180615
6069,urban+forest,alabaster,12,13698,0.03869047619047619,0.10116533246684194,-0.03718784090076081,0.062474856276365745
6069,urban+forest,beige,4,4,0.01488095238095238,3.69243493929637e-05,0.08927032889676334,0.014844028031559417
6069,urban+forest,coffee,116,2307,0.3482142857142857,0.01704427967979204,1.050563687073734,0.33117000603449365
6069,urban+forest,green,89,22658,0.26785714285714285,0.16733376657903287,0.12601697389585817,0.10052337627810998
6069,urban+forest,lilac,33,129,0.10119047619047619,0.0009600330842170561,0.4713242082880493,0.10023044310625913
6069,urban+forest,red,32,6490,0.09821428571428571,0.04793519038194547,0.0704492821897374,0.05027909533234024
6069,urban+forest,terracotta,12,8671,0.03869047619047619,0.06404159158715624,-0.01949765010898847,0.025351115396680043
6069,urban+grass,alabaster,763,6047,0.07860082304526748,0.09516316832929478,-0.015029326958277422,0.016562345284027294
6069,urban+grass,azure,295,295,0.030452674897119343,0.0046574566510369135,0.057181119202178866,0.02579521824608243
6069,urban+grass,bar,13,52,0.001440329218106996,0.0008339364949491771,0.0007870963272988748,0.0006063927231578189
6069,urban+grass,beige,149,149,0.015432098765432098,0.0023601976272146523,0.028976918514617662,0.013071901138217445
6069,urban+grass,coffee,3116,4380,0.320679012345679,0.06893350536551594,0.49297930427684855,0.25174550698016307
6069,urban+grass,green,1052,3228,0.10833333333333334,0.05080718758850741,0.08202729828831688,0.057526145744825924
6069,urban+grass,lilac,1706,1712,0.1756172839506173,0.02695345690279133,0.3291411310678344,0.14866382704782596
6069,urban+grass,plum,49,82,0.0051440329218107,0.0013059760203921074,0.007051886406269408,0.003838056901418592
6069,urban+grass,red,1278,6427,0.1315843621399177,0.1011423356515719,0.03462239768780057,0.030442026488345805
6069,urban+grass,terracotta,776,1521,0.07993827160493827,0.02394813859080467,0.09635472534214488,0.0559901330141336
6069,urban+grass,yellow,485,485,0.05,0.007647040312175473,0.09388521598736126,0.04235295968782453
6069,urban+shrub,alabaster,50,914,0.11333333333333333,0.10241773002014776,0.011477661814270332,0.01091560331318557
6069,urban+shrub,azure,18,18,0.042222222222222223,0.0021267069621670027,0.1261757032529028,0.04009551526005522
6069,urban+shrub,bar,2,7,0.006666666666666667,0.0008954555630176853,0.013383617774239819,0.005771211103648982
6069,urban+shrub,beige,8,8,0.02,0.0010073875083948958,0.05976743838295397,0.018992612491605103
6069,urban+shrub,coffee,145,408,0.3244444444444444,0.04578016565927916,0.6353476759616267,0.27866427878516525
6069,urban+shrub,green,36,272,0.08222222222222222,0.030557421087978508,0.08138503856546143,0.05166480113424372
6069,urban+shrub,lilac,50,50,0.11333333333333333,0.005708529214237743,0.33868215083673914,0.10762480411909559
6069,urban+shrub,plum,2,10,0.006666666666666667,0.0012312513991493172,0.011260592900116252,0.00543541526751735
6069,urban+shrub,red,71,1120,0.16,0.12547571076785313,0.03888985841465506,0.03452428923214687
6069,urban+shrub,terracotta,29,270,0.06666666666666667,0.03033355719722409,0.052496698662010205,0.03633310946944258
6069,urban+shrub,yellow,1,1,0.0044444444444444444,0.00022386389075442132,0.01328165297398977,0.004220580553690023
6071,barren,alabaster,1047,2314,0.09006531454107941,0.11540378863409771,-0.0223273769857306,0.0253384740930183
6071,barren,amber,435,958,0.03746992093502922,0.04780658025922233,-0.009128601605382982,0.010336659324193115
6071,barren,cocoa,5549,8376,0.47696803025094536,0.41759720837487535,0.06340436880419847,0.05937082187607001
6071,barren,green,435,909,0.03746992093502922,0.045363908275174475,-0.007163436319852855,0.007893987340145257
6071,barren,grey,8,77,0.0007734616706772087,0.003888334995014955,-0.001249032473966384,0.0031148733243377465
6071,barren,indigo,14,57,0.0012891027844620145,0.0028913260219341976,-0.0010412969674416144,0.001602223237472183
6071,barren,navy,1622,2367,0.13948092127878997,0.11804586241276172,0.023273035198256447,0.021435058866028256
6071,barren,orange,1611,2834,0.13853557923685114,0.1413260219341974,-0.002762711320509177,0.002790442697346268
6071,barren,purple,95,191,0.008250257820556892,0.009571286141575274,-0.0012253541862559864,0.0013210283210183821
6071,barren,red,782,1601,0.06729116534891716,0.07986041874376869,-0.011523705583001916,0.012569253394851529
6071,crop,alabaster,11,929,0.1935483870967742,0.2558459422283356,-0.05400927705227867,0.06229755513156143
6071,crop,cocoa,10,1175,0.1774193548387097,0.32352132049518567,-0.10658447351797433,0.14610196565647598
6071,crop,grey,1,228,0.03225806451612903,0.06299862448418157,-0.021591768324895684,0.03074055996805254
6071,crop,navy,1,374,0.03225806451612903,0.1031636863823934,-0.03750157549961088,0.07090562186626437
6071,crop,orange,1,400,0.03225806451612903,0.11031636863823933,-0.03966400780077728,0.0780583041221103
6071,forest,alabaster,3521,5315,0.10691193880338767,0.08296527506827936,0.027111087189366292,0.023946663735108314
6071,forest,amber,935,1288,0.028412712867680538,0.020117050331642607,0.009810027552819808,0.008295662536037932
6071,forest,cocoa,13773,27515,0.4181161399993929,0.4294342567303941,-0.011167639414244774,0.011318116731001193
6071,forest,green,5943,10085,0.18043286889475763,0.157409285992977,0.024630793630316238,0.023023582901780637
6071,forest,grey,16,70,0.0005160428619130012,0.0011080764728833398,-0.0003943553395961831,0.0005920336109703386
6071,forest,indigo,16,53,0.0005160428619130012,0.0008427623878267655,-0.0002531165599431552,0.0003267195259137643
6071,forest,navy,2942,4318,0.08933612603588016,0.06740538431525556,0.02516429398476236,0.021930741720624605
6071,forest,orange,3959,5213,0.12020763136326382,0.08137339055793992,0.04690167438961997,0.0388342408053239
6071,forest,purple,168,390,0.005130073156664542,0.00610222395630121,-0.0008902388734540728,0.0009721507996366674
6071,forest,red,1632,2290,0.04957047020611359,0.035754974639094814,0.016194964461658697,0.013815495567018776
6071,grass,alabaster,1462,2685,0.3204819277108434,0.24493890206091556,0.08615101820230901,0.07554302564992782
6071,grass,amber,195,390,0.04293537787513691,0.035655662958234545,0.007976884947928796,0.007279714916902366
6071,grass,cocoa,1444,3432,0.31653888280394304,0.3130585445923764,0.003499612745748312,0.003480338211566625
6071,grass,green,119,266,0.02628696604600219,0.024347984679919752,0.0020142163588185266,0.001938981366082438
6071,grass,grey,14,123,0.0032858707557502738,0.011307678278314791,-0.004060844364407125,0.008021807522564518
6071,grass,indigo,1,13,0.0004381161007667032,0.001276673354003283,-0.00046857791286764006,0.0008385572532365797
6071,grass,navy,529,897,0.11610076670317634,0.08188947656392485,0.0405293845837488,0.03421129013925149
6071,grass,orange,525,1018,0.11522453450164294,0.09292358198066752,0.024785401430153908,0.022300952520975414
6071,grass,purple,119,151,0.02628696604600219,0.013861024986321357,0.016823455462099308,0.012425941059680833
6071,grass,red,119,386,0.02628696604600219,0.03529089914280503,-0.007742875460577723,0.009003933096802842
6071,shrub,alabaster,1225,4665,0.10247408893346707,0.09273945103651143,0.010228555317443832,0.009734637896955639
6071,shrub,amber,406,2018,0.03401872283517218,0.040128793751118004,-0.0056193174366833765,0.006110070915945821
6071,shrub,cocoa,5450,20183,0.45561685055165496,0.4011686840379226,0.05798645634674043,0.054448166513732354
6071,shrub,green,804,2457,0.06728518890003343,0.04885417287778507,0.021538011813080748,0.018431016022248364
6071,shrub,grey,8,70,0.0007522567703109327,0.0014111661002126686,-0.0004732401811348023,0.0006589093299017359
6071,shrub,indigo,16,66,0.0014209294550317619,0.0013316637847077296,9.219285419237108e-05,8.926567032403222e-05
6071,shrub,lemon,3,777,0.00033433634236041456,0.01546320036571065,-0.001281869211236577,0.015128864023350235
6071,shrub,navy,2007,5981,0.16783684386492811,0.11889571283763639,0.05786101241175389,0.04894113102729172
6071,shrub,orange,795,4762,0.0665329321297225,0.09466738218750621,-0.023464333025278887,0.028134450057783714
6071,shrub,purple,28,278,0.002423938482113006,0.005545286506469501,-0.002005941439983684,0.003121348024356495
6071,shrub,red,1184,4030,0.09904714142427282,0.08011845845010236,0.021006872835324975,0.018928682974170455
6071,urban,alabaster,36567,143411,0.10655849964886514,0.04294330460904201,0.09684179008169895,0.06361519503982313
6071,urban,amber,33395,146511,0.09731534823543811,0.04387156894039525,0.07753018815928372,0.05344377929504286
6071,urban,cocoa,90259,952179,0.26301602981586547,0.28512088097674965,-0.021224934362415983,0.022104851160884176
6071,urban,green,20301,50215,0.05915966582452582,0.015036684407494866,0.08103378345486315,0.04412298141703096
6071,urban,grey,626,13784,0.0018270668146969605,0.004127781873453018,-0.0014891112305070394,0.0023007150587560574
6071,urban,indigo,610,3170,0.001780443100127341,0.0009495245789422937,0.0011192864669653498,0.0008309185211850472
6071,urban,lemon,611,185175,0.0017833570822879423,0.05544912123311831,-0.00612934171737746,0.053665764150830374
6071,urban,navy,30044,136707,0.08755059401526344,0.04093585813246392,0.06655687539499468,0.04661473588279952
6071,urban,orange,55375,267194,0.16136467612545277,0.08000889935997671,0.11320200023230569,0.08135577676547606
6071,urban,purple,30635,134760,0.08927275747217875,0.04035284824435271,0.07088563980465883,0.04891990922782604
6071,urban,red,44712,182729,0.13029288434696204,0.054716690731669924,0.11304420127962081,0.07557619361529211
6071,urban+barren,alabaster,8163,22960,0.10590768751783722,0.08951412632013941,0.017810643382055454,0.016393561197697804
6071,urban+barren,amber,9758,29074,0.12659886360688064,0.11334973314568414,0.013994936034088617,0.013249130461196496
6071,urban+barren,cocoa,17989,61342,0.2333757102456996,0.2391474696596974,-0.0057015423002744255,0.005771759413997796
6071,urban+barren,green,2941,7822,0.03816516617803492,0.030498193031769115,0.008558759203301413,0.0076669731462658056
6071,urban+barren,grey,128,681,0.0016734556209947332,0.0026587968359537946,-0.0007747814711687934,0.0009853412149590614
6071,urban+barren,indigo,127,742,0.0016604830968009756,0.0028966071101373453,-0.0009239451132825032,0.0012361240133363697
6071,urban+barren,lemon,213,2129,0.002776120177464131,0.008303866950999389,-0.0030417031851842176,0.005527746773535258
6071,urban+barren,navy,6823,24392,0.088524505098202,0.09509681996982539,-0.006339781822458564,0.00657231487162338
6071,urban+barren,orange,13716,46324,0.1779441143657733,0.18059935986152426,-0.002635629874794515,0.0026552454957509686
6071,urban+barren,purple,5398,16091,0.07003865812209739,0.06273513003543763,0.007713061163500202,0.007303528086659766
6071,urban+barren,red,11792,38112,0.15298497781698364,0.14858463901569938,0.004464863026843352,0.004400338801284265
6071,urban+crop,alabaster,109,2794,0.1120162932790224,0.1026252983293556,0.009808131143908185,0.009390994949666803
6071,urban+crop,amber,109,2963,0.1120162932790224,0.10883054892601432,0.0032319233119880355,0.0031857443530080853
6071,urban+crop,cocoa,245,7057,0.2505091649694501,0.2591518266935928,-0.008496916866117903,0.008642661724142742
6071,urban+crop,green,61,1139,0.06313645621181263,0.04185790343308243,0.025950202604308838,0.021278552778730198
6071,urban+crop,grey,10,92,0.01120162932790224,0.0034147237011198824,0.013307117385124906,0.007786905626782357
6071,urban+crop,indigo,2,77,0.003054989816700611,0.002863961813842482,0.00019726174167564221,0.00019102800285812887
6071,urban+crop,lemon,10,119,0.01120162932790224,0.004406095098219203,0.010451908886228071,0.006795534229683036
6071,urban+crop,navy,59,2318,0.06109979633401222,0.0851477877730861,-0.0202777939044881,0.02404799143907388
6071,urban+crop,orange,143,4740,0.14663951120162932,0.17407747383881036,-0.025152075548110452,0.02743796263718104
6071,urban+crop,purple,49,1984,0.05091649694501019,0.07288415641637598,-0.018262948382374525,0.021967659471365794
6071,urban+crop,red,147,3871,0.15071283095723015,0.14217000183587294,0.008794501640510757,0.008542829121357204
6071,urban+forest,alabaster,1670,7367,0.08932485165980648,0.03232911814520022,0.09078186759406513,0.05699573351460627
6071,urban+forest,amber,1289,6081,0.06895814401026354,0.02668644090107325,0.06546500764533707,0.04227170310919029
6071,urban+forest,cocoa,6840,86311,0.36569198695675414,0.37871754144252456,-0.012798941835277905,0.013025554485770419
6071,urban+forest,green,3207,18472,0.17148660929063986,0.0810553473800602,0.12850742822787414,0.09043126191057965
6071,urban+forest,grey,29,94,0.0016036777676805474,0.00041683852114468247,0.002160724810931435,0.001186839246535865
6071,urban+forest,indigo,1,23,0.00010691185117870316,0.00010530657376286714,1.6174510169309525e-06,1.6052774158360127e-06
6071,urban+forest,lemon,15,7306,0.0008552948094296253,0.03206146393688626,-0.003099557489005461,0.031206169127456634
6071,urban+forest,navy,548,5396,0.029347303148554018,0.02368081577492475,0.0062960353249798305,0.005666487373629268
6071,urban+forest,orange,2430,13823,0.1299513551077137,0.06065658648741148,0.09901409085095006,0.0692947686203022
6071,urban+forest,purple,941,4293,0.05035548190516919,0.018841101155739646,0.049502801150359536,0.03151438074942954
6071,urban+forest,red,1699,10616,0.09087507350189769,0.04658499556834835,0.060723381950046375,0.04429007793354934
6071,urban+grass,alabaster,3640,20167,0.09992041494003677,0.06474706971995801,0.04335402661714222,0.035173345220078756
6071,urban+grass,amber,3952,25026,0.10848266966711491,0.08034633646774043,0.03257126385719214,0.028136333199374475
6071,urban+grass,cocoa,9019,79429,0.24753697960975876,0.2550009791678037,-0.007353680467165903,0.007463999558044915
6071,urban+grass,green,1464,6922,0.04020417684349186,0.02222550395038027,0.023830239258662705,0.01797867289311159
6071,urban+grass,grey,12,335,0.00035676061362825543,0.001078689777167091,-0.000394733288456465,0.0007219291635388355
6071,urban+grass,indigo,12,188,0.00035676061362825543,0.0006067629996564887,-0.00018946602306097384,0.0002500023860282333
6071,urban+grass,lemon,8,15198,0.00024698811712725377,0.04879466048560302,-0.0013055880646043636,0.048547672368475764
6071,urban+grass,navy,3635,20028,0.09978319931941051,0.06430082603237995,0.04384746664732716,0.035482373287030564
6071,urban+grass,orange,6611,38225,0.18145393671615576,0.12272022447020602,0.0709656661492028,0.05873371224594974
6071,urban+grass,purple,2186,17206,0.060018112461922665,0.05524111605867302,0.004977833759831783,0.004776996403249648
6071,urban+grass,red,5862,27701,0.1608990367463432,0.08893411966393677,0.09539401401516324,0.07196491708240643
6071,urban+shrub,alabaster,2853,12403,0.09662784398699892,0.07068450684962732,0.030209780371799996,0.025943337137371597
6071,urban+shrub,amber,2582,14752,0.08745260021668472,0.08407034259533633,0.0034493994270102316,0.003382257621348389
6071,urban+shrub,cocoa,7980,43731,0.2702126218851571,0.24920790499418752,0.021866045717616203,0.021004716890969582
6071,urban+shrub,green,2027,3968,0.06866197183098592,0.022617446604818674,0.07624732930701408,0.04604452522616725
6071,urban+shrub,grey,27,330,0.0009479956663055255,0.001886211848373641,-0.0006521981270375513,0.0009382161820681154
6071,urban+shrub,indigo,27,232,0.0009479956663055255,0.001327756376649723,-0.00031937588263349694,0.00037976071034419745
6071,urban+shrub,lemon,27,6137,0.0009479956663055255,0.03497754781062661,-0.0034204742671537936,0.03402955214432109
6071,urban+shrub,navy,2851,11107,0.09656013001083423,0.06329921816233959,0.04077666171489917,0.03326091184849464
6071,urban+shrub,orange,4635,22720,0.15696099674972913,0.12947619156162385,0.03021504380437997,0.027484805188105282
6071,urban+shrub,purple,2623,11858,0.08884073672806067,0.06757881060381574,0.024302455531819533,0.021261926124244934
6071,urban+shrub,red,3866,14915,0.13092497291440952,0.08499920220646896,0.05655730531403388,0.04592577070794056
6073,barren,beige,12,41,0.01742627345844504,0.004415939438544843,0.023922063993214893,0.013010334019900198
6073,barren,blue,19,19,0.02680965147453083,0.002102828304068973,0.06824339684393096,0.02470682317046186
6073,barren,cocoa,350,3475,0.47050938337801607,0.3654715592471875,0.11886358071726798,0.10503782413082857
6073,barren,foo,13,143,0.01876675603217158,0.015140363789296604,0.004029649131970985,0.003626392242874976
6073,barren,ivory,115,118,0.1554959785522788,0.012511828409210389,0.3918413759138355,0.14298415014306842
6073,barren,lemon,22,42,0.030831099195710455,0.004521080853748291,0.05918870570754273,0.026310018341962164
6073,barren,lilac,6,6,0.00938337801608579,0.0007359899064241404,0.023885188895375834,0.00864738810966165
6073,barren,olive,115,319,0.1554959785522788,0.033645252865103566,0.23802514225278976,0.12185072568717525
6073,barren,terracotta,56,56,0.07640750670241286,0.005993060666596573,0.19449368100520317,0.07041444603581629
6073,crop,cocoa,5,1209,0.11764705882352941,0.2886450381679389,-0.10558924424543287,0.1709979793444095
6073,crop,ivory,5,37,0.11764705882352941,0.009064885496183206,0.30156245915037905,0.10858217332734621
6073,crop,olive,2,283,0.058823529411764705,0.06774809160305344,-0.008309079777443766,0.008924562191288732
6073,crop,terracotta,1,3,0.0392156862745098,0.0009541984732824427,0.14572393775359244,0.03826148780122736
6073,forest,beige,296,298,0.01372712146422629,0.008524590163934427,0.006539855954207483,0.005202531300291862
6073,forest,blue,92,92,0.0042983915696062115,0.0026514611546685674,0.002076682056483592,0.0016469304149376441
6073,forest,cocoa,10493,16076,0.48502495840266224,0.4583606557377049,0.027425260008945955,0.02666430266495734
6073,forest,grey,22,59,0.0010630430763542244,0.0017106200997861725,-0.0005057111864121353,0.0006475770234319481
6073,forest,ivory,1802,1802,0.08333333333333333,0.051404133998574485,0.04026083599827867,0.031929199334758844
6073,forest,lemon,92,97,0.0042983915696062115,0.0027940128296507485,0.0018515839490187002,0.001504378739955463
6073,forest,olive,6742,6757,0.31165649842854504,0.1926728439059159,0.14987809506858177,0.11898365452262913
6073,forest,sage,235,235,0.01090774634867813,0.006728439059158945,0.005269859842259438,0.004179307289519184
6073,forest,sienna,22,23,0.0010630430763542244,0.000684248039914469,0.00046834533203423035,0.0003787950364397554
6073,forest,terracotta,1802,1802,0.08333333333333333,0.051404133998574485,0.04026083599827867,0.031929199334758844
6073,grass,beige,2,2,0.03,0.001091703056768559,0.09940375402062446,0.02890829694323144
6073,grass,cocoa,22,811,0.23,0.2954876273653566,-0.057625961082027326,0.0654876273653566
6073,grass,grey,2,29,0.03,0.010917030567685589,0.03032620123080309,0.01908296943231441
6073,grass,ivory,20,20,0.21,0.007641921397379912,0.6958262781443711,0.2023580786026201
6073,grass,lemon,2,5,0.03,0.002183406113537118,0.07860933860382609,0.027816593886462883
6073,grass,olive,10,10,0.11,0.004002911208151383,0.36448043140895636,0.10599708879184862
6073,grass,terracotta,4,4,0.05,0.001819505094614265,0.16567292336770745,0.048180494905385736
6073,shrub,amber,14,1145,0.0012087026591458502,0.03406658739595719,-0.0040355795249205195,0.032857884736811345
6073,shrub,beige,1504,1504,0.12127316680096696,0.0447384066587396,0.1209352070920055,0.07653476014222736
6073,shrub,blue,571,571,0.046091861402095084,0.017003567181926277,0.04596341425689512,0.029088294220168807
6073,shrub,cocoa,5466,13085,0.44053182917002415,0.38900118906064207,0.05480229142351647,0.051530640109382075
6073,shrub,foo,224,227,0.01813053988718775,0.0067776456599286565,0.01783987123739705,0.011352894227259096
6073,shrub,grey,190,222,0.015390813859790492,0.006629013079667063,0.012963911721408206,0.008761800780123428
6073,shrub,ivory,1154,1154,0.09307010475423046,0.03433412604042806,0.09281074032642282,0.05873597871380239
6073,shrub,lavender,23,23,0.0019339242546333602,0.000713436385255648,0.0019285348639256695,0.0012204878693777123
6073,shrub,lemon,224,235,0.01813053988718775,0.007015457788347205,0.017214618246582138,0.011115082098840545
6073,shrub,lilac,300,300,0.024254633360193394,0.00894768133174792,0.0241870414184011,0.015306952028445474
6073,shrub,maroon,14,14,0.0012087026591458502,0.00044589774078478004,0.0012053342899535433,0.0007628049183610701
6073,shrub,olive,1154,1156,0.09307010475423046,0.0343935790725327,0.09264971934377665,0.058676525681697754
6073,shrub,sage,190,190,0.015390813859790492,0.0056777645659928655,0.015347923292075119,0.009713049293797626
6073,shrub,sienna,190,190,0.015390813859790492,0.0056777645659928655,0.015347923292075119,0.009713049293797626
6073,shrub,terracotta,1154,1154,0.09307010475423046,0.03433412604042806,0.09281074032642282,0.05873597871380239
6073,urban,amber,2904,97926,0.004744638803142405,0.06179381071192841,-0.012178481477192402,0.05704917190878601
6073,urban,beige,12534,12614,0.02047299394058177,0.007960306372409824,0.019339591814836417,0.012512687568171947
6073,urban,blue,18224,18224,0.029766279582537115,0.01150032371281562,0.028307761984742844,0.018265955869721497
6073,urban,cocoa,184726,440580,0.3017083966224052,0.27801504097207236,0.02467545062680041,0.023693355650332815
6073,urban,foo,29878,30264,0.04880036585166675,0.019097794083312195,0.04578279398135165,0.029702571768354554
6073,urban,grey,1828,4517,0.0029872441896548908,0.002850944446337502,0.0001395071792769226,0.00013629974331738886
6073,urban,ivory,64765,64780,0.10578012968134973,0.04087805050424739,0.10057251414029261,0.06490207917710233
6073,urban,lavender,1294,1294,0.0021150799483887826,0.0008171697782220152,0.002011443169834951,0.0012979101701667674
6073,urban,lemon,76857,79551,0.1255295866202819,0.050198834129048464,0.11505410230205686,0.07533075249123344
6073,urban,lilac,47253,47253,0.0771783690202035,0.029818178146797766,0.07339670698639443,0.04736019087340573
6073,urban,maroon,570,570,0.000932595096934359,0.0003603119253782013,0.0008868988802901599,0.0005722831715561578
6073,urban,olive,64765,65037,0.10578012968134973,0.04104022242162427,0.10015369210588024,0.06473990725972545
6073,urban,sage,1828,1828,0.0029872441896548908,0.0011541339956510162,0.0028408722452726836,0.0018331101940038746
6073,urban,sienna,4232,4557,0.006913616541721789,0.0028761852116879886,0.006063435578624446,0.0040374313300338
6073,urban,terracotta,100574,100589,0.16426576510363075,0.06347421466513707,0.15619241156181501,0.10079155043849368
6073,urban+barren,amber,26,17684,0.0035610656818781325,0.10791630308096926,-0.01214784949485483,0.10435523739909114
6073,urban+barren,beige,132,181,0.01754154576628858,0.001110589039340481,0.04840908056903366,0.0164309567269481
6073,urban+barren,blue,355,355,0.04695331047217093,0.0021723609780506113,0.14430344632614206,0.04478094949412032
6073,urban+barren,cocoa,2333,40211,0.3078343445001319,0.24537915631845836,0.06980365545736018,0.06245518818167356
6073,urban+barren,foo,349,543,0.04616196254286468,0.0033195628428638554,0.12151319743318434,0.042842399700000824
6073,urban+barren,grey,16,533,0.002242152466367713,0.003258541467075917,-0.0008382138241359362,0.0010163890007082038
6073,urban+barren,ivory,789,793,0.10419414402532313,0.004845097237562318,0.31969770571182976,0.09934904678776081
6073,urban+barren,lavender,10,10,0.0014508045370614613,6.712351336673237e-05,0.0044588143527740515,0.0013836810236947288
6073,urban+barren,lemon,969,1735,0.12793458190451068,0.010593310836786126,0.318722951259297,0.11734127106772456
6073,urban+barren,lilac,577,577,0.07623318385650224,0.0035270355205428462,0.23429042690030927,0.0727061483359594
6073,urban+barren,maroon,6,6,0.0009232392508572936,4.271496305155696e-05,0.002837427315401669,0.0008805242878057366
6073,urban+barren,olive,657,863,0.0867844895805856,0.005272246868077888,0.24308086389399672,0.08151224271250772
6073,urban+barren,sage,15,15,0.0021102611448166712,9.763420126070162e-05,0.006485548149489531,0.0020126269435559695
6073,urban+barren,sienna,37,182,0.005011870218939594,0.0011166911769192748,0.007525018092393037,0.003895179042020319
6073,urban+barren,terracotta,1273,1276,0.16802954365602743,0.007792429688119749,0.5160165625725646,0.16023711396790769
6073,urban+crop,beige,8,471,0.04945054945054945,0.01469352177567475,0.060011528643495266,0.0347570276748747
6073,urban+crop,blue,2,2,0.016483516483516484,9.339102823522087e-05,0.08527451994022008,0.016390125455281263
6073,urban+crop,cocoa,45,7710,0.25274725274725274,0.2400460729072627,0.013031424172287634,0.012701179839990029
6073,urban+crop,foo,8,3129,0.04945054945054945,0.09743797279208044,-0.03353948059572337,0.04798742334153099
6073,urban+crop,ivory,12,81,0.07142857142857142,0.002552688105096037,0.2379679276121882,0.06887588332347538
6073,urban+crop,lemon,17,39,0.0989010989010989,0.001245213709802945,0.432673831004398,0.09765588519129595
6073,urban+crop,lilac,12,12,0.07142857142857142,0.0004046944556859571,0.36952291974095364,0.07102387697288547
6073,urban+crop,olive,15,3135,0.08791208791208792,0.09762475484855088,-0.009212640251179401,0.009712666936462958
6073,urban+crop,terracotta,25,65,0.14285714285714285,0.002054602621174859,0.6059660960526296,0.140802540235968
6073,urban+forest,amber,148,3917,0.0012144726010090718,0.01976442101546145,-0.0033878605764577495,0.01854994841445238
6073,urban+forest,beige,1575,1576,0.012845696773089244,0.007955204681312583,0.006155432868281965,0.004890492091776661
6073,urban+forest,cocoa,52627,81947,0.4289615036637949,0.4133881504275229,0.01586308078763406,0.015573353236271958
6073,urban+forest,foo,2084,2087,0.016994465591301442,0.010532953312987111,0.008129795186696832,0.006461512278314331
6073,urban+forest,grey,30,50,0.0002526755075924915,0.0002572704113804323,-4.5536243217190754e-06,4.594903787940826e-06
6073,urban+forest,ivory,4635,4635,0.03778721461931582,0.02338638484626832,0.018130940360858997,0.014400829773047501
6073,urban+forest,lavender,5,5,4.890493695338545e-05,3.0267107221227333e-05,2.34654103030962e-05,1.8637829732158114e-05
6073,urban+forest,lemon,9642,9656,0.07859838450691597,0.04871490907256539,0.037598796494430195,0.029883475434350583
6073,urban+forest,lilac,2084,2084,0.016994465591301442,0.010517819759376497,0.008154230080325932,0.006476645831924945
6073,urban+forest,maroon,5,5,4.890493695338545e-05,3.0267107221227333e-05,2.34654103030962e-05,1.8637829732158114e-05
6073,urban+forest,olive,28997,29012,0.23635756029571187,0.14635659696824477,0.11328609726333201,0.0900009633274671
6073,urban+forest,sage,1119,1119,0.009128921564631949,0.005649860014629102,0.004380209923244623,0.0034790615500028465
6073,urban+forest,sienna,416,419,0.0033988931182602883,0.0021186975054859132,0.0016064810865080085,0.0012801956127743751
6073,urban+forest,terracotta,19282,19282,0.15717231654535527,0.09727343809115443,0.07541391781243403,0.05989887845420083
6073,urban+grass,amber,16,17883,0.0012980071772161564,0.12328861558824745,-0.005910732592383854,0.12199060841103129
6073,urban+grass,beige,162,162,0.01244559822860197,0.001123688455652222,0.029928558141057153,0.011321909772949747
6073,urban+grass,cocoa,3871,32491,0.295640222951821,0.2239931613561472,0.0820483600671941,0.07164706159567383
6073,urban+grass,foo,910,910,0.06955791402611285,0.006280246522080823,0.16726942617486543,0.06327766750403202
6073,urban+grass,grey,16,172,0.0012980071772161564,0.0011926263977167753,0.00010990514362848234,0.00010538077949938103
6073,urban+grass,ivory,1401,1401,0.10704741543865007,0.009665099477450399,0.2574223221703198,0.09738231596119967
6073,urban+grass,lavender,16,16,0.0012980071772161564,0.00011719450150974092,0.0031213833644047344,0.0011808126757064154
6073,urban+grass,lemon,1401,1596,0.10704741543865007,0.011009389347709193,0.24348184976977702,0.09603802609094088
6073,urban+grass,lilac,1161,1161,0.08872260823089258,0.008010588867901115,0.2133557334963707,0.08071201936299147
6073,urban+grass,maroon,2,2,0.00022906009009696876,2.0681382619366048e-05,0.0005508323584243647,0.0002083787074776027
6073,urban+grass,olive,1797,1797,0.13728334733144995,0.012395041983206718,0.33013219348233597,0.12488830534824323
6073,urban+grass,sage,29,29,0.0022906009009696876,0.00020681382619366047,0.005508323584243648,0.002083787074776027
6073,urban+grass,sienna,63,63,0.004886615255402,0.00044120282921314235,0.011751090313053115,0.004445412426188858
6073,urban+grass,terracotta,2214,2214,0.16912269985492862,0.015269754167298599,0.4066978913033227,0.15385294568763003
6073,urban+other,amber,1,26,0.016666666666666666,0.09121621621621621,-0.028330366231706157,0.07454954954954955
6073,urban+other,cocoa,23,60,0.2,0.20608108108108109,-0.005990464456670244,0.0060810810810810745
6073,urban+other,foo,6,6,0.058333333333333334,0.02364864864864865,0.052667283173284174,0.034684684684684684
6073,urban+other,grey,1,1,0.016666666666666666,0.006756756756756757,0.015047795192366905,0.00990990990990991
6073,urban+other,ivory,9,9,0.08333333333333333,0.033783783783783786,0.07523897596183451,0.04954954954954954
6073,urban+other,lavender,1,1,0.016666666666666666,0.006756756756756757,0.015047795192366905,0.00990990990990991
6073,urban+other,lemon,7,7,0.06666666666666667,0.02702702702702703,0.06019118076946762,0.03963963963963964
6073,urban+other,lilac,7,7,0.06666666666666667,0.02702702702702703,0.06019118076946762,0.03963963963963964
6073,urban+other,maroon,1,1,0.016666666666666666,0.006756756756756757,0.015047795192366905,0.00990990990990991
6073,urban+other,olive,10,10,0.09166666666666666,0.037162162162162164,0.08276287355801797,0.054504504504504496
6073,urban+other,sage,1,1,0.016666666666666666,0.006756756756756757,0.015047795192366905,0.00990990990990991
6073,urban+other,sienna,1,1,0.016666666666666666,0.006756756756756757,0.015047795192366905,0.00990990990990991
6073,urban+other,terracotta,14,14,0.125,0.05067567567567568,0.11285846394275179,0.07432432432432431
6073,urban+shrub,amber,118,11779,0.0022257135375752814,0.08402102665420855,-0.008081542550776474,0.08179531311663327
6073,urban+shrub,beige,871,871,0.01630943029214828,0.006219553076610344,0.015723031812698764,0.010089877215537937
6073,urban+shrub,blue,256,256,0.004806793102158381,0.0018330563540009844,0.004633966944797686,0.0029737367481573965
6073,urban+shrub,cocoa,15110,34274,0.2826282123218494,0.2444669514917655,0.040995833945771755,0.03816126083008392
6073,urban+shrub,foo,3105,3115,0.058092993678225416,0.02222491672788742,0.055817551023305885,0.035868076950337995
6073,urban+shrub,grey,76,309,0.001440167583136947,0.0022110796487949617,-0.000617430721681999,0.0007709120656580147
6073,urban+shrub,ivory,4738,4738,0.0886357685257921,0.03380098856657846,0.08544890798208654,0.05483477995921363
6073,urban+shrub,lavender,74,74,0.0014027606329255976,0.0005349386247084585,0.0013523249838903759,0.0008678220082171392
6073,urban+shrub,lemon,6293,6610,0.11771967231511615,0.04715305663930158,0.10770258812053259,0.07056661567581457
6073,urban+shrub,lilac,5641,5641,0.10552500654621629,0.0402416496080683,0.10173090078812666,0.06528335693814799
6073,urban+shrub,maroon,30,30,0.0005798077282759136,0.00022110796487949616,0.0005589609933413553,0.00035869976339641745
6073,urban+shrub,olive,6812,6818,0.1274267758949613,0.048636619758493045,0.12273303007170429,0.07879015613646825
6073,urban+shrub,sage,123,123,0.0023192309131036546,0.0008844318595179846,0.002235843973365421,0.0014347990535856698
6073,urban+shrub,sienna,231,236,0.004339206224516516,0.0016904060540787287,0.004090668056164523,0.002648800170437787
6073,urban+shrub,terracotta,9950,9950,0.18611828077656828,0.07097565672631827,0.17942647886257504,0.11514262405025001
6075,barren,bar,2,2,0.02,0.012987012987012988,0.008635648328510756,0.0070129870129870125
6075,barren,coffee,36,36,0.24666666666666667,0.16017316017316016,0.10650632938496603,0.08649350649350651
6075,barren,gold,3,3,0.02666666666666667,0.017316017316017316,0.011514197771347677,0.009350649350649352
6075,barren,grey,13,13,0.09333333333333334,0.06060606060606061,0.040299692199716866,0.03272727272727273
6075,barren,indigo,2,14,0.02,0.06493506493506493,-0.023553109920171247,0.044935064935064925
6075,barren,lavender,10,15,0.07333333333333333,0.06926406926406926,0.0041865242455026595,0.00406926406926407
6075,barren,navy,8,8,0.06,0.03896103896103896,0.025906944985532268,0.021038961038961038
6075,barren,olive,19,19,0.13333333333333333,0.08658008658008658,0.05757098885673838,0.046753246753246755
6075,barren,orange,15,15,0.10666666666666667,0.06926406926406926,0.04605679108539071,0.03740259740259741
6075,barren,plum,2,2,0.02,0.012987012987012988,0.008635648328510756,0.0070129870129870125
6075,barren,sage,2,2,0.02,0.012987012987012988,0.008635648328510756,0.0070129870129870125
6075,forest,coffee,37,10763,0.29457364341085274,0.15031630102361435,0.19818540234007415,0.1442573423872384
6075,forest,grey,10,14,0.08527131782945736,0.00020947087656579482,0.5123960916107491,0.08506184695289157
6075,forest,lavender,6,4879,0.05426356589147287,0.06814785850940525,-0.012362689732257001,0.013884292617932378
6075,forest,navy,4,1069,0.03875968992248062,0.014942255861693362,0.036945256743793155,0.023817434060787256
6075,forest,olive,26,7567,0.20930232558139536,0.10568503958999567,0.1430197104316039,0.10361728599139969
6075,forest,orange,8,4376,0.06976744186046512,0.06112360178189892,0.009228096220258528,0.008643840078566195
6075,urban,amber,334,32516,0.0017684726203485211,0.05268683922712359,-0.006002637212998771,0.05091836660677507
6075,urban,bar,1030,1248,0.005442672452475598,0.0020237371896139667,0.005384568135509406,0.003418935262861631
6075,urban,coffee,60858,61360,0.32127604537847954,0.09942236804796047,0.3768322522116764,0.22185367733051908
6075,urban,foo,886,3176,0.004682493176863099,0.005147648559970835,-0.0004434757537292256,0.0004651553831077357
6075,urban,gold,7064,7277,0.03729629570973821,0.011792441365901081,0.04294426946179635,0.025503854343837132
6075,urban,grey,16013,17003,0.08453827027540661,0.02755134281200632,0.09478034033726157,0.0569869274634003
6075,urban,indigo,224,5889,0.0011877801181445291,0.009543484425001013,-0.002475063598988843,0.008355704306856483
6075,urban,lavender,26703,44330,0.14097102344414003,0.07182889780046178,0.09505217819093335,0.06914212564367825
6075,urban,navy,5316,34518,0.02806856394744205,0.05593065176003564,-0.019352217570002384,0.027862087812593594
6075,urban,olive,17790,18063,0.09391909369737474,0.029268845951310407,0.10950121373289076,0.06465024774606433
6075,urban,orange,36031,78815,0.19021374763103854,0.12770445983716125,0.07578681412863608,0.0625092877938773
6075,urban,plum,1854,1873,0.009792587196258229,0.003036415927411188,0.011466608847715856,0.00675617126884704
6075,urban,sage,1102,11240,0.005822762090281847,0.018213634706525702,-0.00664025307219222,0.012390872616243855
6075,urban,scarlet,14186,14186,0.07489349571607304,0.022986997205006684,0.08845957846008005,0.05190649851106635
6075,urban+barren,coffee,139,224,0.31890660592255127,0.13165593914569923,0.2821386803242427,0.18725066677685204
6075,urban+barren,gold,11,23,0.02733485193621868,0.014043300175541252,0.018205478527940074,0.013291551760677428
6075,urban+barren,grey,41,41,0.09567198177676538,0.024575775307197192,0.13003393927493764,0.07109620646956819
6075,urban+barren,lavender,66,150,0.15261958997722094,0.08835576360444705,0.08341836566128222,0.06426382637277389
6075,urban+barren,navy,4,68,0.011389521640091117,0.0403744880046811,-0.014413488862445782,0.028984966364589984
6075,urban+barren,olive,52,71,0.12072892938496584,0.042129900526623756,0.1271022173634482,0.07859902885834208
6075,urban+barren,orange,69,229,0.15945330296127563,0.13458162668227033,0.027040123511755873,0.0248716762790053
6075,urban+barren,plum,3,6,0.009111617312072893,0.004095962551199532,0.0072851797913894905,0.0050156547608733604
6075,urban+barren,sage,2,27,0.00683371298405467,0.016383850204798128,-0.0059755896455581416,0.009550137220743458
6075,urban+barren,scarlet,14,14,0.03416856492027335,0.008777062609713282,0.046440692598192015,0.025391502310560067
6075,urban+forest,coffee,1949,20580,0.43208508752492797,0.08617029739450094,0.6966494861327341,0.34591479013042703
6075,urban+forest,grey,357,386,0.07932639042765345,0.0016203248186031712,0.3086545612084206,0.07770606560905027
6075,urban+forest,lavender,398,18013,0.08841125637048526,0.07542256145301686,0.014047915813783946,0.012988694917468402
6075,urban+forest,navy,37,1727,0.008420119654331929,0.007234938724925788,0.0012773502387446731,0.0011851809294061415
6075,urban+forest,olive,1142,10843,0.25326833591845777,0.045402590007578264,0.4353379762473226,0.2078657459108795
6075,urban+forest,orange,536,11013,0.11898958564148017,0.04611436059972953,0.11279160403652495,0.07287522504175065
6075,urban+forest,plum,2,292,0.0006647462884998893,0.001226757550001884,-0.000407306259220316,0.0005620112615019948
6075,urban+forest,sage,17,12297,0.0039884777309993355,0.05149032201338966,-0.010202463141147129,0.04750184428239033
6075,urban+forest,scarlet,37,37,0.008420119654331929,0.00015910166177498839,0.033418073484086874,0.00826101799255694
6075,urban+shrub,coffee,183,279,0.2934609250398724,0.022094216049869803,0.7590157409179488,0.2713667089900026
6075,urban+shrub,gold,28,47,0.046251993620414676,0.003787579894263395,0.11573993907863489,0.042464413726151284
6075,urban+shrub,grey,76,88,0.12280701754385964,0.0070228043872800445,0.3514063290525405,0.1157842131565796
6075,urban+shrub,lavender,95,1011,0.15311004784688995,0.07985480943738657,0.09966649968529283,0.07325523840950338
6075,urban+shrub,navy,11,478,0.019138755980861243,0.037796891028170125,-0.013024142835861651,0.018658135047308882
6075,urban+shrub,olive,72,113,0.11642743221690591,0.008995502248875561,0.2981175021304974,0.10743192996803035
6075,urban+shrub,orange,90,906,0.14513556618819776,0.0715694784186854,0.10261077865618495,0.07356608776951236
6075,urban+shrub,scarlet,34,34,0.05582137161084529,0.0027617770062337253,0.1678148117316109,0.05305959460461157
6077,crop,alabaster,1211,2687,0.37851342910680824,0.3501823866597186,0.029447371458858795,0.028331042447089616
6077,crop,azure,216,216,0.06777014366021236,0.028269932256383534,0.05925299284662457,0.039500211403828825
6077,crop,brown,1255,2256,0.39225484072454714,0.2940333507034914,0.11305511506233998,0.09822149002105574
6077,crop,gray,34,55,0.010930668332292318,0.007295466388744137,0.004419480543841921,0.003635201943548181
6077,crop,lavender,116,298,0.03653966271080575,0.038952579468473164,-0.0023365899367813773,0.002412916757667416
6077,crop,sage,216,626,0.06777014366021236,0.08168316831683169,-0.012654462993183062,0.013913024656619324
6077,crop,terracotta,116,161,0.03653966271080575,0.021104742053152683,0.020056641438771835,0.015434920657653065
6077,forest,alabaster,252,4260,0.07320601851851852,0.07402195816829964,-0.0008114260074616003,0.0008159396497811194
6077,forest,azure,265,265,0.07696759259259259,0.004620943645333889,0.21649333005885052,0.0723466489472587
6077,forest,brown,1466,12148,0.4244791666666667,0.21105204641790007,0.2966082808871362,0.21342712024876662
6077,forest,gray,2,1018,0.0008680555555555555,0.017702035994718923,-0.0026173430756844594,0.016833980439163367
6077,forest,lavender,190,2360,0.055266203703703706,0.04101521784448614,0.016481399523872068,0.014250985859217566
6077,forest,olive,22,2816,0.006655092592592593,0.04893683552220138,-0.013277894879446011,0.04228174292960878
6077,forest,sage,1121,8582,0.3246527777777778,0.1491036064206796,0.25261713960349114,0.1755491713570982
6077,forest,terracotta,100,677,0.02922453703703704,0.011778194705023974,0.026558053754908904,0.017446342332013066
6077,grass,alabaster,32,113,0.2426470588235294,0.25054945054945055,-0.007776438768623927,0.007902391725921137
6077,grass,azure,12,12,0.09558823529411764,0.02857142857142857,0.11543641861612998,0.06701680672268907
6077,grass,brown,32,90,0.2426470588235294,0.2,0.046901392716392945,0.0426470588235294
6077,grass,lavender,7,18,0.058823529411764705,0.041758241758241756,0.020155593866370232,0.01706528765352295
6077,grass,sage,14,36,0.11029411764705882,0.08131868131868132,0.033614870037450444,0.0289754363283775
6077,grass,terracotta,1,5,0.014705882352941176,0.013186813186813187,0.0016033859492174817,0.0015190691661279895
6077,shrub,alabaster,181,1797,0.1450199203187251,0.10869959494589203,0.04180678446480089,0.03632032537283307
6077,shrub,amber,4,364,0.00398406374501992,0.02206638050903815,-0.006819732535745236,0.018082316764018228
6077,shrub,azure,92,92,0.07410358565737052,0.0056223928420288975,0.19109140354175244,0.06848119281534162
6077,shrub,brown,589,2956,0.4701195219123506,0.17876791004171452,0.45455790367883564,0.2913516118706361
6077,shrub,gray,1,180,0.0015936254980079682,0.01094250649900248,-0.0030703478502462846,0.009348881000994512
6077,shrub,lavender,87,818,0.0701195219123506,0.04951333051206094,0.024398740132693005,0.020606191400289665
6077,shrub,olive,1,179,0.0015936254980079682,0.010882050661991416,-0.003061518877536141,0.009288425163983448
6077,shrub,red,36,631,0.02948207171314741,0.03820808899099208,-0.007643666575755342,0.00872601727784467
6077,shrub,sage,190,1181,0.15219123505976095,0.07145879934707695,0.11505913124189034,0.080732435712684
6077,shrub,terracotta,36,261,0.02948207171314741,0.015839429296898615,0.01831662102924318,0.013642642416248796
6077,urban,alabaster,8147,84586,0.11701180457822329,0.10437041149978407,0.013377796153496229,0.012641393078439214
6077,urban,amber,4093,69691,0.058793118304276644,0.08599173298784626,-0.022354692846787642,0.02719861468356962
6077,urban,azure,6922,6922,0.09941982364936669,0.008542167931396137,0.2440097214080592,0.09087765571797055
6077,urban,brown,21146,79985,0.3036878536347187,0.0986933185267444,0.34134002343650277,0.20499453510797427
6077,urban,gray,208,516,0.0030014073584743086,0.0006379172064902215,0.004648063692662998,0.002363490151984087
6077,urban,lavender,9710,33182,0.13945773616336846,0.04094392004441977,0.17091358077920432,0.09851381611894869
6077,urban,olive,129,543,0.0018669040985725364,0.0006712320315873897,0.0019096970852967453,0.0011956720669851467
6077,urban,red,4093,87808,0.058793118304276644,0.10834598062804615,-0.035940516525369136,0.04955286232376951
6077,urban,sage,6793,25298,0.0975672803515524,0.03121599111604664,0.11118881379929875,0.06635128923550576
6077,urban,sienna,208,625,0.0030014073584743086,0.0007724103892899006,0.004073871964661463,0.002228996969184408
6077,urban,terracotta,8147,27288,0.11701180457822329,0.03367141711394904,0.14575288792598315,0.08334038746427425
6077,urban+barren,alabaster,17,153,0.06060606060606061,0.09144893111638955,-0.02493247203138739,0.03084287051032894
6077,urban+barren,amber,10,117,0.037037037037037035,0.07007125890736342,-0.023614603543248958,0.03303422187032638
6077,urban+barren,azure,22,22,0.07744107744107744,0.013657957244655582,0.1343753747070376,0.06378312019642185
6077,urban+barren,brown,96,222,0.3265993265993266,0.1324228028503563,0.2948324024079298,0.19417652374897032
6077,urban+barren,lavender,48,95,0.16498316498316498,0.057007125890736345,0.17532219181641676,0.10797603909242864
6077,urban+barren,red,13,204,0.04713804713804714,0.12173396674584323,-0.04472258016609455,0.0745959196077961
6077,urban+barren,sage,22,60,0.07744107744107744,0.03622327790973872,0.0588409238329106,0.041217799531338715
6077,urban+barren,terracotta,31,65,0.10774410774410774,0.039192399049881234,0.10895905365903014,0.0685517086942265
6077,urban+crop,alabaster,8775,16374,0.10693962103210869,0.10095125364503381,0.00616256918376588,0.0059883673870748805
6077,urban+crop,amber,3179,9822,0.03874977152257357,0.06055842226291097,-0.01730114123713829,0.0218086507403374
6077,urban+crop,azure,8897,8897,0.10842624748674831,0.05485583236235181,0.0738774902697651,0.0535704151243965
6077,urban+crop,brown,26533,38845,0.3233290684213733,0.23948411597526617,0.0970580511672503,0.08384495244610715
6077,urban+crop,gray,122,136,0.0014988119173825626,0.0008445998014882218,0.0008596662233229219,0.0006542121158943407
6077,urban+crop,lavender,12665,19273,0.1543410711021751,0.11882347864148896,0.04036418472229468,0.03551759246068614
6077,urban+crop,olive,122,248,0.0014988119173825626,0.0015350755516099798,-3.583188656923289e-05,3.626363422741725e-05
6077,urban+crop,red,4062,12655,0.049509535124596354,0.07802375976375865,-0.022519318619836137,0.028514224639162297
6077,urban+crop,sage,8775,13541,0.10693962103210869,0.08348591614418613,0.026476799753219322,0.02345370488792256
6077,urban+crop,sienna,122,183,0.0014988119173825626,0.0011343530180571739,0.00041758440636019867,0.0003644588993253887
6077,urban+crop,terracotta,8775,12303,0.10693962103210869,0.07585369312051884,0.036729267437838255,0.031085927911589845
6077,urban+forest,alabaster,849,9250,0.047018475495076886,0.04751973782213616,-0.0004986091969285413,0.0005012623270592709
6077,urban+forest,amber,93,5618,0.005199690231220268,0.028863193905802945,-0.008912103515205251,0.023663503674582677
6077,urban+forest,azure,480,480,0.026606925544861156,0.002470759257642146,0.06323524438088639,0.02413616628721901
6077,urban+forest,brown,8109,44693,0.44861157207655716,0.22958027912901885,0.30052697785130505,0.21903129294753831
6077,urban+forest,gray,3,153,0.0002212634140944795,0.0007910538995361548,-0.0002818922880245313,0.0005697904854416753
6077,urban+forest,lavender,2316,13769,0.12816683261422723,0.07073254673125227,0.07618582302615083,0.05743428588297496
6077,urban+forest,olive,66,1676,0.003706162186082531,0.008614268763130725,-0.003125862788471071,0.004908106577048194
6077,urban+forest,red,852,8107,0.047184423055647746,0.041648474139215214,0.005888572846560409,0.005535948916432533
6077,urban+forest,sage,3879,24885,0.2146255116716451,0.12783225547958926,0.11121374682224881,0.08679325619205583
6077,urban+forest,sienna,16,279,0.0009403695099015378,0.0014382798173384632,-0.00039959141665476215,0.0004979103074369254
6077,urban+forest,terracotta,1377,6426,0.07622524615554818,0.03301365852155108,0.06378310226451708,0.0432115876339971
6077,urban+grass,alabaster,1622,16364,0.1296532992490813,0.08343572670402113,0.057149535961788164,0.046217572545060176
6077,urban+grass,amber,878,12981,0.07021888480587954,0.06618775460260326,0.004151468207798959,0.004031130203276279
6077,urban+grass,azure,1134,1134,0.09066943601214252,0.005786712484513534,0.24949109608254164,0.08488272352762898
6077,urban+grass,brown,3578,33883,0.2859082920594344,0.17275503596938904,0.14403959350514384,0.11315325609004537
6077,urban+grass,gray,5,233,0.0004793097938967886,0.0011930314725781205,-0.0004370853154242282,0.0007137216786813319
6077,urban+grass,lavender,1626,18622,0.12997283911167917,0.09494797057189035,0.04081100817170925,0.035024868539788825
6077,urban+grass,olive,3,305,0.00031953986259785906,0.0015601180795252346,-0.0005066735126323454,0.0012405782169273756
6077,urban+grass,red,878,15682,0.07021888480587954,0.07995860078821652,-0.00912085182220172,0.009739715982336986
6077,urban+grass,sage,1246,11531,0.09961655216488256,0.0587950382126961,0.05252490612351987,0.040821513952186465
6077,urban+grass,sienna,5,290,0.0004793097938967886,0.0014836417030779192,-0.0005415758818791529,0.0010043319091811306
6077,urban+grass,terracotta,1505,11932,0.12030675826809395,0.06083950667638766,0.08202580238104018,0.05946725159170629
6077,urban+shrub,alabaster,86,2145,0.0820754716981132,0.10815987097424525,-0.022650467141273698,0.026084399276132042
6077,urban+shrub,amber,62,1659,0.059433962264150944,0.0836651378458747,-0.020323833239673603,0.02423117558172376
6077,urban+shrub,azure,86,86,0.0820754716981132,0.004384859634091023,0.2404385837970633,0.07769061206402218
6077,urban+shrub,brown,356,2434,0.33679245283018866,0.12272566906909933,0.3399971481854871,0.21406678376108934
6077,urban+shrub,lavender,179,1112,0.16981132075471697,0.05609596290509551,0.18808711052315483,0.11371535784962146
6077,urban+shrub,red,49,1774,0.04716981132075472,0.08946121667254675,-0.030191089660047767,0.04229140535179203
6077,urban+shrub,sage,86,703,0.0820754716981132,0.035482082556322764,0.06882942279442093,0.04659338914179044
6077,urban+shrub,sienna,1,139,0.0018867924528301887,0.007056095962905095,-0.002488704993133965,0.005169303510074906
6077,urban+shrub,terracotta,117,1018,0.11132075471698114,0.05135829847285923,0.08611653213008784,0.05996245624412191
6079,crop,alabaster,148,1209,0.3325892857142857,0.20747599451303156,0.1569464588964263,0.12511329120125414
6079,crop,azure,23,23,0.05357142857142857,0.00411522633744856,0.13748153792536652,0.04945620223398001
6079,crop,brown,163,769,0.36607142857142855,0.13203017832647462,0.3733188939665097,0.23404125024495392
6079,crop,grey,4,778,0.011160714285714286,0.13357338820301784,-0.027703695225035036,0.12241267391730355
6079,crop,lavender,23,88,0.05357142857142857,0.015260631001371741,0.06727175902978472,0.03831079757005683
6079,crop,red,2,123,0.006696428571428571,0.021262002743484224,-0.007736700238817533,0.014565574172055652
6079,crop,sage,43,43,0.09821428571428571,0.0075445816186556925,0.25204948619650536,0.09066970409563002
6079,crop,terracotta,4,216,0.011160714285714286,0.03720850480109739,-0.013439033480277349,0.026047790515383105
6079,forest,alabaster,585,5087,0.08361872146118722,0.14718815089099746,-0.04728172695236567,0.06356942942981024
6079,forest,azure,517,517,0.07391552511415525,0.014984957185836612,0.1179600158829467,0.05893056792831864
6079,forest,brown,3202,12967,0.4570490867579909,0.37514464244387874,0.09025765656377982,0.08190444431411215
6079,forest,grey,3,45,0.0005707762557077625,0.0013307104836843323,-0.00048314554245072066,0.0007599342279765698
6079,forest,lavender,338,399,0.048373287671232876,0.011571395510298541,0.06919371206989945,0.03680189216093434
6079,forest,olive,37,130,0.005422374429223744,0.0037896320296227724,0.0019426463324471299,0.0016327423996009716
6079,forest,sage,2248,2248,0.3209189497716895,0.06506017125665355,0.5121468643257667,0.25585877851503597
6079,forest,terracotta,40,2088,0.005850456621004566,0.06043161305253414,-0.013660773208351221,0.054581156431529575
6079,grass,alabaster,160,642,0.29704797047970477,0.30088909686476367,-0.0038165036257535984,0.0038411263850589017
6079,grass,azure,56,56,0.10516605166051661,0.02667290594291062,0.14427649164415424,0.07849314571760599
6079,grass,brown,160,220,0.29704797047970477,0.10341600374356574,0.3134253887319927,0.19363196673613903
6079,grass,grey,12,82,0.023985239852398525,0.03883949461862424,-0.011560861538601986,0.014854254766225712
6079,grass,lavender,41,44,0.07749077490774908,0.02105755732335049,0.1009626827684264,0.05643321758439859
6079,grass,olive,1,1,0.0036900369003690036,0.0009358914365933552,0.005062333040145761,0.0027541454637756485
6079,grass,sage,59,59,0.11070110701107011,0.028076743097800654,0.15186999120437286,0.08262436391326945
6079,grass,terracotta,15,38,0.02952029520295203,0.018249883013570427,0.014196880590099959,0.011270412189381601
6079,shrub,alabaster,1004,3172,0.13997214484679665,0.17624840304393713,-0.03225671284011701,0.036276258197140476
6079,shrub,amber,69,663,0.009749303621169917,0.036882741765261344,-0.012971915262788377,0.02713343814409143
6079,shrub,azure,986,986,0.1374651810584958,0.05482419596733878,0.1263633593671801,0.08264098509115703
6079,shrub,brown,3418,4626,0.47618384401114205,0.25701272010220516,0.2936523045293357,0.2191711239089369
6079,shrub,grey,21,42,0.003064066852367688,0.0023884908070877075,0.000763201954897261,0.0006755760452799805
6079,shrub,lavender,445,453,0.062116991643454036,0.02521801921901905,0.05599603183718032,0.03689897242443499
6079,shrub,olive,24,45,0.003481894150417827,0.0025551297006054545,0.0010775538161366936,0.0009267644498123727
6079,shrub,sage,958,958,0.13356545961002786,0.0532688996278398,0.12277858321491969,0.08029655998218806
6079,shrub,sienna,4,10,0.0006963788300835655,0.0006110092762317391,9.107358443668698e-05,8.536955385182634e-05
6079,shrub,terracotta,213,564,0.0298050139275766,0.03138365827917569,-0.001538257289829621,0.0015786443515990907
6079,urban+crop,alabaster,206,14881,0.10339660339660339,0.12379589731645232,-0.018617810338722927,0.020399293919848932
6079,urban+crop,amber,107,9035,0.053946053946053944,0.0751659540486133,-0.017894652895685217,0.021219900102559357
6079,urban+crop,azure,138,138,0.06943056943056942,0.0011562713161528608,0.2843269860984163,0.06827429811441657
6079,urban+crop,brown,577,16830,0.2887112887112887,0.14000865123862447,0.20894699206553421,0.14870263747266424
6079,urban+crop,grey,1,2350,0.000999000999000999,0.019556790390470327,-0.0029713507102983906,0.018557789391469327
6079,urban+crop,lavender,320,4644,0.16033966033966035,0.03863942635633121,0.22816674850748123,0.12170023398332913
6079,urban+crop,olive,2,3763,0.0014985014985014985,0.03131082902157819,-0.004554692914683904,0.02981232752307669
6079,urban+crop,red,180,3374,0.09040959040959042,0.028074933036085648,0.10573159616505703,0.06233465737350477
6079,urban+crop,sage,240,240,0.12037962037962038,0.002004758181243449,0.4929698104296283,0.11837486219837694
6079,urban+crop,sienna,1,3474,0.000999000999000999,0.02890678290382152,-0.003361714056411101,0.02790778190482052
6079,urban+crop,terracotta,192,12778,0.0964035964035964,0.10630209459796695,-0.009422630356818108,0.009898498194370553
6079,urban+forest,alabaster,727,9120,0.06904400606980274,0.09416683873632047,-0.021426013435460703,0.025122832666517728
6079,urban+forest,amber,67,5932,0.006449165402124431,0.061253355358249016,-0.01451750923055739,0.054804189956124585
6079,urban+forest,azure,626,626,0.05946509863429439,0.006473260375800124,0.1318763236274433,0.05299183825849427
6079,urban+forest,brown,4514,32024,0.42820561456752654,0.3306318397687384,0.11073311478844719,0.09757377479878815
6079,urban+forest,grey,8,22,0.0008535660091047041,0.00023745612223828206,0.001092086512291162,0.0006161098868664221
6079,urban+forest,lavender,1132,5992,0.10745447647951442,0.061872806111914105,0.05931342250721973,0.045581670367600316
6079,urban+forest,olive,86,136,0.008251138088012139,0.001414412554201941,0.014552011203300547,0.006836725533810198
6079,urban+forest,red,175,1177,0.01669195751138088,0.012161883130291143,0.005285012428614666,0.004530074381089736
6079,urban+forest,sage,2436,2436,0.23112670713201822,0.025160024778030147,0.5125719309092175,0.20596668235398807
6079,urban+forest,sienna,8,24,0.0008535660091047041,0.00025810448069378485,0.0010209148051163273,0.0005954615284109192
6079,urban+forest,terracotta,727,10280,0.06904400606980274,0.10614288664051208,-0.029691829578854457,0.03709888057070934
6079,urban+grass,alabaster,5760,14085,0.10296141404392972,0.11399668190830736,-0.01048302098298398,0.01103526786437764
6079,urban+grass,amber,1611,8972,0.02880989401819384,0.07261765062922348,-0.026634434243851004,0.04380775661102965
6079,urban+grass,azure,5557,5557,0.09933336907761872,0.04498037470157407,0.07869738620926413,0.05435299437604465
6079,urban+grass,brown,18398,26380,0.3288295533751541,0.21349896815441266,0.1420239641398513,0.11533058522074147
6079,urban+grass,grey,291,549,0.005218665665826676,0.004451098612066524,0.0008302417208642988,0.000767567053760152
6079,urban+grass,lavender,8654,11414,0.1546833949922256,0.09238052846679885,0.07973375081716275,0.062302866525426756
6079,urban+grass,olive,418,588,0.0074884277876074564,0.004766721968194877,0.0033825229593329453,0.002721705819412579
6079,urban+grass,red,3293,7404,0.05887083802477079,0.0599279731315502,-0.001047755811163634,0.0010571351067794055
6079,urban+grass,sage,6376,6376,0.11397065394170107,0.05160846518026949,0.0902938524390927,0.062362188761431576
6079,urban+grass,sienna,281,473,0.005039944238914803,0.003836037712944604,0.0013756781310399094,0.001203906525970199
6079,urban+grass,terracotta,5276,10506,0.09431129698139509,0.0850321693036054,0.009767946792043947,0.009279127677789697
6079,urban+shrub,alabaster,433,1317,0.09681017175998216,0.11418175517629732,-0.015977497840757863,0.01737158341631516
6079,urban+shrub,amber,51,745,0.01159937541824671,0.06462791302087846,-0.01992419094723818,0.05302853760263175
6079,urban+shrub,azure,339,339,0.07584207004238233,0.029455081001472753,0.07173042322913689,0.04638698904090958
6079,urban+shrub,brown,1520,2091,0.3392817309837163,0.18123538075023823,0.21274124690745955,0.15804635023347804
6079,urban+shrub,grey,23,49,0.005353557885344635,0.004331629559040111,0.0011339775277944529,0.0010219283263045243
6079,urban+shrub,lavender,744,922,0.16618335935757306,0.07996188165988044,0.1215700591000344,0.08622147769769262
6079,urban+shrub,olive,29,45,0.0066919473566807944,0.003985099194316902,0.0034687221456560337,0.0027068481623638927
6079,urban+shrub,red,339,905,0.07584207004238233,0.07848912760980681,-0.002601910937078265,0.0026470575674244767
6079,urban+shrub,sage,561,561,0.12536248048182022,0.04868751624361085,0.11856617016110278,0.07667496423820938
6079,urban+shrub,sienna,21,37,0.004907428061565916,0.0032920384648704843,0.0019592564050883027,0.0016153895966954314
6079,urban+shrub,terracotta,385,800,0.08610305598929288,0.06939270553582258,0.018577866572472564,0.016710350453470302
6081,barren,alabaster,15,18,0.13445378151260504,0.07692307692307693,0.0750809528187951,0.05753070458952811
6081,barren,amber,8,10,0.07563025210084033,0.044534412955465584,0.04005333892847622,0.031095839145374747
6081,barren,brown,22,27,0.19327731092436976,0.11336032388663968,0.10312398851444582,0.07991698703773008
6081,barren,foo,2,2,0.025210084033613446,0.012145748987854251,0.018410038071843226,0.013064335045759195
6081,barren,green,5,7,0.05042016806722689,0.032388663967611336,0.02231509770073951,0.018031504099615556
6081,barren,indigo,12,16,0.1092436974789916,0.06882591093117409,0.050470681848596564,0.04041778654781751
6081,barren,lavender,5,15,0.05042016806722689,0.06477732793522267,-0.0126334996384174,0.01435715986799578
6081,barren,terracotta,12,14,0.1092436974789916,0.06072874493927125,0.06414396637298377,0.048514952539720345
6081,crop,bar,1,2,0.04878048780487805,0.005813953488372093,0.10375949222776053,0.04296653431650596
6081,crop,brown,2,3,0.07317073170731707,0.007751937984496124,0.16425750924332735,0.06541879372282094
6081,forest,alabaster,2404,7163,0.16330549331160454,0.1357049497073365,0.030234313260907756,0.027600543604268057
6081,forest,amber,343,1467,0.02335845725538127,0.027807770263870737,-0.004072695907118193,0.004449313008489466
6081,forest,bar,7,53,0.0005432199361716575,0.0010229016309598227,-0.00034379538371194637,0.0004796816947881652
6081,forest,brown,5610,12798,0.3810008827323963,0.24244662916027354,0.1722200539843456,0.13855425357212275
6081,forest,green,3081,10695,0.20927548041013105,0.2026102934212271,0.006773635168419666,0.006665186988903948
6081,forest,indigo,1539,3512,0.10456983771304407,0.06654543388077513,0.04726245266481682,0.03802440383226893
6081,forest,lavender,162,176,0.011068106199497522,0.0033528442348127524,0.013218181524997806,0.00771526196468477
6081,forest,navy,2,2073,0.00020370747606437156,0.039286999677975415,-0.0010719013897387765,0.03908329220191104
6081,forest,terracotta,1541,3165,0.10470564269708699,0.05997234377071849,0.05834926027094675,0.044733298926368494
6081,shrub,alabaster,18,760,0.15966386554621848,0.164504971897968,-0.004769164296574923,0.00484110635174953
6081,shrub,amber,6,267,0.058823529411764705,0.057933419801124084,0.0008969128367242201,0.0008901096106406214
6081,shrub,bar,3,3,0.03361344537815126,0.0008646779074794639,0.12303611259428084,0.0327487674706718
6081,shrub,brown,25,26,0.2184873949579832,0.005836575875486381,0.7914889459169934,0.2126508190824968
6081,shrub,foo,4,4,0.04201680672268908,0.00108084738434933,0.15379514074285108,0.040935959338339746
6081,shrub,green,4,390,0.04201680672268908,0.0845222654561176,-0.029367449490395395,0.04250545873342852
6081,shrub,indigo,7,8,0.06722689075630252,0.0019455252918287938,0.2381540379175443,0.06528136546447372
6081,shrub,lavender,2,2,0.025210084033613446,0.0006485084306095979,0.09227708444571064,0.024561575603003847
6081,shrub,terracotta,12,12,0.1092436974789916,0.0028102031993082577,0.39986736593141275,0.10643349427968334
6081,urban,alabaster,7551,66558,0.16681024009895523,0.07625243877430611,0.13058030379338725,0.09055780132464912
6081,urban,amber,6231,72591,0.1376537892342014,0.08316406549834628,0.06936737980205232,0.05448972373585513
6081,urban,bar,209,1239,0.004638526273938109,0.0014205896134277796,0.005488882694184482,0.003217936660510329
6081,urban,brown,9761,9766,0.2156252070770658,0.011189434479313809,0.6379426495101308,0.204435772597752
6081,urban,foo,2281,3169,0.050405318843460785,0.0036316686085210172,0.1325863768892123,0.04677365023493977
6081,urban,gold,172,7236,0.003821262120910918,0.00829097341320713,-0.002959898495966086,0.004469711292296212
6081,urban,green,897,44948,0.019835221876173436,0.051495227849971986,-0.01892339474838253,0.03166000597379855
6081,urban,indigo,4884,6526,0.10790095641994124,0.007477571295841224,0.28802063692598323,0.10042338512410001
6081,urban,lavender,4006,30710,0.08850749895080953,0.03518365130482302,0.08164867751328263,0.053323847645986515
6081,urban,lilac,96,96,0.0021425573741523647,0.00011112676814717309,0.006340006868141576,0.0020314306060051916
6081,urban,navy,104,69668,0.0023192631369690544,0.07981536917572579,-0.008206635054575166,0.07749610603875674
6081,urban,terracotta,9043,9048,0.1997658648642679,0.010366867267667725,0.5910135287505911,0.18939899759660017
6081,urban+barren,alabaster,35,125,0.12413793103448276,0.08087291399229782,0.05319488295990693,0.04326501704218494
6081,urban+barren,amber,35,118,0.12413793103448276,0.07637997432605904,0.06029041019521091,0.04775795670842371
6081,urban+barren,bar,1,1,0.006896551724137931,0.0012836970474967907,0.011595015885863268,0.00561285467664114
6081,urban+barren,brown,72,77,0.2517241379310345,0.05006418485237484,0.4065415103701898,0.20165995307865964
6081,urban+barren,foo,14,17,0.05172413793103448,0.011553273427471117,0.07753219379256306,0.040170864503563365
6081,urban+barren,gold,1,12,0.006896551724137931,0.00834403080872914,-0.0013139646444925352,0.0014474790845912088
6081,urban+barren,green,2,24,0.010344827586206896,0.016046213093709884,-0.004541236890516384,0.005701385507502987
6081,urban+barren,indigo,23,26,0.08275862068965517,0.017329910141206675,0.12939262905879645,0.0654287105484485
6081,urban+barren,lavender,26,95,0.09310344827586207,0.06161745827984596,0.03842993588151725,0.031485989996016116
6081,urban+barren,lilac,1,1,0.006896551724137931,0.0012836970474967907,0.011595015885863268,0.00561285467664114
6081,urban+barren,navy,1,74,0.006896551724137931,0.04813863928112965,-0.01340043882431856,0.04124208755699172
6081,urban+barren,terracotta,41,47,0.14482758620689656,0.03080872913992298,0.22415630432647365,0.11401885706697358
6081,urban+forest,alabaster,13697,26917,0.1252525991423059,0.10876530888491112,0.017678159354080188,0.016487290257394788
6081,urban+forest,amber,7461,16043,0.06823148596874629,0.06482764751279865,0.003491675190068921,0.003403838455947633
6081,urban+forest,bar,496,725,0.0045444985964174355,0.002933487415500612,0.001989242658037399,0.0016110111809168235
6081,urban+forest,brown,38290,59162,0.35012755685195174,0.23905498066565112,0.1336100643479813,0.11107257618630062
6081,urban+forest,gold,180,230,0.0016550387242486033,0.0009333823594774675,0.000947947844027149,0.0007216563647711358
6081,urban+forest,green,18553,40473,0.1696551850260143,0.16353990310602173,0.006228217874034577,0.0061152819199925545
6081,urban+forest,indigo,8430,10472,0.07709188665270704,0.04231737424591999,0.046239736984948786,0.03477451240678705
6081,urban+forest,lavender,5346,7747,0.04889222131799603,0.031306694897105705,0.02179548446551792,0.017585526420890327
6081,urban+forest,lilac,112,126,0.0010332562201110064,0.0005131582668988674,0.0007231617315553958,0.0005200979532121391
6081,urban+forest,navy,233,3746,0.00213966332306173,0.015140189181653985,-0.004186688323008265,0.013000525858592255
6081,urban+forest,terracotta,16527,22205,0.1511297239468559,0.08972592499808071,0.07879583725152114,0.06140379894877518
6081,urban+shrub,alabaster,204,1001,0.1467430207587688,0.09466225791213982,0.06432737435228947,0.05208076284662898
6081,urban+shrub,amber,133,1069,0.09591982820329277,0.10108644307982995,-0.005032271029253351,0.005166614876537176
6081,urban+shrub,bar,6,6,0.005010737294201861,0.0006613131790269249,0.01014729833227203,0.004349424115174937
6081,urban+shrub,brown,315,322,0.22619899785254116,0.030514879546528106,0.45312199415726406,0.19568411830601307
6081,urban+shrub,foo,122,125,0.08804581245526127,0.011903637222484649,0.1761808393315333,0.07614217523277662
6081,urban+shrub,gold,2,30,0.0021474588403722263,0.0029286726499763815,-0.0006662793661525397,0.0007812138096041552
6081,urban+shrub,green,80,444,0.05798138869005011,0.042040623523854515,0.01864018714550779,0.015940765166195595
6081,urban+shrub,indigo,96,107,0.06943450250536864,0.010203117619272556,0.13315389108235015,0.05923138488609609
6081,urban+shrub,lavender,140,239,0.10093056549749463,0.02267359470949457,0.15071272911960876,0.07825697078800006
6081,urban+shrub,lilac,2,2,0.0021474588403722263,0.0002834199338686821,0.004348842142402299,0.0018640389065035443
6081,urban+shrub,navy,2,855,0.0021474588403722263,0.08086915446386396,-0.007792155897984886,0.07872169562349174
6081,urban+shrub,terracotta,257,263,0.18468146027201146,0.024940954180444026,0.36975468644991033,0.15974050609156742
6083,crop,alabaster,184,873,0.3291814946619217,0.27781309599491416,0.05584915726379798,0.05136839866700754
6083,crop,amber,26,42,0.04804270462633452,0.013668150031786395,0.06039073588781684,0.03437455459454812
6083,crop,bar,10,10,0.019572953736654804,0.0034965034965034965,0.033712166496387634,0.016076450240151308
6083,crop,brown,174,458,0.3113879003558719,0.1458995549904641,0.2360697056544709,0.1654883453654078
6083,crop,foo,2,2,0.005338078291814947,0.0009535918626827717,0.009194227226287538,0.004384486429132175
6083,crop,green,26,68,0.04804270462633452,0.021932612841703752,0.03767103392981004,0.026110091784630765
6083,crop,indigo,46,78,0.08362989323843416,0.025111252383979658,0.10061386868234119,0.058518640854454504
6083,crop,lavender,9,70,0.017793594306049824,0.02256834075015893,-0.004229707301116326,0.004774746444109107
6083,crop,terracotta,47,66,0.08540925266903915,0.02129688493324857,0.11862436656866535,0.06411236773579057
6083,forest,alabaster,1355,3115,0.15568312284730196,0.1156429764334756,0.04628693109916164,0.04004014641382636
6083,forest,amber,227,292,0.026176808266360506,0.01087400259788458,0.022996299373653304,0.015302805668475927
6083,forest,bar,23,23,0.0027554535017221583,0.0008907032844683615,0.0031118051725034625,0.0018647502172537969
6083,forest,brown,3496,9833,0.4014925373134328,0.36496567081091114,0.038296626486228634,0.03652686650252168
6083,forest,gold,2,2,0.0003444316877152698,0.00011133791055854518,0.0003889756465629328,0.0002330937771567246
6083,forest,green,1634,2348,0.18771526980482203,0.08717758396734088,0.1439736810311545,0.10053768583748116
6083,forest,indigo,1027,1033,0.11802525832376579,0.038374466505845244,0.13260212736037685,0.07965079181792054
6083,forest,lavender,61,853,0.00711825487944891,0.03169419187233253,-0.010630906152674011,0.02457593699288362
6083,forest,navy,14,231,0.001722158438576349,0.008610131749860828,-0.002771574988593085,0.0068879733112844795
6083,forest,terracotta,833,879,0.095752009184845,0.03265912043050659,0.10299444750974637,0.06309288875433841
6083,grass,alabaster,58,1043,0.2681818181818182,0.2943332393572033,-0.024953625231002974,0.026151421175385103
6083,grass,amber,5,72,0.02727272727272727,0.020580772483789117,0.0076780891772979315,0.006691954788938154
6083,grass,bar,2,2,0.013636363636363636,0.0008457851705666761,0.03791222602392628,0.01279057846579696
6083,grass,brown,53,654,0.24545454545454545,0.18466309557372426,0.06985114020416033,0.06079144988082119
6083,grass,green,15,83,0.07272727272727272,0.02368198477586693,0.08160013322310747,0.049045287951405794
6083,grass,indigo,23,29,0.10909090909090909,0.00845785170566676,0.2789548753207691,0.10063305738524232
6083,grass,lavender,3,175,0.01818181818181818,0.049619396673245,-0.018253813190854562,0.03143757849142682
6083,grass,terracotta,23,128,0.10909090909090909,0.03636876233436707,0.11983323648082186,0.07272214675654201
6083,shrub,alabaster,550,3332,0.32719714964370544,0.16241898542955996,0.22916350680706685,0.16477816421414548
6083,shrub,amber,40,611,0.024346793349168647,0.029823108035670776,-0.004939559716360191,0.005476314686502129
6083,shrub,bar,17,17,0.010688836104513063,0.0008771502363432582,0.02672504931846369,0.009811685868169806
6083,shrub,brown,615,5738,0.3657957244655582,0.27966473368744216,0.09821013162993351,0.08613099077811603
6083,shrub,foo,3,3,0.0023752969121140144,0.00019492227474294626,0.005938899848547488,0.002180374637371068
6083,shrub,green,101,604,0.060570071258907364,0.02948199405487062,0.0436117348765891,0.031088077204036745
6083,shrub,indigo,163,168,0.09738717339667459,0.008235466107889479,0.24057013423925017,0.0891517072887851
6083,shrub,lavender,3,880,0.0023752969121140144,0.04293163101213391,-0.006875264675956762,0.040556334100019895
6083,shrub,navy,3,744,0.0023752969121140144,0.036304273670873737,-0.006476990548743887,0.03392897675875972
6083,shrub,terracotta,151,592,0.09026128266033254,0.02889722723064178,0.10280425749954307,0.061364055429690756
6083,urban+crop,alabaster,4282,7436,0.18966433442564876,0.14306049822064057,0.05348311253515524,0.04660383620500819
6083,urban+crop,amber,2170,4933,0.09613851740324152,0.09491199384437819,0.0012344146660591105,0.0012265235588633239
6083,urban+crop,bar,162,162,0.007218138340271013,0.003135519861498509,0.0060184988100022725,0.004082618478772504
6083,urban+crop,brown,5569,8253,0.24665662917367814,0.15877657016447053,0.10865205011477544,0.08788005900920762
6083,urban+crop,foo,1783,1783,0.07900097422726066,0.03431759161296528,0.06587117715977947,0.04468338261429538
6083,urban+crop,gold,78,78,0.003498361526879816,0.0015196691353274983,0.0029169411410440464,0.0019786923915523177
6083,urban+crop,green,1324,2113,0.0586750509255159,0.04066557660863711,0.02151218991793505,0.01800947431687879
6083,urban+crop,indigo,1732,1788,0.07674253830484457,0.03441377320380879,0.06154746145418578,0.042328765101035774
6083,urban+crop,lavender,1293,2418,0.057302276149145334,0.04653265365009137,0.011929534591817096,0.010769622499053964
6083,urban+crop,lilac,31,31,0.0014170578336728367,0.0006155621813984804,0.0011815457786507526,0.0008014956522743563
6083,urban+crop,navy,51,1884,0.00230271897971836,0.03626045974800423,-0.006347761018541857,0.03395774076828587
6083,urban+crop,terracotta,4069,5012,0.18023204322026393,0.09643166297970568,0.1127190208895622,0.08380038024055825
6083,urban+forest,alabaster,5228,8215,0.10351790628155129,0.09001073643156073,0.014473423187063272,0.013507169849990563
6083,urban+forest,amber,3833,5201,0.07590125314275534,0.056990731611122065,0.021749089926073526,0.01891052153163327
6083,urban+forest,bar,219,219,0.00435531447350187,0.002410219329959026,0.002576948399005513,0.0019450951435428443
6083,urban+forest,brown,18772,30617,0.37164690277750284,0.33543679747584304,0.03809776997666914,0.0362101053016598
6083,urban+forest,gold,159,159,0.0031675014352740877,0.0017528867854247464,0.0018741442901858273,0.0014146146498493412
6083,urban+forest,green,8162,10209,0.16160196385088987,0.11185608799491663,0.05945710877461826,0.049745875855973246
6083,urban+forest,indigo,3833,3837,0.07590125314275534,0.0420473717653761,0.04483003629703959,0.033853881377379234
6083,urban+forest,lavender,3399,6295,0.06730940549957437,0.06897609500646378,-0.0016463889792790653,0.0016666895068894044
6083,urban+forest,lilac,139,139,0.002771563755864827,0.0015337759372466531,0.0016398762539125992,0.0012377878186181736
6083,urban+forest,navy,159,777,0.0031675014352740877,0.008523411994127829,-0.003135426185357702,0.005355910558853741
6083,urban+forest,terracotta,6572,8336,0.1301249183378536,0.09133635706303819,0.046057191179607715,0.03878856127481542
6083,urban+grass,alabaster,4672,25710,0.16672018266795105,0.11544505908976616,0.06127335436525169,0.051275123578184895
6083,urban+grass,amber,3840,11611,0.1370366406222127,0.05213908545565574,0.1324230926802602,0.08489755516655698
6083,urban+grass,bar,115,115,0.004138570765992365,0.0005208520420992134,0.008577766354271855,0.003617718723893152
6083,urban+grass,brown,7190,60268,0.256555710157337,0.2706140665972197,-0.013686698813848333,0.01405835643988268
6083,urban+grass,foo,1978,1978,0.07060544436119733,0.008885915442365028,0.14633965185434483,0.0617195289188323
6083,urban+grass,gold,91,91,0.0032823147454422207,0.00041308955063041057,0.00680305607407768,0.0028692251948118103
6083,urban+grass,green,564,1564,0.020157693817117985,0.00702701246452818,0.02124266952475966,0.013130681352589806
6083,urban+grass,indigo,2471,2513,0.08819437011666488,0.01128812098135709,0.1813092979853527,0.07690624913530779
6083,urban+grass,lavender,2471,25761,0.08819437011666488,0.11567405438413736,-0.02392124386544601,0.02747968426747248
6083,urban+grass,lilac,60,60,0.0021763173855649507,0.000273896332483207,0.004510721962160201,0.0019024210530817437
6083,urban+grass,navy,57,3661,0.0020692853829961826,0.016442760156614823,-0.004288970454884698,0.01437347477361864
6083,urban+grass,terracotta,4482,17944,0.15994148917192907,0.08057491289198607,0.1096591972134516,0.07936657627994301
6083,urban+shrub,alabaster,151,1567,0.15154536390827517,0.11101670914755027,0.047161567229695146,0.0405286547607249
6083,urban+shrub,amber,121,808,0.12163509471585245,0.057278391390540924,0.09160364487024426,0.06435670332531152
6083,urban+shrub,bar,2,2,0.0029910269192422734,0.00021240441801189465,0.007910907185701919,0.002778622501230379
6083,urban+shrub,brown,231,3016,0.2313060817547358,0.2136080430472954,0.018411756300810548,0.01769803870744041
6083,urban+shrub,foo,54,54,0.054835493519441676,0.003894080996884735,0.14503329840453516,0.05094141252255694
6083,urban+shrub,gold,2,2,0.0029910269192422734,0.00021240441801189465,0.007910907185701919,0.002778622501230379
6083,urban+shrub,green,28,320,0.028913260219341975,0.022727272727272728,0.006960424329353132,0.006185987492069247
6083,urban+shrub,indigo,93,95,0.09371884346959122,0.006796941376380629,0.2459019906575472,0.0869219020932106
6083,urban+shrub,lavender,101,1377,0.1016949152542373,0.09756442934013028,0.004216711606475453,0.0041304859141070155
6083,urban+shrub,lilac,1,1,0.0019940179461615153,0.0001416029453412631,0.005273938123801279,0.0018524150008202521
6083,urban+shrub,navy,1,412,0.0019940179461615153,0.02924100821297083,-0.005354776556958616,0.027246990266809316
6083,urban+shrub,terracotta,180,1041,0.18045862412761715,0.07377513452279807,0.16141659005486816,0.10668348960481908
6085,crop,alabaster,159,931,0.3131115459882583,0.15203915171288743,0.22619849370639167,0.16107239427537087
6085,crop,amber,5,5,0.011741682974559686,0.0009787928221859706,0.0291731558363196,0.010762890152373715
6085,crop,cocoa,182,182,0.35812133072407043,0.029853181076672106,0.8897812530077478,0.3282681496473983
6085,crop,green,19,45,0.03913894324853229,0.007504078303425775,0.06464466989399016,0.03163486494510651
6085,crop,grey,17,39,0.03522504892367906,0.0065252854812398045,0.05939199484375353,0.028699763442439255
6085,crop,indigo,3,9,0.007827788649706457,0.0016313213703099511,0.012276240366750665,0.006196467279396507
6085,crop,navy,30,143,0.060665362035225046,0.023491027732463296,0.057556525739151945,0.03717433430276175
6085,crop,orange,34,332,0.0684931506849315,0.05432300163132137,0.015875754125720707,0.01417014905361013
6085,crop,purple,5,5,0.011741682974559686,0.0009787928221859706,0.0291731558363196,0.010762890152373715
6085,crop,red,19,25,0.03913894324853229,0.004241435562805873,0.08697519273029594,0.034897507685726414
6085,forest,alabaster,1081,7638,0.10083876980428705,0.12892391817997706,-0.024776039965933687,0.02808514837569001
6085,forest,amber,422,1467,0.039422180801491145,0.024775535003037873,0.01831049710926688,0.014646645798453272
6085,forest,cocoa,4408,8064,0.4109040074557316,0.13611354890974145,0.45399558175298416,0.27479045854599016
6085,forest,green,2279,10816,0.2124883504193849,0.18255923850671707,0.0322583771576423,0.02992911191266784
6085,forest,grey,11,13,0.0011183597390493941,0.0002362789441706609,0.0017386079756756085,0.0008820807948787333
6085,forest,indigo,10,3512,0.0010251630941286113,0.05928913791939513,-0.004159675527986285,0.05826397482526652
6085,forest,lemon,5,5,0.0005591798695246971,0.00010126240464456896,0.000955501944870754,0.0004579174648801281
6085,forest,navy,979,2071,0.09133271202236719,0.034969283737257814,0.08768296061837778,0.056363428285109374
6085,forest,orange,825,2127,0.07698042870456663,0.03591439951394046,0.058690871979391046,0.04106602919062617
6085,forest,red,672,1466,0.06272134203168686,0.02475865793559711,0.058301151389247886,0.03796268409608975
6085,grass,alabaster,9,41,0.15625,0.11081794195250659,0.053682593192723733,0.04543205804749341
6085,grass,cocoa,10,22,0.171875,0.06068601583113457,0.17893118694549576,0.11118898416886544
6085,grass,navy,2,9,0.046875,0.026385224274406333,0.026938139877975872,0.020489775725593667
6085,grass,orange,3,20,0.0625,0.055408970976253295,0.007526565319951381,0.007091029023746705
6085,grass,red,2,6,0.046875,0.018469656992084433,0.04365727787510394,0.028405343007915567
6085,shrub,alabaster,333,912,0.17066939192641797,0.12638427464008858,0.05126929697881825,0.04428511728632939
6085,shrub,amber,79,267,0.040878896269800714,0.03709856035437431,0.003966715661268058,0.003780335915426404
6085,shrub,cocoa,771,1667,0.3944813490035769,0.23089700996677742,0.21128424792584163,0.16358433903679948
6085,shrub,green,159,471,0.08175779253960143,0.06533776301218161,0.018329357780195548,0.01642002952741982
6085,shrub,grey,3,19,0.002043944813490036,0.0027685492801771874,-0.0006202182621019013,0.0007246044666871514
6085,shrub,navy,164,468,0.08431272355646398,0.06492248062015504,0.02203418879437029,0.019390242936308935
6085,shrub,orange,217,635,0.11139499233520694,0.08803986710963455,0.02621042039787287,0.0233551252255724
6085,shrub,purple,34,53,0.01788451711803781,0.007475083056478406,0.015601739903886533,0.010409434061559406
6085,shrub,red,159,475,0.08175779253960143,0.06589147286821706,0.017639414508177978,0.01586631967138437
6085,urban,alabaster,35178,74934,0.09748358831826331,0.09917376153564154,-0.0016756882690738125,0.0016901732173782297
6085,urban,amber,42192,75103,0.11691989658354371,0.09939742692163639,0.018983445118317573,0.01752246966190732
6085,urban,cocoa,87614,164900,0.24278758891681515,0.2182405077865994,0.025878544585069767,0.024547081130215753
6085,urban,green,25082,44948,0.06950683208127004,0.05948837535551547,0.010818330392996432,0.01001845672575457
6085,urban,grey,636,1635,0.0017651737047310536,0.0021651868135358584,-0.00036055004551747646,0.00040001310880480485
6085,urban,indigo,637,6302,0.0017679447780508824,0.008341792472931856,-0.0027428962921944027,0.006573847694880973
6085,urban,lemon,1026,1754,0.0028458922994643514,0.0023226790084079655,0.000578158364836119,0.0005232132910563858
6085,urban,navy,35191,64352,0.09751961227142109,0.08516886736642611,0.013205866845589451,0.012350744904994979
6085,urban,orange,54239,96735,0.1503030168675233,0.12802659632897606,0.024110909960752713,0.022276420538547226
6085,urban,purple,21488,51322,0.05954759456980472,0.0679241337598416,-0.007837386481230519,0.008376539190036884
6085,urban,red,57550,93846,0.159478040629477,0.12420310934590448,0.039867601566478963,0.035274931283572536
6085,urban+barren,alabaster,33,145,0.11888111888111888,0.10952738184546136,0.009742237821913132,0.00935373703565752
6085,urban+barren,amber,30,125,0.10839160839160839,0.09452363090772693,0.014838898649189695,0.013867977483881452
6085,urban+barren,cocoa,63,247,0.22377622377622378,0.18604651162790697,0.04132024538261162,0.0377297121483168
6085,urban+barren,green,11,24,0.04195804195804196,0.018754688672168042,0.033785720319384156,0.023203353285873918
6085,urban+barren,navy,16,70,0.05944055944055944,0.05326331582895724,0.006522351742496023,0.006177243611602198
6085,urban+barren,orange,41,154,0.14685314685314685,0.11627906976744186,0.03428140017610162,0.03057407708570499
6085,urban+barren,purple,27,59,0.0979020979020979,0.0450112528132033,0.0760753594571149,0.052890845088894606
6085,urban+barren,red,27,132,0.0979020979020979,0.09977494373593399,-0.001855157493900088,0.0018728458338360815
6085,urban+crop,alabaster,31,2557,0.0862533692722372,0.03185197175908055,0.08592472939376966,0.05440139751315665
6085,urban+crop,amber,47,1116,0.1293800539083558,0.013908777347495299,0.2885478110085307,0.11547127656086051
6085,urban+crop,cocoa,66,85,0.18059299191374664,0.0010708637886164688,0.9260411743135605,0.1795221281251302
6085,urban+crop,green,17,101,0.04851752021563342,0.0012700942609172074,0.17674126521962127,0.04724742595471622
6085,urban+crop,lemon,2,2,0.008086253369272238,3.735571355638845e-05,0.0434833011650788,0.008048897655715849
6085,urban+crop,navy,35,1027,0.09703504043126684,0.012800557845322443,0.19655256742535526,0.0842344825859444
6085,urban+crop,orange,60,9811,0.16442048517520216,0.12217808713842783,0.048824230571761676,0.042242398036774334
6085,urban+crop,purple,17,26,0.04851752021563342,0.00033620142200749606,0.24122764541110095,0.04818131879362593
6085,urban+crop,red,58,2347,0.15902964959568733,0.02923707181013336,0.26934107075105884,0.12979257778555398
6085,urban+forest,alabaster,4090,28925,0.07847688471129867,0.10191096266858327,-0.020505648817283915,0.023434077957284596
6085,urban+forest,amber,4090,16321,0.07847688471129867,0.057505038120604854,0.024400939849433225,0.020971846590693816
6085,urban+forest,cocoa,18603,29878,0.3568770381737963,0.1052685353514001,0.4357028701839085,0.2516085028223962
6085,urban+forest,green,8393,40562,0.16102052560905428,0.14290999027607493,0.01921246216865219,0.01811053533297935
6085,urban+forest,grey,112,151,0.002167657778630347,0.0005355205118448682,0.003030739565312705,0.001632137266785479
6085,urban+forest,indigo,33,10472,0.0006522156148091311,0.03689806789836384,-0.00263204172173973,0.03624585228355471
6085,urban+forest,lemon,112,118,0.002167657778630347,0.00041925619019433756,0.0035612890403563732,0.0017484015884360097
6085,urban+forest,navy,2005,3729,0.03848072127373873,0.013141391507772094,0.041343319972012654,0.025339329765966635
6085,urban+forest,orange,7324,12843,0.1405140993669672,0.04525148325089136,0.1592126459025971,0.09526261611607585
6085,urban+forest,purple,1043,2792,0.020026855937080375,0.009840189405149453,0.014231068013538172,0.010186666531930922
6085,urban+forest,red,6287,8918,0.1206215231152887,0.031423075297002494,0.1622498478369144,0.0891984478182862
6085,urban+grass,alabaster,3828,10219,0.1070509953030642,0.08480483271375465,0.02493782715272762,0.022246162589309545
6085,urban+grass,amber,4537,11301,0.1268731827331693,0.09378319171534785,0.03834137768536517,0.03308999101782145
6085,urban+grass,cocoa,8449,26492,0.23624468798926415,0.21983702867764207,0.01700526787299581,0.01640765931162208
6085,urban+grass,green,1389,5860,0.03886155222545292,0.048634160913436,-0.008717454338673417,0.009772608687983082
6085,urban+grass,grey,49,181,0.0013978975620666518,0.0015102230483271376,-0.00010804068936709011,0.0001123254862604858
6085,urban+grass,indigo,45,315,0.0012860657571013197,0.002622145512480085,-0.0009161998338671784,0.0013360797553787654
6085,urban+grass,lemon,101,275,0.0028517110266159697,0.0022902283590015933,0.0006252879515307858,0.0005614826676143764
6085,urban+grass,navy,3146,11182,0.08798367255647506,0.09279573818374934,-0.004685082688264794,0.0048120656272742784
6085,urban+grass,orange,6449,18920,0.1803287855065981,0.15700511152416358,0.024976151454341025,0.023323673982434512
6085,urban+grass,purple,3871,10030,0.10825318720644152,0.08323652416356878,0.028447483282965605,0.02501666304287274
6085,urban+grass,red,3866,14181,0.10811339745023485,0.11768122676579926,-0.009167891573756288,0.009567829315564408
6085,urban+shrub,alabaster,339,1163,0.0881057268722467,0.09440389294403893,-0.006083240181533461,0.006298166071792233
6085,urban+shrub,amber,340,1109,0.08836486136304743,0.09002433090024331,-0.001644079709539589,0.0016594695371958817
6085,urban+shrub,cocoa,1090,2276,0.2827157294635916,0.18467153284671534,0.12039821234506388,0.09804419661687624
6085,urban+shrub,green,92,480,0.02409950764446748,0.039010543390105436,-0.01160729993180909,0.014911035745637957
6085,urban+shrub,grey,3,10,0.0010365379632029023,0.0008921330089213301,0.00015550797920942358,0.00014440495428157227
6085,urban+shrub,indigo,3,107,0.0010365379632029023,0.008759124087591242,-0.0022121893043623303,0.007722586124388339
6085,urban+shrub,lemon,3,15,0.0010365379632029023,0.0012976480129764801,-0.00023287600570004604,0.0002611100497735778
6085,urban+shrub,navy,388,845,0.10080331692148226,0.06861313868613139,0.03877774761550525,0.032190178235350864
6085,urban+shrub,orange,722,1622,0.1873542368489246,0.1316301703163017,0.06613696163217286,0.05572406653262291
6085,urban+shrub,purple,247,747,0.06426535371857994,0.060665044606650446,0.0037050906186049466,0.0036003091119294964
6085,urban+shrub,red,594,1225,0.15418502202643172,0.09943227899432279,0.06763734946457513,0.05475274303210893
6087,barren,alabaster,3,18,0.07407407407407407,0.14074074074074075,-0.04754473230906628,0.06666666666666668
6087,barren,amber,2,10,0.05555555555555555,0.08148148148148149,-0.021277347347561433,0.025925925925925936
6087,barren,brown,5,27,0.1111111111111111,0.2074074074074074,-0.06935047878588821,0.0962962962962963
6087,barren,green,2,7,0.05555555555555555,0.05925925925925926,-0.003585473396531738,0.003703703703703709
6087,barren,indigo,2,14,0.05555555555555555,0.1111111111111111,-0.03850817669777474,0.05555555555555555
6087,barren,terracotta,2,14,0.05555555555555555,0.1111111111111111,-0.03850817669777474,0.05555555555555555
6087,crop,bar,1,55,0.05,0.024518388791593695,0.03562998032433804,0.025481611208406307
6087,crop,brown,1,435,0.05,0.19089316987740806,-0.06698454730635622,0.14089316987740808
6087,forest,alabaster,2787,8997,0.1612213034175678,0.15575019040365576,0.00556610042745134,0.005471113013912038
6087,forest,amber,123,1570,0.007170531428901868,0.027193103925777194,-0.009558201075907921,0.020022572496875328
6087,forest,bar,46,105,0.002717862719019256,0.0018347988645018348,0.0010678779997789246,0.0008830638545174214
6087,forest,brown,7188,19067,0.415717342277222,0.33005608253133006,0.09592385696228496,0.08566125974589195
6087,forest,green,3492,11510,0.20198924420285666,0.19924877103094926,0.0027592336295414145,0.0027404731719073983
6087,forest,indigo,1962,4794,0.11351413866882554,0.082998684483833,0.03554157659148297,0.030515454184992533
6087,forest,lavender,8,170,0.0005204417972590065,0.00295991137575296,-0.0009046509516822845,0.0024394695784939534
6087,forest,navy,25,1022,0.0015034985254149078,0.017707539984767706,-0.003707921739716084,0.016204041459352798
6087,forest,terracotta,1624,4381,0.09396865783843174,0.07584989268157585,0.020128557151349494,0.018118765156855884
6087,shrub,alabaster,1,894,0.05,0.20401185320264417,-0.07030775453313162,0.15401185320264416
6087,shrub,brown,1,619,0.05,0.14132664691132893,-0.051952542521345714,0.09132664691132893
6087,urban,alabaster,4,43685,0.0847457627118644,0.10614450483634659,-0.019080141643108263,0.021398742124482187
6087,urban,amber,2,49117,0.05084745762711865,0.11934271365086462,-0.0433814835717765,0.06849525602374597
6087,urban,brown,5,10940,0.1016949152542373,0.026583505640582063,0.13644268164928,0.07511140961365523
6087,urban,foo,2,2777,0.05084745762711865,0.006749746702270082,0.10267754975358351,0.044097710924848564
6087,urban,green,1,26145,0.03389830508474576,0.0635273136348285,-0.021291692669893957,0.029629008550082735
6087,urban,indigo,1,5898,0.03389830508474576,0.014332885455972359,0.02917994699514774,0.019565419628773402
6087,urban,lavender,1,4432,0.03389830508474576,0.010770924093291315,0.03886490595304678,0.02312738099145445
6087,urban,terracotta,5,10140,0.1016949152542373,0.02463973409205216,0.14416443634739462,0.07705518116218513
6087,urban+barren,alabaster,4,98,0.07462686567164178,0.1371191135734072,-0.04539921031333055,0.06249224790176541
6087,urban+barren,amber,3,86,0.05970149253731343,0.12049861495844875,-0.041927238091512414,0.06079712242113532
6087,urban+barren,brown,5,117,0.08955223880597014,0.1634349030470914,-0.05387396737932085,0.07388266424112126
6087,urban+barren,foo,3,26,0.05970149253731343,0.037396121883656507,0.027927762066711746,0.022305370653656925
6087,urban+barren,green,2,21,0.04477611940298507,0.030470914127423823,0.017234433797536742,0.014305205275561249
6087,urban+barren,indigo,3,41,0.05970149253731343,0.05817174515235457,0.0015496873037840263,0.0015297473849588614
6087,urban+barren,lavender,3,43,0.05970149253731343,0.060941828254847646,-0.0012276270624782325,0.0012403357175342147
6087,urban+barren,terracotta,6,74,0.1044776119402985,0.1038781163434903,0.0006012221663588314,0.0005994955968082055
6087,urban+crop,bar,1,275,0.04,0.00598451831132505,0.07598814403981434,0.03401548168867495
6087,urban+crop,brown,10,10694,0.22,0.2319000845638457,-0.011589393764425934,0.011900084563845698
6087,urban+crop,terracotta,1,8518,0.04,0.18471779526876125,-0.061197991013213285,0.14471779526876125
6087,urban+forest,alabaster,7081,27187,0.13494407499857092,0.11465876071710224,0.021982391739648555,0.02028531428146868
6087,urban+forest,amber,3035,15631,0.057849507440788095,0.06592414843054811,-0.007558609453058419,0.008074640989760018
6087,urban+forest,bar,229,886,0.004382538442483946,0.0037407062217180258,0.0006939911192704695,0.0006418322207659205
6087,urban+forest,brown,20872,67900,0.3977248909129018,0.286355911117109,0.13066259198319694,0.1113689797957928
6087,urban+forest,foo,2017,2411,0.0384520112040548,0.010172021879125004,0.051132331058283326,0.028279989324929797
6087,urban+forest,gold,50,288,0.0009717802633333969,0.0012187870327807322,-0.00022009044154514644,0.0002470067694473353
6087,urban+forest,green,9447,40863,0.1800270574112536,0.17233395608149427,0.007862314312582202,0.007693101329759339
6087,urban+forest,indigo,2003,11718,0.0381852479945123,0.04942202504206713,-0.00984976684283572,0.011236777047554831
6087,urban+forest,lavender,2003,8810,0.0381852479945123,0.03715824410322156,0.0010410674180455963,0.0010270038912907342
6087,urban+forest,lilac,14,241,0.0002858177245098226,0.0010205759928475335,-0.0003637797007528534,0.0007347582683377108
6087,urban+forest,navy,14,2317,0.0002858177245098226,0.009775599799258607,-0.0010095912223729666,0.009489782074748784
6087,urban+forest,terracotta,5678,25198,0.10821059049941884,0.10627063819737602,0.0019575522788098233,0.001939952302042816
6087,urban+shrub,alabaster,6,866,0.09722222222222222,0.1240343347639485,-0.023679358063805486,0.026812112541726274
6087,urban+shrub,amber,4,611,0.06944444444444445,0.08755364806866953,-0.016091989851835072,0.01810920362422508
6087,urban+shrub,brown,7,662,0.1111111111111111,0.09484978540772532,0.01758180752286379,0.016261325703385787
6087,urban+shrub,foo,3,222,0.05555555555555555,0.03190271816881259,0.030816239215087353,0.02365283738674296
6087,urban+shrub,green,1,286,0.027777777777777776,0.04105865522174535,-0.010854592194107645,0.013280877443967574
6087,urban+shrub,indigo,3,199,0.05555555555555555,0.02861230329041488,0.03686370615464747,0.026943252265140674
6087,urban+shrub,lavender,4,221,0.06944444444444445,0.03175965665236052,0.054328489359279274,0.03768478779208393
6087,urban+shrub,terracotta,6,527,0.09722222222222222,0.07553648068669527,0.02453729265174956,0.02168574153552695
6089,crop,alabaster,26,47,0.24770642201834864,0.1352112676056338,0.1499628952592035,0.11249515441271485
6089,crop,amber,2,2,0.027522935779816515,0.008450704225352112,0.032498254327879054,0.019072231554464403
6089,crop,bar,3,4,0.03669724770642202,0.014084507042253521,0.03514225159383715,0.022612740664168497
6089,crop,brown,28,28,0.26605504587155965,0.08169014084507042,0.31414979183616415,0.18436490502648922
6089,crop,indigo,4,5,0.045871559633027525,0.016901408450704224,0.045800383048271456,0.028970151182323302
6089,crop,terracotta,6,7,0.06422018348623854,0.022535211267605635,0.06725384956286463,0.041684972218632904
6089,crop,verde,2,3,0.027522935779816515,0.011267605633802818,0.02458039912278416,0.0162553301460137
6089,forest,alabaster,2673,3161,0.1664902558993836,0.09746624745700018,0.08914398534210702,0.06902400844238342
6089,forest,amber,429,429,0.02677292821119482,0.013254423278466185,0.01882297240615653,0.013518504932728635
6089,forest,bar,33,36,0.0021169292073968,0.0011404968867517417,0.001309326046301562,0.0009764323206450582
6089,forest,brown,7372,7372,0.4590623248863707,0.22726712286542136,0.3227483152339351,0.23179520202094936
6089,forest,gold,1,1,0.00012452524749392938,6.164848036495901e-05,8.754870886584425e-05,6.287676712897037e-05
6089,forest,indigo,1143,1155,0.07122844156652762,0.035632821650946306,0.049334601423774556,0.035595619915581314
6089,forest,navy,10,11,0.0006848888612166116,0.000369890882189754,0.00042192477586282674,0.0003149979790268576
6089,forest,terracotta,1656,1691,0.1031691675487205,0.052154614388755315,0.07037760942463868,0.05101455315996519
6089,forest,verde,2706,4721,0.16854492248303343,0.14555206214166821,0.024720227342184597,0.022992860341365218
6089,grass,alabaster,16,93,0.21794871794871795,0.16520210896309315,0.06039144713833556,0.052746608985624804
6089,grass,amber,1,1,0.02564102564102564,0.0035149384885764497,0.050953118139403564,0.02212608715244919
6089,grass,bar,1,5,0.02564102564102564,0.01054481546572935,0.0227835722761187,0.01509621017529629
6089,grass,brown,14,14,0.19230769230769232,0.026362038664323375,0.38214838604552676,0.16594565364336894
6089,grass,indigo,2,2,0.038461538461538464,0.005272407732864675,0.07642967720910536,0.033189130728673785
6089,grass,terracotta,5,9,0.07692307692307693,0.01757469244288225,0.11356507566698065,0.05934838448019468
6089,grass,verde,1,28,0.02564102564102564,0.050966608084358524,-0.01761479594845614,0.025325582443332884
6089,shrub,alabaster,198,301,0.14917541229385306,0.04096026040960261,0.19281228428326622,0.10821515188425046
6089,shrub,amber,21,21,0.01649175412293853,0.0029838600298386004,0.02819500756619925,0.013507894093099932
6089,shrub,bar,4,7,0.0037481259370314842,0.0010850400108504,0.004646323471770412,0.002663085926181084
6089,shrub,brown,708,708,0.5314842578710645,0.09616167096161671,0.9086481983834211,0.43532258690944775
6089,shrub,foo,1,217,0.0014992503748125937,0.029567340295673403,-0.004470322564790198,0.02806808992086081
6089,shrub,indigo,112,115,0.08470764617691154,0.0157330801573308,0.14260027030027472,0.06897456601958074
6089,shrub,lavender,3,3,0.0029985007496251873,0.0005425200054252,0.005126365012036227,0.002455980744199987
6089,shrub,navy,1,1,0.0014992503748125937,0.0002712600027126,0.0025631825060181135,0.0012279903720999936
6089,shrub,terracotta,177,185,0.13343328335832083,0.025227180252271802,0.22225709913084546,0.10820610310604903
6089,shrub,verde,71,263,0.053973013493253376,0.03580632035806321,0.022148352182635,0.01816669313519017
6089,urban+crop,alabaster,1,2,0.046511627906976744,0.005484460694698354,0.09943179435443045,0.04102716721227839
6089,urban+crop,amber,1,1,0.046511627906976744,0.003656307129798903,0.11829063659201948,0.04285532077717784
6089,urban+crop,brown,1,1,0.046511627906976744,0.003656307129798903,0.11829063659201948,0.04285532077717784
6089,urban+crop,lavender,1,1,0.046511627906976744,0.003656307129798903,0.11829063659201948,0.04285532077717784
6089,urban+crop,terracotta,1,3,0.046511627906976744,0.007312614259597806,0.08605123284504528,0.03919901364737894
6089,urban+forest,alabaster,3657,3992,0.11558757544159004,0.08803298205388245,0.03147645383563048,0.02755459338770759
6089,urban+forest,amber,2131,2131,0.06736815495939584,0.0470038361479783,0.024248709905345566,0.020364318811417537
6089,urban+forest,bar,129,142,0.004107814326792429,0.003152696326998545,0.0010870633501878,0.0009551179997938837
6089,urban+forest,brown,11169,11169,0.3529560463867033,0.24626306274527096,0.12704413210258436,0.10669298364143234
6089,urban+forest,foo,538,1398,0.0170316301703163,0.03084351161867807,-0.010114305013900647,0.01381188144836177
6089,urban+forest,gold,44,44,0.0014219357285050716,0.0009921072357687729,0.0005118161096344045,0.00042982849273629875
6089,urban+forest,indigo,1822,1830,0.057604196290327675,0.04036774108205829,0.02048200375950498,0.017236455208269386
6089,urban+forest,lavender,1822,1822,0.057604196290327675,0.04019136646236607,0.02073423928585598,0.017412829827961607
6089,urban+forest,lilac,28,664,0.0009163585805921573,0.01466114026191631,-0.002540648151095341,0.013744781681324153
6089,urban+forest,navy,28,41,0.0009163585805921573,0.000925966753384188,-9.55815050122153e-06,9.608172792030718e-06
6089,urban+forest,terracotta,4863,5108,0.15369545296552595,0.11263724150094802,0.047768648786912865,0.04105821146457793
6089,urban+forest,verde,5378,6742,0.16996871741397288,0.14866175757308522,0.022765739680845193,0.02130695984088765
6089,urban+grass,alabaster,449,594,0.144,0.04170755642787046,0.17843486081561527,0.10229244357212952
6089,urban+grass,amber,380,380,0.12192,0.02670685546053554,0.18512879009737934,0.09521314453946446
6089,urban+grass,bar,29,35,0.0096,0.0025234824057198935,0.012826783141185854,0.007076517594280105
6089,urban+grass,brown,817,817,0.26176,0.057339127996635354,0.39746811102271995,0.20442087200336465
6089,urban+grass,foo,172,1109,0.05536,0.07780737417636338,-0.01884337585645237,0.02244737417636338
6089,urban+grass,gold,20,22,0.00672,0.001612224870321043,0.009592618710942993,0.005107775129678957
6089,urban+grass,indigo,284,287,0.0912,0.020187859245759148,0.13752718327297697,0.07101214075424085
6089,urban+grass,lavender,314,314,0.1008,0.022080471050049066,0.15305923590728215,0.07871952894995093
6089,urban+grass,lilac,9,542,0.0032,0.03806252628627506,-0.007923454164071706,0.03486252628627506
6089,urban+grass,navy,9,29,0.0032,0.002102902004766578,0.0013434640383979898,0.0010970979952334222
6089,urban+grass,terracotta,520,693,0.16672,0.04864713304360017,0.20535283887270941,0.11807286695639985
6089,urban+grass,verde,84,276,0.0272,0.019416795177344737,0.009168536586396494,0.007783204822655262
6089,urban+shrub,alabaster,71,105,0.17061611374407584,0.043460434604346045,0.2333286442038876,0.1271556791397298
6089,urban+shrub,amber,53,53,0.12796208530805686,0.02214022140221402,0.22448875958700246,0.10582186390584283
6089,urban+shrub,bar,3,3,0.009478672985781991,0.0016400164001640015,0.016628797006444634,0.00783865658561799
6089,urban+shrub,brown,82,82,0.1966824644549763,0.03403034030340303,0.3450475378837261,0.16265212415157326
6089,urban+shrub,foo,37,177,0.09004739336492891,0.07298072980729807,0.018922621699857697,0.01706666355763084
6089,urban+shrub,gold,2,2,0.0071090047393364926,0.0012300123001230013,0.012471597754833471,0.0058789924392134915
6089,urban+shrub,indigo,26,28,0.06398104265402843,0.011890118901189012,0.10767236077094694,0.05209092375283942
6089,urban+shrub,lavender,29,29,0.07109004739336493,0.012300123001230012,0.12471597754833472,0.058789924392134915
6089,urban+shrub,terracotta,77,143,0.1848341232227488,0.05904059040590406,0.2109389139357653,0.12579353281684474
6089,urban+shrub,verde,4,44,0.011848341232227487,0.01845018450184502,-0.005247470298060557,0.006601843269617531
6091,forest,aquamarine,69,69,0.10736196319018405,0.0021355787418390385,0.42058708481410795,0.10522638444834502
6091,forest,coffee,16,14772,0.02607361963190184,0.45069863933125875,-0.0743065528261666,0.4246250196993569
6091,forest,indigo,1,1,0.003067484662576687,6.101653548111538e-05,0.012016773851831655,0.003006468127095572
6091,forest,ivory,34,34,0.05368098159509203,0.0010677893709195193,0.21029354240705397,0.05261319222417251
6091,forest,lilac,34,378,0.05368098159509203,0.011562633473671365,0.08241534451479102,0.042118348121420665
6091,forest,olive,106,7395,0.16411042944785276,0.2256391482091647,-0.052252347563243706,0.06152871876131194
6091,forest,orange,52,2235,0.08128834355828221,0.068216486667887,0.014251176094532724,0.013071856890395209
6091,forest,sage,3,93,0.006134969325153374,0.002867777167612423,0.0046654469604110824,0.0032671921575409516
6091,forest,tan,299,309,0.4601226993865031,0.009457562999572884,1.7874287359850287,0.4506651363869302
6091,grass,aquamarine,2,2,0.05172413793103448,0.00964630225080386,0.08686292594652491,0.04207783568023062
6091,grass,ivory,6,6,0.1206896551724138,0.022508038585209004,0.20268016054189145,0.0981816165872048
6091,grass,lilac,1,28,0.034482758620689655,0.0932475884244373,-0.03430340509633496,0.05876482980374764
6091,grass,olive,1,1,0.034482758620689655,0.006430868167202572,0.05790861729768327,0.028051890453487084
6091,grass,orange,3,3,0.06896551724137931,0.012861736334405145,0.11581723459536654,0.05610378090697417
6091,grass,tan,7,11,0.13793103448275862,0.03858520900321544,0.17570824738271038,0.09934582547954318
6091,shrub,aquamarine,5,5,0.061224489795918366,0.00225140712945591,0.20222399130179833,0.05897308266646246
6091,shrub,ivory,4,4,0.05102040816326531,0.001876172607879925,0.16851999275149862,0.049144235555385385
6091,shrub,lilac,4,179,0.05102040816326531,0.0675422138836773,-0.014312606149323318,0.016521805720411994
6091,shrub,olive,4,4,0.05102040816326531,0.001876172607879925,0.16851999275149862,0.049144235555385385
6091,shrub,orange,4,4,0.05102040816326531,0.001876172607879925,0.16851999275149862,0.049144235555385385
6091,shrub,tan,39,63,0.40816326530612246,0.02401500938086304,1.1563217259933216,0.3841482559252594
6091,urban+forest,aquamarine,8,8,0.04455445544554455,0.0006473423002229735,0.18853628728670813,0.04390711314532158
6091,urban+forest,coffee,12,5419,0.06435643564356436,0.389843918578724,-0.11592585963192878,0.32548748293515967
6091,urban+forest,foo,3,7,0.019801980198019802,0.0005754153779759764,0.0700682187169979,0.019226564820043826
6091,urban+forest,ivory,8,8,0.04455445544554455,0.0006473423002229735,0.18853628728670813,0.04390711314532158
6091,urban+forest,lilac,17,673,0.0891089108910891,0.048478745594476014,0.05424361242346302,0.04063016529661309
6091,urban+forest,olive,28,1707,0.14356435643564355,0.12285118319787096,0.022368716637537752,0.020713173237772595
6091,urban+forest,orange,21,1007,0.10891089108910891,0.07250233762497303,0.044317064707413305,0.03640855346413588
6091,urban+forest,sage,1,209,0.009900990099009901,0.01510465367186938,-0.0041818626177147,0.005203663572859479
6091,urban+forest,tan,66,104,0.3316831683168317,0.00755232683593469,1.2545333721045513,0.324130841480897
6091,urban+grass,aquamarine,11,11,0.05405405405405406,0.004469273743016759,0.13474370946328032,0.049584780311037295
6091,urban+grass,coffee,13,732,0.06306306306306306,0.27299813780260707,-0.09240818225590046,0.209935074739544
6091,urban+grass,foo,10,10,0.04954954954954955,0.00409683426443203,0.12351506700800695,0.04545271528511752
6091,urban+grass,gold,1,1,0.009009009009009009,0.0007448789571694599,0.02245728491054672,0.00826413005183955
6091,urban+grass,gray,1,1,0.009009009009009009,0.0007448789571694599,0.02245728491054672,0.00826413005183955
6091,urban+grass,indigo,1,1,0.009009009009009009,0.0007448789571694599,0.02245728491054672,0.00826413005183955
6091,urban+grass,ivory,22,22,0.1036036036036036,0.00856610800744879,0.25825877647128725,0.0950374955961548
6091,urban+grass,lemon,11,11,0.05405405405405406,0.004469273743016759,0.13474370946328032,0.049584780311037295
6091,urban+grass,lilac,27,390,0.12612612612612611,0.14562383612662944,-0.01812992744461864,0.01949771000050332
6091,urban+grass,olive,11,11,0.05405405405405406,0.004469273743016759,0.13474370946328032,0.049584780311037295
6091,urban+grass,orange,28,28,0.13063063063063063,0.01080074487895717,0.3256306312029274,0.11982988575167346
6091,urban+grass,plum,2,63,0.013513513513513514,0.023836126629422718,-0.007669083373255087,0.010322613115909204
6091,urban+grass,sage,1,1,0.009009009009009009,0.0007448789571694599,0.02245728491054672,0.00826413005183955
6091,urban+grass,tan,45,135,0.2072072072072072,0.05065176908752328,0.29190214526077257,0.15655543811968392
6091,urban+shrub,aquamarine,3,3,0.04878048780487805,0.0026263952724885093,0.14252283442101996,0.04615409253238954
6091,urban+shrub,foo,4,4,0.06097560975609756,0.003282994090610637,0.17815354302627492,0.057692615665486925
6091,urban+shrub,ivory,6,6,0.08536585365853659,0.004596191726854892,0.24941496023678492,0.0807696619316817
6091,urban+shrub,lemon,3,3,0.04878048780487805,0.0026263952724885093,0.14252283442101996,0.04615409253238954
6091,urban+shrub,lilac,6,220,0.08536585365853659,0.14510833880499016,-0.04528952594903313,0.05974248514645357
6091,urban+shrub,olive,3,3,0.04878048780487805,0.0026263952724885093,0.14252283442101996,0.04615409253238954
6091,urban+shrub,orange,7,7,0.0975609756097561,0.005252790544977019,0.2850456688420399,0.09230818506477909
6091,urban+shrub,tan,12,30,0.15853658536585366,0.020354563361785948,0.32542491904749865,0.1381820220040677
6093,crop,aqua,1,9,0.02857142857142857,0.04672897196261682,-0.014055918270331652,0.01815754339118825
6093,crop,cocoa,13,13,0.2,0.06542056074766354,0.22349615459449856,0.13457943925233645
6093,crop,foo,1,1,0.02857142857142857,0.009345794392523364,0.031928022084928356,0.01922563417890521
6093,crop,grey,14,19,0.21428571428571427,0.09345794392523364,0.17781400725443816,0.12082777036048063
6093,crop,olive,2,4,0.04285714285714286,0.02336448598130841,0.025999506394564362,0.019492656875834447
6093,crop,purple,1,1,0.02857142857142857,0.009345794392523364,0.031928022084928356,0.01922563417890521
6093,forest,aqua,237,259,0.052078774617067836,0.006570302233902759,0.1078133560569306,0.04550847238316508
6093,forest,cocoa,1940,1940,0.42472647702407,0.049049833215404834,0.9168182227897129,0.37567664380866517
6093,forest,emerald,52,52,0.011597374179431073,0.0013393308399878702,0.02503419155479382,0.010258043339443202
6093,forest,foo,120,120,0.026477024070021882,0.003057717578085515,0.05715353166283116,0.023419306491936367
6093,forest,grey,338,1457,0.07417943107221006,0.03684423329627009,0.05190985993814323,0.03733519777593997
6093,forest,ivory,1,92,0.000437636761487965,0.0023501465682806023,-0.0007355990022050099,0.0019125098067926372
6093,forest,navy,1,207,0.000437636761487965,0.005256241787122208,-0.001087869718418604,0.004818605025634243
6093,forest,olive,1467,5909,0.3212253829321663,0.1493480238552512,0.24601485752105817,0.1718773590769151
6093,forest,purple,315,315,0.06914660831509847,0.007985444253512585,0.14926046285499708,0.061161164061585886
6093,forest,sienna,1,1,0.000437636761487965,5.054078641463661e-05,0.0009446864737658043,0.0003870959750733284
6093,forest,tan,60,60,0.013347921225382932,0.0015414939856464166,0.028812937449857027,0.011806427239736515
6093,grass,aqua,3,3,0.034482758620689655,0.024390243902439025,0.011940559886821854,0.01009251471825063
6093,grass,cocoa,25,25,0.22413793103448276,0.15853658536585366,0.07761363926434205,0.0656013456686291
6093,grass,foo,2,2,0.02586206896551724,0.018292682926829267,0.008955419915116393,0.007569386038687974
6093,grass,grey,25,25,0.22413793103448276,0.15853658536585366,0.07761363926434205,0.0656013456686291
6093,grass,ivory,3,7,0.034482758620689655,0.04878048780487805,-0.011961067029038331,0.014297729184188396
6093,grass,olive,11,11,0.10344827586206896,0.07317073170731707,0.03582167966046557,0.030277544154751895
6093,grass,purple,6,6,0.0603448275862069,0.042682926829268296,0.020895979801938244,0.017661900756938603
6093,grass,tan,3,3,0.034482758620689655,0.024390243902439025,0.011940559886821854,0.01009251471825063
6093,shrub,aqua,69,143,0.04871259568545581,0.03686635944700461,0.01357318841208562,0.0118462362384512
6093,shrub,cocoa,719,719,0.5010438413361169,0.18433179723502305,0.5010219083211354,0.3167120441010939
6093,shrub,emerald,3,3,0.0027835768963117608,0.0010240655401945725,0.00278345504622853,0.0017595113561171883
6093,shrub,foo,43,54,0.030619345859429367,0.01408090117767537,0.023785495934522713,0.016538444681753996
6093,shrub,grey,190,216,0.13291579679888657,0.05555555555555555,0.11594674270979818,0.07736024124333102
6093,shrub,ivory,4,78,0.003479471120389701,0.020225294418842805,-0.006124056070547396,0.016745823298453106
6093,shrub,olive,201,267,0.14057063326374392,0.06861239119303636,0.10082245117194527,0.07195824207070756
6093,shrub,purple,68,68,0.04801670146137787,0.017665130568356373,0.04801459954744214,0.030351570893021495
6093,shrub,sienna,69,69,0.04871259568545581,0.017921146953405017,0.048710463308999266,0.03079144873205079
6093,shrub,tan,33,33,0.023660403618649965,0.008704557091653867,0.0236593678929425,0.014955846526996098
6093,urban+crop,aqua,22,34,0.06865671641791045,0.07028112449799197,-0.0016054892784942716,0.0016244080800815186
6093,urban+crop,auburn,2,2,0.008955223880597015,0.006024096385542169,0.0035504735391007746,0.0029311274950548465
6093,urban+crop,cocoa,75,75,0.22686567164179106,0.15261044176706828,0.08994532965721963,0.07425522987472277
6093,urban+crop,emerald,1,1,0.005970149253731343,0.004016064257028112,0.0023669823594005173,0.0019540849967032313
6093,urban+crop,foo,42,54,0.12835820895522387,0.11044176706827309,0.019296920756445228,0.017916441886950782
6093,urban+crop,grey,24,24,0.07462686567164178,0.050200803212851405,0.029587279492506443,0.02442606245879038
6093,urban+crop,olive,31,32,0.0955223880597015,0.06626506024096386,0.03493233543000194,0.029257327818737633
6093,urban+crop,purple,44,44,0.13432835820895522,0.09036144578313253,0.05325710308651162,0.04396691242582269
6093,urban+crop,sienna,28,28,0.08656716417910448,0.05823293172690763,0.03432124421130749,0.02833423245219685
6093,urban+crop,tan,18,18,0.056716417910447764,0.03815261044176707,0.022486332414304908,0.018563807468680693
6093,urban+crop,yellow,10,10,0.03283582089552239,0.02208835341365462,0.01301840297670284,0.010747467481867768
6093,urban+forest,aqua,277,278,0.051159366948840636,0.004357740847182307,0.12600510302401569,0.04680162610165833
6093,urban+forest,auburn,43,43,0.008097165991902834,0.0006872422841434462,0.019972327951907603,0.007409923707759388
6093,urban+forest,cocoa,1612,1612,0.29683474420316525,0.02519367737098588,0.7321673860551582,0.27164106683217937
6093,urban+forest,emerald,186,186,0.03441295546558704,0.0029207797076096463,0.0848823937956073,0.0314921757579774
6093,urban+forest,foo,602,1193,0.11096797938903202,0.0186492565288017,0.19790422324542545,0.09231872286023032
6093,urban+forest,grey,189,2152,0.03496503496503497,0.03362801449456454,0.0013632544355493767,0.0013370204704704278
6093,urban+forest,ivory,2,36,0.0005520794994479205,0.0005779082843933525,-2.5242798260319655e-05,2.5828784945431988e-05
6093,urban+forest,navy,13,41,0.002576370997423629,0.0006560039985005622,0.0035243987831237973,0.0019203669989230668
6093,urban+forest,olive,1349,6053,0.24843577475156423,0.09455829064100962,0.23998097962465775,0.1538774841105546
6093,urban+forest,purple,645,645,0.11888111888111888,0.010089966262651505,0.29323008765755254,0.10879115261846738
6093,urban+forest,sienna,277,277,0.051159366948840636,0.004342121704360865,0.12618879933250712,0.04681724524447977
6093,urban+forest,tan,188,188,0.03478100846521899,0.0029520179932525305,0.08579022688433038,0.03182899047196646
6093,urban+forest,terracotta,13,5055,0.002576370997423629,0.07897038610521055,-0.008818122093874097,0.07639401510778693
6093,urban+grass,aqua,118,228,0.0875643855776306,0.04004896817068905,0.06849911872429724,0.047515417406941554
6093,urban+grass,auburn,3,3,0.0029433406916850625,0.0006995452955578874,0.004229197818193122,0.002243795396127175
6093,urban+grass,cocoa,318,318,0.23473142016188372,0.055788737320741515,0.33727852600090147,0.1789426828411422
6093,urban+grass,foo,213,421,0.15746872700515085,0.07380202868135712,0.11933620395837234,0.08366669832379374
6093,urban+grass,grey,104,112,0.0772626931567329,0.019762154599510317,0.10534323875534299,0.05750053855722258
6093,urban+grass,olive,125,198,0.09271523178807947,0.0348023784540049,0.09084674551929395,0.057912853334074574
6093,urban+grass,purple,180,180,0.13318616629874908,0.031654424623994405,0.19137120127323878,0.10153174167475468
6093,urban+grass,sienna,155,155,0.11479028697571744,0.02728226652675761,0.16493871490953177,0.08750802044895983
6093,urban+grass,tan,28,28,0.021339220014716703,0.005071703392794683,0.030661684181900135,0.01626751662192202
6093,urban+grass,terracotta,2,522,0.002207505518763797,0.09146554739419377,-0.008220969573213466,0.08925804187542997
6093,urban+grass,yellow,75,75,0.05592347314201619,0.01329136061559986,0.08035475854566934,0.042632112526416334
6093,urban+shrub,aqua,48,67,0.1180722891566265,0.053166536356528536,0.09420608636108566,0.06490575280009797
6093,urban+shrub,cocoa,76,76,0.1855421686746988,0.060203283815480846,0.2088379678645955,0.12533888485921796
6093,urban+shrub,foo,62,115,0.15180722891566265,0.0906958561376075,0.07819587577806912,0.061111372778055145
6093,urban+shrub,grey,33,50,0.0819277108433735,0.0398749022673964,0.05899533949435981,0.042052808575977096
6093,urban+shrub,olive,48,68,0.1180722891566265,0.05394839718530102,0.09248237269449172,0.06412389197132548
6093,urban+shrub,purple,60,60,0.14698795180722893,0.04769351055512119,0.16544306545117304,0.09929444125210773
6093,urban+shrub,sienna,40,40,0.09879518072289156,0.03205629397967162,0.11119943743439496,0.06673888674321994
6093,urban+shrub,yellow,10,10,0.02650602409638554,0.008600469116497263,0.029833995409227924,0.01790555497988828
6095,crop,alabaster,198,1061,0.335016835016835,0.2534001431639227,0.09354036926855545,0.08161669185291232
6095,crop,amber,32,63,0.05555555555555555,0.01527081842042472,0.0717466559260686,0.04028473713513083
6095,crop,bar,12,12,0.021885521885521887,0.003101884991648771,0.04276026813352112,0.018783636893873114
6095,crop,brown,175,542,0.2962962962962963,0.12956335003579098,0.24509333441974604,0.1667329462605053
6095,crop,green,25,140,0.04377104377104377,0.03364352183249821,0.011518436668938129,0.010127521938545561
6095,crop,indigo,62,63,0.10606060606060606,0.01527081842042472,0.20555255759333352,0.09078978764018135
6095,crop,lavender,3,111,0.006734006734006734,0.02672393223574326,-0.009282082031062473,0.019989925501736526
6095,crop,navy,1,128,0.003367003367003367,0.030780243378668574,-0.007450673047943772,0.02741324001166521
6095,crop,terracotta,48,85,0.08249158249158249,0.02052016225244572,0.11476957607838001,0.06197142023913677
6095,forest,alabaster,442,4202,0.17755511022044088,0.05032448095021432,0.22385959792085336,0.12723062927022655
6095,forest,amber,56,56,0.022845691382765532,0.0006824876074618645,0.08020604671430323,0.022163203775303668
6095,forest,bar,9,15,0.004008016032064128,0.00019157546876122513,0.012187454184521999,0.003816440563302903
6095,forest,brown,1025,20372,0.41122244488977955,0.24393543906702747,0.2147529853462288,0.16728700582275208
6095,forest,gold,1,1,0.0008016032064128256,2.394693359515314e-05,0.0028142472531334467,0.0007776562728176725
6095,forest,green,496,1529,0.19919839679358717,0.018319404200292152,0.47535519383450053,0.180878992593295
6095,forest,indigo,225,225,0.0905811623246493,0.002706003496252305,0.3180099396040795,0.087875158828397
6095,forest,navy,3,543,0.0016032064128256513,0.006513565937881654,-0.0022475053105444126,0.004910359525056003
6095,forest,terracotta,200,1300,0.08056112224448898,0.015577480303647117,0.13237722061881346,0.06498364194084187
6095,grass,alabaster,141,208,0.31555555555555553,0.2348314606741573,0.09323615412212066,0.08072409488139823
6095,grass,amber,27,29,0.06222222222222222,0.033707865168539325,0.038141040527325164,0.028514357053682896
6095,grass,bar,4,4,0.011111111111111112,0.0056179775280898875,0.007577487555131335,0.005493133583021224
6095,grass,brown,100,154,0.22444444444444445,0.17415730337078653,0.056934660596149156,0.05028714107365792
6095,grass,green,19,22,0.044444444444444446,0.025842696629213482,0.024098308337184952,0.018601747815230964
6095,grass,indigo,61,62,0.13777777777777778,0.07078651685393259,0.09175635420922998,0.06699126092384519
6095,grass,navy,1,18,0.0044444444444444444,0.021348314606741574,-0.0069747463050874444,0.01690387016229713
6095,grass,terracotta,59,61,0.13333333333333333,0.0696629213483146,0.08655787428517722,0.06367041198501873
6095,shrub,alabaster,884,3201,0.19981937231880786,0.13428391696372405,0.07941970382940859,0.06553545535508382
6095,shrub,amber,254,493,0.057575073379995484,0.020717131474103586,0.05884913806024062,0.036857941905891894
6095,shrub,bar,5,5,0.0013547076089410702,0.00025162507863283706,0.002280515773505252,0.0011030825303082331
6095,shrub,brown,1507,6926,0.340483179047189,0.2905011532816104,0.05405448892537134,0.049982025765578586
6095,shrub,foo,27,126,0.006321968841724994,0.0053260641643950515,0.0010837002065298479,0.0009959046773299427
6095,shrub,gold,2,2,0.0006773538044705351,0.00012581253931641853,0.001140257886752626,0.0005515412651541166
6095,shrub,green,361,505,0.08173402573944456,0.02122038163136926,0.11021900959669685,0.060513644108075304
6095,shrub,indigo,562,569,0.12711673063897042,0.02390438247011952,0.2124176492864494,0.10321234816885089
6095,shrub,lavender,124,1500,0.028223075186272296,0.06294820717131475,-0.02263977104092443,0.03472513198504245
6095,shrub,navy,3,625,0.0009031384059607134,0.026252883204026002,-0.003043265101080227,0.025349744798065288
6095,shrub,terracotta,662,1170,0.14969519078798826,0.049108827846508704,0.16684462413691378,0.10058636294147956
6095,urban+crop,alabaster,1091,6248,0.19276257722859666,0.06986884915976252,0.1956230506146242,0.12289372806883414
6095,urban+crop,amber,767,6342,0.1355692850838482,0.07091984481042946,0.08783975200287697,0.06464944027341873
6095,urban+crop,bar,19,19,0.00353045013239188,0.00022361609588658193,0.00974139429544406,0.003306834036505298
6095,urban+crop,brown,1395,4679,0.2464254192409532,0.052326166437460166,0.38185166967675843,0.19409925280349305
6095,urban+crop,foo,449,4737,0.0794351279788173,0.052974653115531255,0.03218132559639436,0.026460474863286045
6095,urban+crop,gold,12,12,0.002294792586054722,0.00014535046232627824,0.006331906292038639,0.002149442123728444
6095,urban+crop,green,110,2569,0.019593998234774933,0.028734668321425776,-0.007502170468765504,0.009140670086650843
6095,urban+crop,indigo,445,456,0.07872903795233892,0.005109627791008397,0.21531490395559283,0.07361941016133051
6095,urban+crop,lavender,332,2080,0.058781994704324804,0.02326725477699885,0.054478482446223477,0.035514739927325956
6095,urban+crop,lilac,1,1,0.000353045013239188,2.2361609588658192e-05,0.0009741394295444059,0.0003306834036505298
6095,urban+crop,navy,4,4151,0.00088261253309797,0.046422701506054403,-0.003497491242918883,0.04554008897295643
6095,urban+crop,terracotta,1002,1913,0.1770520741394528,0.02140006037634589,0.37411991184182997,0.1556520137631069
6095,urban+forest,alabaster,521,6952,0.1194508009153318,0.033379901007686064,0.15229387342272213,0.08607089990764574
6095,urban+forest,amber,302,4389,0.06933638443935927,0.021075473237989622,0.08256991552847591,0.04826091120136965
6095,urban+forest,bar,2,121,0.0006864988558352403,0.0005856965227869552,0.00010901792836244909,0.00010080233304828501
6095,urban+forest,brown,1623,42189,0.3716247139588101,0.20254537947853807,0.2255466772696623,0.16907933448027201
6095,urban+forest,foo,128,1062,0.029519450800915333,0.0051032410141191266,0.05181175968135839,0.024416209786796206
6095,urban+forest,gold,1,1,0.0004576659038901602,9.60158234076976e-06,0.001768517866535369,0.00044806432154939044
6095,urban+forest,green,751,10764,0.17208237986270022,0.05168051694919323,0.2069965959504417,0.12040186291350699
6095,urban+forest,indigo,220,255,0.0505720823798627,0.0012290025396185292,0.1879863825600393,0.04934307984024417
6095,urban+forest,lavender,259,18267,0.059496567505720827,0.08770085310059098,-0.023085441939700465,0.02820428559487015
6095,urban+forest,lilac,1,1,0.0004576659038901602,9.60158234076976e-06,0.001768517866535369,0.00044806432154939044
6095,urban+forest,navy,1,4408,0.0004576659038901602,0.021166688270226934,-0.0017547114262783578,0.020709022366336774
6095,urban+forest,terracotta,523,7616,0.11990846681922197,0.03656762634482163,0.14239914064528383,0.08334084047440035
6095,urban+grass,alabaster,18348,34488,0.17712586757792514,0.11313135951820191,0.07940747108847411,0.06399450805972323
6095,urban+grass,amber,12261,21930,0.11836707113414999,0.07193841066988566,0.058944460451295005,0.04642866046426433
6095,urban+grass,bar,302,302,0.0029249080536329674,0.000993905359216422,0.003157076533530059,0.0019310026944165453
6095,urban+grass,brown,26883,74821,0.2595156043362003,0.24543229962802354,0.014479851995117518,0.014083304708176758
6095,urban+grass,foo,8275,11860,0.07988956782794204,0.0389066385005478,0.05747897720087381,0.040982929327394245
6095,urban+grass,gold,214,417,0.0020754298070332937,0.0013711301655196847,0.0008603339990261108,0.000704299641513609
6095,urban+grass,green,4111,5123,0.03969380170474839,0.016807825282590585,0.0341108874911252,0.022885976422157808
6095,urban+grass,indigo,8186,8208,0.0790304364194492,0.026927290738638972,0.08509149803888161,0.05210314568081022
6095,urban+grass,lavender,8186,34032,0.0790304364194492,0.1116355811558168,-0.027297648351635107,0.03260514473636761
6095,urban+grass,lilac,89,89,0.0008687845703860299,0.00029521941362864023,0.0009377455050089283,0.0005735651567573897
6095,urban+grass,navy,89,1885,0.0008687845703860299,0.006186486823373505,-0.0017054479671145008,0.005317702252987475
6095,urban+grass,terracotta,16611,31508,0.16035832536947478,0.10335631671138694,0.07043393723873816,0.05700200865808784
6095,urban+shrub,alabaster,563,2246,0.19637883008356546,0.12212620251100603,0.09327810685913353,0.07425262757255943
6095,urban+shrub,amber,334,1331,0.11664345403899722,0.07239523887167781,0.05563675157555294,0.0442482151673194
6095,urban+shrub,bar,9,12,0.003481894150417827,0.0007065601391379967,0.005553354455635402,0.0027753340112798303
6095,urban+shrub,brown,633,3208,0.22075208913649025,0.1744116528072178,0.05201404376929751,0.046340436329272455
6095,urban+shrub,foo,134,312,0.04700557103064067,0.01701179411924561,0.04777454701367493,0.029993776911395056
6095,urban+shrub,gold,5,22,0.0020891364902506965,0.001250067938474917,0.001072882139467028,0.0008390685517757795
6095,urban+shrub,green,109,391,0.0383008356545961,0.021305505734007284,0.022463677198493223,0.016995329920588814
6095,urban+shrub,indigo,303,304,0.10584958217270195,0.016576987879776076,0.19624550523437873,0.08927259429292587
6095,urban+shrub,lavender,168,1406,0.05884401114206128,0.07647154736670471,-0.015418818451616276,0.017627536224643428
6095,urban+shrub,lilac,1,1,0.0006963788300835655,0.00010870155986738409,0.001293375810672687,0.0005876772702161813
6095,urban+shrub,navy,5,375,0.0020891364902506965,0.02043589325506821,-0.004764363530715587,0.018346756764817514
6095,urban+shrub,terracotta,570,1488,0.19881615598885793,0.08092831132126746,0.1786993092851485,0.11788784466759047
6097,crop,alabaster,44,514,0.23195876288659795,0.28004350190320826,-0.04369763165391263,0.04808473901661031
6097,crop,azure,10,10,0.05670103092783505,0.005981511691136488,0.1275273696956233,0.05071951923669856
6097,crop,brown,58,542,0.30412371134020616,0.29526916802610115,0.008986000934298088,0.008854543314105012
6097,crop,grey,8,23,0.04639175257731959,0.013050570962479609,0.05883818717919279,0.03334118161483998
6097,crop,lavender,10,113,0.05670103092783505,0.06199021207177814,-0.0050568309825074825,0.0052891811439430905
6097,crop,olive,3,26,0.020618556701030927,0.01468189233278956,0.007001578570238236,0.0059366643682413674
6097,crop,red,2,17,0.015463917525773196,0.009787928221859706,0.007072571077004197,0.005675989303913491
6097,crop,sage,19,122,0.10309278350515463,0.06688417618270799,0.04460484368273881,0.03620860732244664
6097,crop,terracotta,2,85,0.015463917525773196,0.04676454594888527,-0.01711261766048049,0.03130062842311207
6097,forest,alabaster,1639,3732,0.06981694338016177,0.03930756352072782,0.04010702494243383,0.03050937985943395
6097,forest,azure,1348,1348,0.057428693060876966,0.014204635196748413,0.08022649006064102,0.04322405786412856
6097,forest,brown,10720,20372,0.456406981694338,0.21452263370152366,0.34457342559968596,0.24188434799281436
6097,forest,grey,3,1186,0.00017028522775649213,0.012498815402920953,-0.0007315307466329697,0.012328530175164462
6097,forest,lavender,2119,7562,0.09025117071094083,0.07963651296738936,0.01129257626560694,0.01061465774355147
6097,forest,olive,141,14828,0.006045125585355471,0.15614568964609504,-0.019655950843296407,0.15010056406073957
6097,forest,red,15,15,0.0006811409110259685,0.000168476029019996,0.0009515373172500049,0.0005126648820059725
6097,forest,sage,6888,12905,0.29327373350361857,0.13589697690825428,0.2255888952765507,0.1573767565953643
6097,forest,terracotta,579,1300,0.024691358024691357,0.013699207109688425,0.014546057997916619,0.010992150915002932
6097,grass,alabaster,11,189,0.16901408450704225,0.19957983193277312,-0.028095594020693403,0.03056574742573087
6097,grass,azure,3,3,0.056338028169014086,0.004201680672268907,0.14624705114084788,0.05213634749674518
6097,grass,brown,13,154,0.19718309859154928,0.16281512605042017,0.03776398853866006,0.03436797254112911
6097,grass,grey,1,48,0.028169014084507043,0.051470588235294115,-0.01697994252959525,0.023301574150787072
6097,grass,lavender,2,30,0.04225352112676056,0.032563025210084036,0.011007475011254078,0.009690495916676527
6097,grass,sage,3,21,0.056338028169014086,0.023109243697478993,0.05020490509924645,0.03322878447153509
6097,shrub,alabaster,1340,2814,0.16439867598381758,0.13941164817749604,0.027103320526835752,0.024987027806321532
6097,shrub,amber,61,315,0.0076008336398185605,0.015649762282091917,-0.005489305306251147,0.008048928642273356
6097,shrub,azure,941,941,0.1154836336888562,0.04665213946117274,0.10467552411205328,0.06883149422768345
6097,shrub,brown,3425,6926,0.4200073556454579,0.3430566561014263,0.08499966602937759,0.07695069954403155
6097,shrub,grey,26,157,0.0033100404560500183,0.007824881141045958,-0.0028477871330785235,0.00451484068499594
6097,shrub,lavender,623,1562,0.07649871276204487,0.0774068938193344,-0.0009028324540020119,0.0009081810572895282
6097,shrub,olive,26,430,0.0033100404560500183,0.021345087163232964,-0.006169455950177099,0.018035046707182947
6097,shrub,red,61,61,0.0076008336398185605,0.003070522979397781,0.006889471863001383,0.00453031066042078
6097,shrub,sage,1262,2156,0.15483633688856197,0.10682448494453249,0.05747238501975475,0.048011851944029474
6097,shrub,sienna,2,35,0.0003677822728944465,0.0017828843106180666,-0.0005805430738314237,0.0014151020377236201
6097,shrub,terracotta,352,1170,0.04327571411057987,0.057993264659271,-0.012668328054712961,0.01471755054869113
6097,urban+crop,alabaster,7,2160,0.07692307692307693,0.13104117397368262,-0.04097735826458866,0.05411809705060569
6097,urban+crop,amber,1,1401,0.019230769230769232,0.08501606937117215,-0.02858324480090755,0.06578530014040292
6097,urban+crop,azure,7,7,0.07692307692307693,0.00048511309198957006,0.3897060890297998,0.07643796383108736
6097,urban+crop,brown,30,4679,0.2980769230769231,0.2837911588138985,0.014639443863330624,0.01428576426302458
6097,urban+crop,lavender,7,2080,0.07692307692307693,0.12619004305378692,-0.03807562517895394,0.049266966130709994
6097,urban+crop,red,2,635,0.028846153846153848,0.03856649081317082,-0.008377128383210048,0.00972033696701697
6097,urban+crop,sage,6,1504,0.0673076923076923,0.09126190043053786,-0.020492423992133243,0.023954208122845558
6097,urban+crop,terracotta,6,1847,0.0673076923076923,0.11206112424959068,-0.0343114386568503,0.044753431941898375
6097,urban+forest,alabaster,2203,4764,0.04977978543195934,0.027197799061633124,0.0300905329254542,0.02258198637032622
6097,urban+forest,amber,297,1596,0.0067306606437041215,0.009115400860740419,-0.0020413560830042426,0.0023847402170362976
6097,urban+forest,azure,2628,2628,0.05937888198757764,0.015005879062546376,0.08167544905319409,0.04437300292503126
6097,urban+forest,brown,19260,42189,0.43503105590062113,0.24081325129282297,0.257275486781339,0.19421780460779817
6097,urban+forest,grey,15,1155,0.00036137775268210053,0.00659824883845706,-0.001049670738881778,0.00623687108577496
6097,urban+forest,lavender,5739,21391,0.12964426877470356,0.12210185047774517,0.007770717906135647,0.007542418296958384
6097,urban+forest,olive,186,16497,0.00422360248447205,0.09416774164088632,-0.0131117061250908,0.08994413915641426
6097,urban+forest,red,898,898,0.020304912478825522,0.005131337115720499,0.02792933765645549,0.015173575363105023
6097,urban+forest,sage,9499,22162,0.21456804065499718,0.12650258564595487,0.11337005957503701,0.08806545500904231
6097,urban+forest,sienna,42,704,0.0009712027103331451,0.004024018539024418,-0.0013805657287103358,0.0030528158286912727
6097,urban+forest,terracotta,3470,7616,0.07839638622247318,0.0434765237046085,0.046219116692155594,0.03491986251786468
6097,urban+grass,alabaster,7217,32837,0.1154307463498105,0.11351553155744222,0.0019312812770136574,0.0019152147923682805
6097,urban+grass,amber,4327,20282,0.06921367001967024,0.07011497431571961,-0.000895486331953214,0.0009013042960493711
6097,urban+grass,azure,4936,4936,0.07895283939166174,0.01706639196355114,0.12093518724328552,0.0618864474281106
6097,urban+grass,brown,18416,74821,0.29452591514608756,0.25864727152052325,0.03825943145965529,0.03587864362556431
6097,urban+grass,grey,302,706,0.004845596584094289,0.002443981996805885,0.003316528347708428,0.0024016145872884044
6097,urban+grass,lavender,8711,34491,0.13932289584366153,0.11923313583285514,0.02169445987458843,0.020089760010806396
6097,urban+grass,olive,311,3696,0.00498952519550303,0.0127799171742452,-0.004692819158012776,0.00779039197874217
6097,urban+grass,red,4936,8627,0.07895283939166174,0.02982556813075131,0.07685938021176263,0.04912727126091043
6097,urban+grass,sage,8401,18375,0.1343653547840271,0.06352279090990798,0.1006616684425107,0.07084256387411914
6097,urban+grass,sienna,126,3361,0.0020309926276566824,0.011621877614231096,-0.003542791785503332,0.009590884986574413
6097,urban+grass,terracotta,4810,31505,0.07693783883193936,0.10891102799344585,-0.02673847518413732,0.03197318916150649
6097,urban+shrub,alabaster,227,1516,0.08659323965058868,0.12462006079027356,-0.03152408241459303,0.03802682113968488
6097,urban+shrub,amber,31,751,0.012153437143942271,0.06177606177606178,-0.019760321060227286,0.04962262463211951
6097,urban+shrub,azure,197,197,0.07519939232814281,0.016265505627207754,0.11513752669002311,0.05893388670093505
6097,urban+shrub,brown,922,3208,0.3505507026205849,0.26361619978641254,0.09991084041538116,0.08693450283417237
6097,urban+shrub,grey,5,33,0.002278769464489176,0.002793066622853857,-0.0004637399577853843,0.0005142971583646811
6097,urban+shrub,lavender,462,1469,0.17584504367641474,0.12075905692926969,0.06608360107063432,0.055085986747145044
6097,urban+shrub,olive,10,142,0.004177744018230156,0.011747309619650046,-0.004319172574641378,0.00756956560141989
6097,urban+shrub,red,197,582,0.07519939232814281,0.047892877680111724,0.03392818722178174,0.027306514648031084
6097,urban+shrub,sage,347,847,0.1321686289403722,0.06966236753470796,0.0846432149896539,0.06250626140566425
6097,urban+shrub,sienna,4,57,0.0018989745537409798,0.004764643062515403,-0.0017468830121515992,0.0028656685087744237
6097,urban+shrub,terracotta,193,1487,0.07368021268515001,0.12223773925901585,-0.03729939581040101,0.048557526573865833
6099,crop,alabaster,648,2018,0.33696780893042577,0.22551100189880488,0.1353324913692119,0.11145680703162089
6099,crop,blue,119,119,0.06230529595015576,0.01340332849324249,0.09573478867763771,0.048901967456913276
6099,crop,brown,692,1947,0.3598130841121495,0.21758069920696974,0.18099133290322475,0.14223238490517978
6099,crop,grey,22,39,0.011941848390446522,0.0044677761644141625,0.011740725213966702,0.0074740722260323595
6099,crop,lavender,84,313,0.044132917964693666,0.035072042890651176,0.010141816434549642,0.00906087507404249
6099,crop,olive,5,384,0.003115264797507788,0.04300234558248632,-0.008177384756335341,0.03988708078497853
6099,crop,sage,308,597,0.16043613707165108,0.06679325365799174,0.14058920524297425,0.09364288341365934
6099,crop,terracotta,10,126,0.005711318795430945,0.014185189322014968,-0.005195863452349685,0.008473870526584023
6099,forest,alabaster,454,2678,0.09283819628647215,0.04951208693723664,0.0583619274395378,0.04332610934923551
6099,forest,blue,445,445,0.09100183635992655,0.008242773711835589,0.21854480337718699,0.08275906264809096
6099,forest,brown,2055,3521,0.41950622321975106,0.06509203814593036,0.7816559282600929,0.3544141850738207
6099,forest,grey,1,1511,0.00040807998367680065,0.027944111776447105,-0.0017247494767924896,0.027536031792770303
6099,forest,lavender,93,346,0.01917975923280963,0.00641309972647298,0.021011671464707626,0.01276665950633665
6099,forest,olive,22,7606,0.004692919812283207,0.14058919198639758,-0.015954928500852505,0.13589627217411437
6099,forest,sage,1738,2927,0.35482554580697817,0.054113994233754716,0.6672612980725938,0.30071155157322343
6099,forest,terracotta,55,156,0.011426239542950418,0.0029016041990093887,0.01566136001763664,0.00852463534394103
6099,grass,alabaster,14,64,0.17647058823529413,0.13598326359832635,0.04599218950724339,0.040487324636967775
6099,grass,blue,4,4,0.058823529411764705,0.010460251046025104,0.1015858515294788,0.0483632783657396
6099,grass,brown,17,49,0.21176470588235294,0.10460251046025104,0.14935938955817468,0.1071621954221019
6099,grass,grey,2,8,0.03529411764705882,0.01882845188284519,0.022176959552930465,0.016465665764213634
6099,grass,lavender,4,20,0.058823529411764705,0.043933054393305436,0.01716911474775394,0.014890475018459269
6099,grass,sage,4,23,0.058823529411764705,0.0502092050209205,0.009314326946311432,0.008614324390844204
6099,grass,terracotta,2,3,0.03529411764705882,0.008368200836820083,0.05079802600762442,0.02692591681023874
6099,shrub,alabaster,103,1025,0.13248407643312102,0.09737116826421183,0.040796127326992095,0.03511290816890919
6099,shrub,blue,80,80,0.10318471337579618,0.007687197494543039,0.2679670307505563,0.09549751588125314
6099,shrub,brown,373,962,0.4764331210191083,0.09139223687956724,0.786670561105909,0.3850408841395411
6099,shrub,grey,3,45,0.005095541401273885,0.004365568947518269,0.00078785935514861,0.0007299724537556162
6099,shrub,lavender,53,270,0.06878980891719745,0.025718895321248932,0.06767745428419288,0.043070913595948515
6099,shrub,olive,3,330,0.005095541401273885,0.03141311568757711,-0.009268074295235941,0.026317574286303227
6099,shrub,red,3,477,0.005095541401273885,0.04536395558508114,-0.011140646815564056,0.040268414183807257
6099,shrub,sage,99,306,0.12738853503184713,0.02913542754104584,0.18793463340356856,0.0982531074908013
6099,shrub,terracotta,30,66,0.03949044585987261,0.006358546075733131,0.07211978291242073,0.03313189978413948
6099,urban,alabaster,8376,75526,0.11611338277080879,0.09683780529866028,0.02107802553870326,0.019275577472148517
6099,urban,amber,2846,72963,0.039462194192251714,0.09355162558835182,-0.034062594975075515,0.05408943139610011
6099,urban,blue,5011,5011,0.06947120382562894,0.006426193019143952,0.16537828733072746,0.06304501080648499
6099,urban,brown,23275,44421,0.32262804075126483,0.05695617444062503,0.5595073492479479,0.2656718663106398
6099,urban,grey,264,1635,0.0036731582230230785,0.002097616077278433,0.0020578881603389495,0.0015755421457446456
6099,urban,lavender,10057,19767,0.13941368078175895,0.025345766879975588,0.2376771697998267,0.11406791390178336
6099,urban,olive,264,393,0.0036731582230230785,0.0005051715980731678,0.007287211482594975,0.0031679866249499106
6099,urban,red,6478,97939,0.08980525330930765,0.12557488912509152,-0.030108004421498767,0.035769635815783865
6099,urban,sage,8376,15169,0.11611338277080879,0.01945038868723339,0.2074597923316339,0.0966629940835754
6099,urban,sienna,172,380,0.0023979485757848777,0.0004885034996595861,0.003815189550851412,0.0019094450761252915
6099,urban,terracotta,6988,15135,0.09687435026682376,0.019406795199074792,0.1557537577014931,0.07746755506774897
6099,urban+barren,alabaster,20,123,0.09813084112149532,0.09458428680396644,0.003612229710583753,0.0035465543175288855
6099,urban+barren,amber,7,97,0.037383177570093455,0.07475209763539283,-0.025904914700892994,0.03736892006529937
6099,urban+barren,blue,13,13,0.06542056074766354,0.010678871090770405,0.11857931103918631,0.05474168965689314
6099,urban+barren,brown,68,164,0.32242990654205606,0.12585812356979406,0.303319647015226,0.196571782972262
6099,urban+barren,grey,3,3,0.018691588785046728,0.0030511060259344014,0.033879803154053235,0.015640482759112326
6099,urban+barren,lavender,22,70,0.10747663551401869,0.05415713196033562,0.0736627456798257,0.05331950355368307
6099,urban+barren,olive,3,3,0.018691588785046728,0.0030511060259344014,0.033879803154053235,0.015640482759112326
6099,urban+barren,red,9,145,0.04672897196261682,0.11136536994660565,-0.040581871961329084,0.06463639798398882
6099,urban+barren,sage,14,36,0.07009345794392523,0.02822273073989321,0.06376414185980145,0.04187072720403202
6099,urban+barren,sienna,3,3,0.018691588785046728,0.0030511060259344014,0.033879803154053235,0.015640482759112326
6099,urban+barren,terracotta,14,45,0.07009345794392523,0.03508771929824561,0.048503150001516115,0.035005738645679615
6099,urban+crop,alabaster,2439,11255,0.08723944366977725,0.06969443670474598,0.019588401607801374,0.017545006965031265
6099,urban+crop,amber,1054,4295,0.037720333226071726,0.02659979567196062,0.013175552373938733,0.011120537554111104
6099,urban+crop,blue,2166,2166,0.07747863706246201,0.013417541252592799,0.13585409085110012,0.06406109580986921
6099,urban+crop,brown,9058,35591,0.32389431155922627,0.22037707810903687,0.12472431236811679,0.1035172334501894
6099,urban+crop,grey,57,57,0.002073724480675033,0.0003591220086065447,0.00363615010122926,0.0017146024720684884
6099,urban+crop,lavender,4867,25471,0.17404984089527692,0.1577164793659639,0.01715134359151886,0.01633336152931303
6099,urban+crop,olive,109,5176,0.00393292573921127,0.03205473514751865,-0.008251519301626792,0.028121809408307382
6099,urban+crop,red,2166,6300,0.07747863706246201,0.03901427200396273,0.05315613419354552,0.03846436505849928
6099,urban+crop,sage,3268,12149,0.11687940219528764,0.07522986904430204,0.05149639908524949,0.0416495331509856
6099,urban+crop,sienna,58,180,0.002109478351031499,0.0011207083372031825,0.0013342023624365559,0.0009887700138283167
6099,urban+crop,terracotta,2689,11464,0.09617791125889377,0.07098851428748336,0.029207464404924725,0.025189396971410413
6099,urban+forest,alabaster,1996,8984,0.056320153420948725,0.061189466013797426,-0.004670214387943934,0.004869312592848701
6099,urban+forest,amber,278,5918,0.007868464098369903,0.04030945457269527,-0.012854892045877643,0.03244099047432537
6099,urban+forest,blue,2391,2391,0.06746009363190253,0.016289950217585246,0.0958599734779711,0.05117014341431728
6099,urban+forest,brown,15278,23387,0.4309041683118055,0.15927648649200826,0.4288548386120909,0.27162768181979724
6099,urban+forest,grey,28,411,0.0008178690281459755,0.002805794101022208,-0.0010082195945245356,0.0019879250728762326
6099,urban+forest,lavender,4221,6983,0.11907044954594168,0.04756229612024054,0.1092679726300638,0.07150815342570113
6099,urban+forest,olive,405,3022,0.011450166394043657,0.02058717370725761,-0.006717400236275905,0.009137007313213954
6099,urban+forest,red,278,9738,0.007868464098369903,0.06632434162586234,-0.016773158409137342,0.05845587752749244
6099,urban+forest,sage,9230,13135,0.26033617237294826,0.08945852259958186,0.27809075654251003,0.1708776497733664
6099,urban+forest,sienna,12,411,0.0003666309436516442,0.002805794101022208,-0.0007461255522476949,0.002439163157370564
6099,urban+forest,terracotta,1303,2700,0.036775903886288,0.018394295793351903,0.02547842857903566,0.018381608092936097
6099,urban+grass,alabaster,324,11078,0.1273510971786834,0.08871006485707422,0.04604690460050643,0.038641032321609176
6099,urban+grass,amber,126,12179,0.049764890282131664,0.09752582272399712,-0.03348218994609385,0.04776093244186546
6099,urban+grass,blue,279,279,0.109717868338558,0.002241972936183842,0.42686350925935973,0.10747589540237415
6099,urban+grass,brown,783,4361,0.3072100313479624,0.03492673552726399,0.6679603375616484,0.2722832958206984
6099,urban+grass,grey,2,181,0.0011755485893416929,0.0014572824085194972,-0.000252552994533192,0.0002817338191778043
6099,urban+grass,lavender,326,2534,0.1281347962382445,0.020297862118664425,0.23609697775841118,0.10783693411958008
6099,urban+grass,olive,2,688,0.0011755485893416929,0.005516854832252382,-0.0018174839317630469,0.0043413062429106895
6099,urban+grass,red,126,13781,0.049764890282131664,0.11035311073744895,-0.0396315444104217,0.06058822045531729
6099,urban+grass,sage,324,1595,0.1273510971786834,0.012779245736247898,0.29279614080389543,0.11457185144243551
6099,urban+grass,sienna,2,194,0.0011755485893416929,0.0015613740091280327,-0.0003336574672843105,0.0003858254197863398
6099,urban+grass,terracotta,220,1729,0.0865987460815047,0.01385218992713588,0.1587218188285508,0.07274655615436881
6099,urban+shrub,alabaster,112,989,0.0919446704637917,0.0779896013864818,0.015135148824167352,0.013955069077309909
6099,urban+shrub,amber,40,1034,0.03336045565500407,0.08153458326768552,-0.029812772316099287,0.04817412761268145
6099,urban+shrub,blue,112,112,0.0919446704637917,0.008901843390578226,0.2146842416305476,0.08304282707321348
6099,urban+shrub,brown,425,781,0.34662327095199347,0.06160390735780684,0.598796281551189,0.2850193635941866
6099,urban+shrub,lavender,203,505,0.16598860862489828,0.03986135181975736,0.23678473125374677,0.12612725680514092
6099,urban+shrub,red,59,1203,0.04882017900732303,0.09484795966598393,-0.03242301643675924,0.0460277806586609
6099,urban+shrub,sage,120,209,0.0984540276647681,0.016543248778950685,0.17560374828863956,0.08191077888581741
6099,urban+shrub,terracotta,120,239,0.0984540276647681,0.018906570033086496,0.1624570448650698,0.07954745763168161
6101,crop,alabaster,204,1085,0.3064275037369208,0.25391629646948793,0.0576011778510577,0.05251120726743286
6101,crop,bar,33,45,0.05082212257100149,0.010755202244563947,0.07892381762582269,0.04006692032643755
6101,crop,beige,34,173,0.052316890881913304,0.04068272153378536,0.013158525206389797,0.011634169348127943
6101,crop,blue,12,40,0.01943198804185351,0.009586158522328735,0.013730649335017662,0.009845829519524776
6101,crop,coffee,208,402,0.312406576980568,0.09422492401215805,0.37445700189299386,0.21818165296840997
6101,crop,green,57,172,0.08669656203288491,0.04044891278933832,0.06609524502323556,0.04624764924354659
6101,crop,lilac,35,75,0.053811659192825115,0.017769464577975215,0.05962378365570184,0.0360421946148499
6101,crop,plum,1,3,0.0029895366218236174,0.0009352349777881693,0.003474068363344499,0.002054301644035448
6101,crop,red,35,103,0.053811659192825115,0.0243161094224924,0.04274534999534085,0.029495549770332714
6101,crop,terracotta,12,44,0.01943198804185351,0.010521393500116905,0.011921717347187832,0.008910594541736606
6101,forest,alabaster,58,6017,0.09609120521172639,0.12011256810969403,-0.02144098205014577,0.02402136289796765
6101,forest,beige,17,239,0.029315960912052116,0.004790132327405544,0.05310803468189193,0.024525828584646574
6101,forest,blue,15,1475,0.026058631921824105,0.029459313813544098,-0.003196379037082782,0.003400681891719992
6101,forest,coffee,257,1193,0.4201954397394137,0.023830908328842583,1.2058502024627802,0.3963645314105711
6101,forest,green,199,1232,0.3257328990228013,0.024609304832045986,0.8413528015492758,0.3011235941907553
6101,forest,lilac,15,66,0.026058631921824105,0.001337245274734048,0.07738729225332638,0.024721386647090057
6101,forest,red,15,446,0.026058631921824105,0.008921621459792826,0.027931501368046834,0.01713701046203128
6101,shrub,alabaster,48,1297,0.1335149863760218,0.13519425059889595,-0.001668791599475219,0.0016792642228741494
6101,shrub,bar,2,15,0.008174386920980926,0.0016664930736381626,0.012999598831646173,0.006507893847342763
6101,shrub,beige,17,104,0.04904632152588556,0.010936360795750442,0.07360244624215397,0.03810996073013512
6101,shrub,blue,11,219,0.0326975476839237,0.022914279762524737,0.011625279370420454,0.009783267921398966
6101,shrub,coffee,137,803,0.3760217983651226,0.08374127695031768,0.5647528193834831,0.29228052141480493
6101,shrub,green,51,195,0.14168937329700274,0.020414540152067492,0.27450753950868156,0.12127483314493524
6101,shrub,lilac,24,114,0.0681198910081744,0.011977918966774295,0.11840629340245261,0.0561419720414001
6101,shrub,red,23,421,0.0653950953678474,0.04395375481720654,0.025982073479345207,0.021441340550640862
6101,shrub,terracotta,16,242,0.04632152588555858,0.025309863555879594,0.027997313496180544,0.021011662329678986
6101,urban+crop,alabaster,2075,8248,0.0970365523043844,0.07192243641721814,0.029062395892964853,0.025114115887166263
6101,urban+crop,bar,35,65,0.0016827147798448164,0.0005754492427611101,0.0018055742973604374,0.0011072655370837064
6101,urban+crop,beige,405,2075,0.018977283350472093,0.0181004943632131,0.0008976900239939493,0.0008767889872589932
6101,urban+crop,blue,636,937,0.029774703187809667,0.008178354389544262,0.03847392436124105,0.021596348798265406
6101,urban+crop,coffee,6326,10518,0.29573712255772644,0.09171440279703208,0.34624651790909783,0.20402271976069436
6101,urban+crop,green,2300,4759,0.1075535196784145,0.04150209690216491,0.10241726127476865,0.06605142277624959
6101,urban+crop,lilac,3337,5798,0.1560250537533888,0.05056106301169208,0.17581446351204968,0.10546399074169671
6101,urban+crop,plum,90,142,0.004253529026829952,0.0012468066926490718,0.0052197749761452505,0.0030067223341808803
6101,urban+crop,red,3433,11509,0.1605122931663083,0.10035486036636936,0.07538588649395596,0.060157432799938945
6101,urban+crop,terracotta,2300,4577,0.1075535196784145,0.039915252020611545,0.10661028328498207,0.06763826765780295
6101,urban+crop,yellow,419,1627,0.01963167243152286,0.014194414654774048,0.0063664659586789,0.00543725777674881
6101,urban+forest,alabaster,37,8228,0.0407725321888412,0.07381593110871905,-0.024201186923630134,0.03304339891987785
6101,urban+forest,bar,1,196,0.002145922746781116,0.0017671331180480804,0.0004167620573653435,0.0003787896287330355
6101,urban+forest,beige,24,369,0.02682403433476395,0.0033189809831359884,0.05605258814753819,0.02350505335162796
6101,urban+forest,coffee,373,672,0.4012875536480687,0.006036957301758163,1.684114830869481,0.3952505963463105
6101,urban+forest,green,189,10202,0.20386266094420602,0.09152314316469322,0.16326436311710316,0.1123395177795128
6101,urban+forest,lilac,111,314,0.12017167381974249,0.0028256189451022606,0.4506670780370521,0.11734605487464023
6101,urban+forest,plum,3,7,0.004291845493562232,7.176175098672408e-05,0.017558457022962864,0.0042200837425755075
6101,urban+forest,red,78,5853,0.08476394849785408,0.05251166128453534,0.04058794969733178,0.03225228721331874
6101,urban+forest,terracotta,78,5132,0.08476394849785408,0.04604413347685683,0.05172889118942482,0.03871981502099725
6101,urban+shrub,alabaster,16,1144,0.07083333333333333,0.10262615398404588,-0.026262387148232934,0.03179282065071255
6101,urban+shrub,bar,2,10,0.0125,0.0009859281168772968,0.0317487559390116,0.011514071883122704
6101,urban+shrub,beige,17,103,0.075,0.009321502195930805,0.15638732385044854,0.06567849780406919
6101,urban+shrub,blue,2,220,0.0125,0.01980819216635296,-0.005754586919980682,0.007308192166352961
6101,urban+shrub,coffee,53,274,0.225,0.02464820292193242,0.49756419183350054,0.20035179707806758
6101,urban+shrub,green,26,308,0.1125,0.027695617101371337,0.15768889294024938,0.08480438289862867
6101,urban+shrub,lilac,31,166,0.13333333333333333,0.014968181410773506,0.29159007328455466,0.11836515192255982
6101,urban+shrub,plum,3,19,0.016666666666666666,0.0017925965761405396,0.0371624257802848,0.014874070090526126
6101,urban+shrub,red,32,1166,0.1375,0.10459801021780048,0.03760616590927801,0.032901989782199534
6101,urban+shrub,terracotta,18,505,0.07916666666666666,0.045352693376355654,0.04410262338947125,0.03381397329031101
6101,urban+shrub,yellow,2,62,0.0125,0.0056466792148427,0.009933262769097069,0.006853320785157301
6103,crop,aquamarine,3,3,0.02962962962962963,0.005256241787122208,0.05124025420513353,0.02437338784250742
6103,crop,auburn,1,1,0.014814814814814815,0.002628120893561104,0.025620127102566764,0.01218669392125371
6103,crop,cocoa,33,33,0.2518518518518518,0.04467805519053877,0.43554216074363483,0.20717379666131305
6103,crop,emerald,1,1,0.014814814814814815,0.002628120893561104,0.025620127102566764,0.01218669392125371
6103,crop,foo,2,2,0.022222222222222223,0.003942181340341655,0.038430190653850144,0.018280040881880566
6103,crop,gray,36,36,0.2740740740740741,0.04862023653088042,0.4739723513974851,0.22545383754319365
6103,crop,ivory,5,5,0.044444444444444446,0.00788436268068331,0.07686038130770029,0.03656008176376113
6103,crop,navy,2,2,0.022222222222222223,0.003942181340341655,0.038430190653850144,0.018280040881880566
6103,crop,olive,3,3,0.02962962962962963,0.005256241787122208,0.05124025420513353,0.02437338784250742
6103,crop,purple,4,4,0.037037037037037035,0.006570302233902759,0.0640503177564169,0.030466734803134277
6103,crop,tan,6,34,0.05185185185185185,0.045992115637319315,0.006218108658696978,0.005859736214532535
6103,crop,terracotta,1,21,0.014814814814814815,0.02890932982917214,-0.00990424730926095,0.014094515014357326
6103,forest,aquamarine,110,292,0.031832520791511325,0.005909402605784357,0.053604172499514866,0.025923118185726967
6103,forest,cocoa,1576,1576,0.452251218812733,0.03180589730144004,1.2005397977872774,0.420445321511293
6103,forest,emerald,17,17,0.005162030398623459,0.0003630349723690049,0.013703054128199742,0.004798995426254454
6103,forest,foo,158,158,0.04559793518784055,0.0032068089225928765,0.12104364479909771,0.04239112626524767
6103,forest,gray,158,158,0.04559793518784055,0.0032068089225928765,0.12104364479909771,0.04239112626524767
6103,forest,olive,1182,4438,0.3392601089761973,0.08952845790811181,0.45196589843853785,0.24973165106808548
6103,forest,purple,231,231,0.06653283624892457,0.004679117421644952,0.17661714209679666,0.06185371882727962
6103,forest,tan,17,36,0.005162030398623459,0.0007462385543140655,0.009983572973779015,0.004415791844309393
6103,grass,aquamarine,14,14,0.07894736842105263,0.04807692307692308,0.03915624597228916,0.030870445344129548
6103,grass,cocoa,32,32,0.1736842105263158,0.10576923076923077,0.08614374113903621,0.06791497975708503
6103,grass,foo,7,7,0.042105263157894736,0.02564102564102564,0.020883331185220892,0.016464237516869096
6103,grass,gray,55,55,0.29473684210526313,0.1794871794871795,0.14618331829654618,0.11524966261808364
6103,grass,ivory,4,4,0.02631578947368421,0.016025641025641024,0.013052081990763057,0.010290148448043185
6103,grass,olive,26,26,0.14210526315789473,0.08653846153846154,0.0704812427501205,0.0555668016194332
6103,grass,purple,7,7,0.042105263157894736,0.02564102564102564,0.020883331185220892,0.016464237516869096
6103,grass,sienna,7,7,0.042105263157894736,0.02564102564102564,0.020883331185220892,0.016464237516869096
6103,shrub,aquamarine,175,175,0.07473460721868365,0.03050259965337955,0.06697202468666087,0.0442320075653041
6103,shrub,cocoa,1238,1238,0.5261146496815287,0.2147313691507799,0.47146783287939104,0.31138328053074876
6103,shrub,emerald,4,4,0.0021231422505307855,0.0008665511265164644,0.0019026143376892294,0.001256591124014321
6103,shrub,foo,163,171,0.06963906581740976,0.02980935875216638,0.059088977437889205,0.039829707065243386
6103,shrub,gray,168,168,0.07176220806794055,0.0292894280762565,0.06430836461389595,0.04247277999168405
6103,shrub,olive,352,352,0.14989384288747346,0.06117850953206239,0.13432457224085959,0.08871533335541107
6103,shrub,purple,120,120,0.05138004246284501,0.02097053726169844,0.046043266972079354,0.03040950520114657
6103,shrub,sienna,72,72,0.03099787685774947,0.012651646447140381,0.02777816933026275,0.018346230410609086
6103,shrub,tan,25,80,0.011040339702760084,0.014038128249566724,-0.0026521243539628743,0.0029977885468066394
6103,urban+crop,aquamarine,1,1,0.0273972602739726,0.00042283298097251583,0.11428002850239966,0.026974427293000085
6103,urban+crop,auburn,1,1,0.0273972602739726,0.00042283298097251583,0.11428002850239966,0.026974427293000085
6103,urban+crop,cocoa,17,17,0.2465753424657534,0.0038054968287526427,1.028520256521597,0.24276984563700077
6103,urban+crop,emerald,1,1,0.0273972602739726,0.00042283298097251583,0.11428002850239966,0.026974427293000085
6103,urban+crop,foo,2,193,0.0410958904109589,0.041014799154334036,8.117136749462352e-05,8.10912566248656e-05
6103,urban+crop,gray,2,2,0.0410958904109589,0.0006342494714587737,0.17142004275359948,0.04046164093950013
6103,urban+crop,ivory,1,1,0.0273972602739726,0.00042283298097251583,0.11428002850239966,0.026974427293000085
6103,urban+crop,navy,1,4,0.0273972602739726,0.0010570824524312897,0.08917617283461458,0.02634017782154131
6103,urban+crop,olive,2,2,0.0410958904109589,0.0006342494714587737,0.17142004275359948,0.04046164093950013
6103,urban+crop,purple,3,3,0.0547945205479452,0.0008456659619450317,0.2285600570047993,0.05394885458600017
6103,urban+crop,sienna,3,3,0.0547945205479452,0.0008456659619450317,0.2285600570047993,0.05394885458600017
6103,urban+crop,terracotta,1,661,0.0273972602739726,0.13995771670190274,-0.0446821187682048,0.11256045642793014
6103,urban+forest,aquamarine,85,133,0.04369918699186992,0.001777966484004936,0.1399186443875144,0.04192122050786498
6103,urban+forest,auburn,1,1,0.0010162601626016261,2.653681319410352e-05,0.0037046257264204603,0.0009897233494075225
6103,urban+forest,cocoa,779,779,0.39634146341463417,0.010349357145700374,1.4448040333039793,0.38599210626893377
6103,urban+forest,emerald,4,4,0.002540650406504065,6.63420329852588e-05,0.009261564316051149,0.0024743083735188063
6103,urban+forest,foo,236,1512,0.12042682926829268,0.020075099181339314,0.21575214821557331,0.10035173008695336
6103,urban+forest,gray,55,55,0.028455284552845527,0.0007430307694348986,0.10372952033977287,0.027712253783410627
6103,urban+forest,olive,419,2746,0.21341463414634146,0.036448312922101184,0.37717659084936306,0.17696632122424028
6103,urban+forest,purple,267,267,0.13617886178861788,0.003555932968009872,0.49641984734034156,0.132622928820608
6103,urban+forest,sienna,55,55,0.028455284552845527,0.0007430307694348986,0.10372952033977287,0.027712253783410627
6103,urban+forest,tan,18,49,0.009654471544715448,0.000663420329852588,0.025852431952329526,0.00899105121486286
6103,urban+forest,yellow,11,85,0.006097560975609756,0.0011410829673464513,0.010218969928855032,0.004956478008263305
6103,urban+grass,aquamarine,558,558,0.08418674698795181,0.02825087178450498,0.09192461970532771,0.05593587520344683
6103,urban+grass,auburn,20,20,0.0031626506024096386,0.0010613028756254106,0.0034533399173736702,0.0021013477267842282
6103,urban+grass,cocoa,1514,1514,0.22816265060240964,0.07656542174154748,0.2491338083248148,0.15159722886086216
6103,urban+grass,emerald,19,19,0.0030120481927710845,0.0010107646434527721,0.0032888951594034956,0.0020012835493183126
6103,urban+grass,foo,688,1255,0.10376506024096385,0.06347601960883409,0.05099711499235696,0.04028904063212976
6103,urban+grass,gray,817,817,0.12319277108433735,0.041340273917218374,0.13451581201960297,0.08185249716711898
6103,urban+grass,ivory,29,29,0.004518072289156626,0.001516146965179158,0.0049333427391052434,0.003001925323977468
6103,urban+grass,navy,20,37,0.0031626506024096386,0.0019204528225602669,0.0015776865797136976,0.0012421977798493717
6103,urban+grass,olive,557,557,0.08403614457831325,0.02820033355233234,0.09176017494735753,0.05583581102598091
6103,urban+grass,purple,1036,1036,0.15617469879518073,0.05240814676302623,0.17052921401507126,0.1037665520321545
6103,urban+grass,sienna,686,686,0.10346385542168675,0.034719765502602716,0.11297354872551008,0.06874408991908404
6103,urban+grass,tan,190,250,0.028765060240963855,0.012685096275332288,0.023550923679341872,0.016079963965631567
6103,urban+grass,terracotta,20,2270,0.0031626506024096386,0.11477232526406227,-0.011358785864557783,0.11160967466165263
6103,urban+grass,yellow,448,530,0.06762048192771085,0.026835801283671096,0.06249309528322319,0.040784680644039756
6103,urban+shrub,aquamarine,60,60,0.07402912621359223,0.031721268850754034,0.06273755358790993,0.042307857362838194
6103,urban+shrub,cocoa,260,260,0.316747572815534,0.1357254290171607,0.26843445059745075,0.1810221437983733
6103,urban+shrub,foo,62,129,0.07645631067961164,0.06760270410816432,0.0094095921987394,0.00885360657144732
6103,urban+shrub,gray,99,99,0.12135922330097088,0.052002080083203325,0.1028484485047704,0.06935714321776755
6103,urban+shrub,ivory,3,3,0.0048543689320388345,0.0020800832033281333,0.004113937940190815,0.002774285728710701
6103,urban+shrub,olive,61,61,0.07524271844660194,0.03224128965158606,0.06376603807295764,0.043001428795015874
6103,urban+shrub,purple,131,131,0.16019417475728157,0.0686427457098284,0.13575995202629693,0.09155142904745317
6103,urban+shrub,sienna,62,62,0.07645631067961164,0.0327613104524181,0.06479452255800533,0.043695000227193546
6103,urban+shrub,tan,24,32,0.03033980582524272,0.0171606864274571,0.017288819146875866,0.01317911939778562
6103,urban+shrub,yellow,24,30,0.03033980582524272,0.01612064482579303,0.0191856746378144,0.014219160999449688
6105,forest,aquamarine,182,292,0.08140569395017794,0.006156108834961656,0.21018952827660164,0.07524958511521629
6105,forest,beige,1264,1264,0.5627224199288257,0.026578422103162098,1.7178152930671076,0.5361439978256636
6105,forest,coffee,134,9643,0.06005338078291815,0.20262632629477886,-0.0730326987058537,0.14257294551186073
6105,forest,grey,4,2075,0.002224199288256228,0.04361802710368736,-0.006619380672108219,0.04139382781543113
6105,forest,indigo,12,1155,0.005782918149466192,0.02428826557411493,-0.008298978572636347,0.018505347424648738
6105,forest,ivory,79,80,0.03558718861209965,0.0017018594390167034,0.10819445771079242,0.03388532917308294
6105,forest,lilac,79,79,0.03558718861209965,0.0016808488286584725,0.10863654027301867,0.033906339783441174
6105,forest,olive,350,9953,0.1561387900355872,0.20913961550583043,-0.04563261599313354,0.053000825470243235
6105,forest,orange,83,1670,0.037366548042704624,0.03510872990860384,0.002328909413371214,0.002257818134100781
6105,forest,plum,4,8,0.002224199288256228,0.00018909549322407816,0.005482429085341871,0.00203510379503215
6105,forest,sage,19,237,0.008896797153024912,0.005000525265258956,0.005125875280732565,0.003896271887765956
6105,urban+forest,aquamarine,48,133,0.04697986577181208,0.0018390678396442638,0.15223638935643002,0.04514079793216782
6105,urban+forest,beige,357,357,0.3432406519654842,0.004913330496960048,1.4575644915302621,0.3383273214685242
6105,urban+forest,coffee,122,13615,0.11792905081495686,0.18687125152683803,-0.054287070778619,0.06894220071188117
6105,urban+forest,foo,22,1432,0.02205177372962608,0.01966704637470321,0.002523794138478142,0.0023847273549228686
6105,urban+forest,grey,5,2762,0.005752636625119847,0.03792048090251568,-0.010848512365054758,0.03216784427739583
6105,urban+forest,indigo,8,1830,0.00862895493767977,0.025129352346183933,-0.009223603643254592,0.01650039740850416
6105,urban+forest,ivory,33,35,0.032598274209012464,0.0004940779270686082,0.13656464695572584,0.03210419628194386
6105,urban+forest,lilac,77,105,0.07478427612655801,0.0014547850074797908,0.29463131613375615,0.07332949111907822
6105,urban+forest,maroon,2,2,0.0028763183125599234,4.1173160589050684e-05,0.012214227582655827,0.002835145151970873
6105,urban+forest,olive,137,8658,0.13231064237775647,0.1188394658468633,0.014207378286250183,0.013471176530893178
6105,urban+forest,orange,137,3877,0.13231064237775647,0.053223172254779516,0.12048982950296942,0.07908747012297696
6105,urban+forest,plum,19,272,0.019175455417066157,0.0037467576136036122,0.03130853821551372,0.015428697803462545
6105,urban+forest,sage,38,603,0.037392138063279005,0.008289529665262205,0.056330030942309484,0.029102608398016802
6107,crop,alabaster,999,2295,0.26171159382360637,0.22934771751073818,0.0345469357537984,0.03236387631286819
6107,crop,azure,389,389,0.1020675215912065,0.03895714713814804,0.09830861156485414,0.06311037445305845
6107,crop,brown,1292,1292,0.33839309081392305,0.1291579262810908,0.32593085834193947,0.20923516453283225
6107,crop,grey,257,1149,0.06752159120649044,0.11487363899710319,-0.03587998211135264,0.04735204779061275
6107,crop,lavender,360,360,0.09447788537032191,0.0360603336330037,0.09099848403823678,0.05841755173731821
6107,crop,olive,38,144,0.010206752159120648,0.014484067525721706,-0.0035723609726290044,0.004277315366601057
6107,crop,sage,324,324,0.08505626799267207,0.03246428928179003,0.08192384297071179,0.052591978710882045
6107,crop,sienna,6,29,0.0018319811567652448,0.0029967036260113876,-0.0009015452469091357,0.0011647224692461428
6107,crop,terracotta,118,118,0.03114367966500916,0.011886924383178503,0.029996730195429852,0.019256755281830656
6107,forest,alabaster,158,833,0.044851904090267986,0.07353200493740081,-0.022172750063298274,0.028680100847132822
6107,forest,azure,113,113,0.03215796897038082,0.010051137365543996,0.037398897550150356,0.022106831604836823
6107,forest,brown,1667,1667,0.47052186177715094,0.14706400987480162,0.5472049220495684,0.3234578519023493
6107,forest,lavender,233,233,0.06600846262341326,0.020631281960853464,0.07676615812925597,0.04537718066255979
6107,forest,olive,28,191,0.008180535966149507,0.01692823135249515,-0.005949090696917714,0.008747695386345643
6107,forest,sage,1308,1314,0.3692524682651622,0.11594075119026627,0.42774254329355904,0.25331171707489597
6107,grass,alabaster,60,530,0.2890995260663507,0.23705357142857142,0.05738187731074823,0.05204595463777928
6107,grass,azure,14,14,0.07109004739336493,0.006696428571428571,0.16794120933931414,0.06439361882193635
6107,grass,brown,63,63,0.3033175355450237,0.02857142857142857,0.7165491598477405,0.27474610697359514
6107,grass,grey,1,145,0.009478672985781991,0.06517857142857143,-0.018275700756164668,0.05569989844278944
6107,grass,lavender,8,8,0.04265402843601896,0.0040178571428571425,0.10076472560358851,0.03863617129316182
6107,grass,sage,27,27,0.13270142180094788,0.0125,0.31349025743338643,0.12020142180094788
6107,shrub,alabaster,232,1580,0.12459893048128343,0.12793332254410097,-0.003290556563665539,0.0033343920628175483
6107,shrub,azure,236,236,0.1267379679144385,0.019177860495225765,0.23932756759253118,0.10756010741921274
6107,shrub,brown,964,964,0.516042780748663,0.07808706910503317,0.9744772266953273,0.4379557116436299
6107,shrub,grey,6,29,0.0037433155080213902,0.002427577277876679,0.0016211474556995472,0.0013157382301447113
6107,shrub,lavender,116,116,0.06256684491978609,0.009467551383719049,0.11814905235580653,0.053099293536067044
6107,shrub,olive,7,55,0.0042780748663101605,0.004531477585369801,-0.0002461816183230833,0.0002534027190596406
6107,shrub,sage,255,255,0.13689839572192514,0.02071532610454766,0.2585141658383459,0.11618306961737748
6107,shrub,terracotta,16,16,0.00909090909090909,0.0013756271241301182,0.017166956325202657,0.007715281966778972
6107,urban,alabaster,112,32364,0.09369817578772803,0.103536856113681,-0.009355662279317976,0.009838680325952975
6107,urban,amber,43,34048,0.03648424543946932,0.10892403565007645,-0.039905379811393867,0.07243979021060713
6107,urban,azure,90,90,0.07545605306799337,0.00029111243338003927,0.4193542681867823,0.07516494063461333
6107,urban,brown,383,383,0.31840796019900497,0.0012284304881091767,1.769582845974993,0.3171795297108958
6107,urban,grey,2,919,0.0024875621890547263,0.0029431147110949027,-0.00041832153167851684,0.0004555525220401764
6107,urban,lavender,191,191,0.15920398009950248,0.0006142152440545884,0.8847914229874965,0.1585897648554479
6107,urban,olive,2,2,0.0024875621890547263,9.597113188352943e-06,0.013824865984179632,0.0024779650758663735
6107,urban,red,90,40902,0.07545605306799337,0.13085024024773348,-0.04153878786928589,0.05539418717974011
6107,urban,sage,102,102,0.08540630182421227,0.00032950088613345105,0.4746537321235007,0.08507680093807882
6107,urban,sienna,5,5,0.004975124378109453,1.9194226376705887e-05,0.027649731968359265,0.004955930151732747
6107,urban,terracotta,148,148,0.12354892205638475,0.0004766566216881962,0.6866350105475886,0.12307226543469656
6107,urban+barren,alabaster,15,2244,0.09876543209876543,0.07562487367782793,0.026366658766987915,0.0231405584209375
6107,urban+barren,amber,6,2870,0.043209876543209874,0.09671225493498618,-0.03481294587527142,0.05350237839177631
6107,urban+barren,azure,14,14,0.09259259259259259,0.0005052886882705652,0.4824846757363264,0.09208730390432202
6107,urban+barren,brown,44,44,0.2777777777777778,0.0015158660648116958,1.4474540272089795,0.2762619117129661
6107,urban+barren,lavender,15,15,0.09876543209876543,0.0005389746008219363,0.5146503207854148,0.0982264574979435
6107,urban+barren,red,4,3523,0.030864197530864196,0.11870915583103146,-0.0415765301441248,0.08784495830016727
6107,urban+barren,sage,15,17,0.09876543209876543,0.0006063464259246784,0.5030174283749079,0.09815908567284075
6107,urban+barren,terracotta,11,11,0.07407407407407407,0.0004042309506164522,0.38598774058906116,0.07366984312345762
6107,urban+crop,alabaster,4896,10113,0.07718982992071373,0.07102777485164508,0.006421940353085117,0.006162055069068653
6107,urban+crop,amber,1254,7571,0.019782159802020777,0.05317602443906036,-0.019561136003313575,0.03339386463703958
6107,urban+crop,azure,6265,6265,0.09876893491590612,0.044004354085466484,0.07985414518128565,0.054764580830439634
6107,urban+crop,brown,21803,21803,0.34368941220976973,0.15312335405035288,0.2778710152462101,0.19056605815941685
6107,urban+crop,grey,85,2490,0.0013555902334452484,0.017493591769373925,-0.003467054426783772,0.016138001535928675
6107,urban+crop,lavender,11499,11499,0.18127078703046925,0.08076126268478528,0.14655644264040613,0.10050952434568397
6107,urban+crop,olive,215,3978,0.003404738260746205,0.02794339688893571,-0.007167017813144048,0.024538658628189505
6107,urban+crop,red,3758,11375,0.05925190334326382,0.07989044559148846,-0.01770792681439343,0.020638542248224638
6107,urban+crop,sage,7363,7363,0.11607635440803266,0.051715298992239894,0.09384709944382182,0.06436105541579276
6107,urban+crop,sienna,123,3596,0.001954571964502451,0.02526071842410197,-0.005001904717688363,0.023306146459599518
6107,urban+crop,terracotta,6142,6198,0.09683012562853675,0.043533831946346434,0.0774079176630344,0.05329629368219032
6107,urban+forest,alabaster,1098,2164,0.05782384510154688,0.06238473951129553,-0.004389954559643983,0.004560894409748648
6107,urban+forest,azure,727,727,0.038303693570451436,0.020977408944213922,0.023062662911451523,0.017326284626237514
6107,urban+forest,brown,8309,8309,0.43723034831105967,0.2394536652835408,0.26325649559637654,0.19777668302751886
6107,urban+forest,grey,5,21,0.0003156897821740503,0.0006339326878745966,-0.0002200934701151844,0.0003182429057005463
6107,urban+forest,lavender,2276,2276,0.11980427233505209,0.06561203319502075,0.07213418056232844,0.05419223914003134
6107,urban+forest,olive,141,233,0.007471324844785857,0.006742738589211619,0.0007666040834752981,0.0007285862555742387
6107,urban+forest,red,727,1900,0.038303693570451436,0.05477754725680037,-0.013702535775509915,0.016473853686348933
6107,urban+forest,sage,4582,4584,0.24113437861727877,0.13211733517750116,0.14508185913013,0.10901704343977761
6107,urban+forest,sienna,5,21,0.0003156897821740503,0.0006339326878745966,-0.0002200934701151844,0.0003182429057005463
6107,urban+forest,terracotta,1098,1098,0.05782384510154688,0.03166781927155371,0.03481575074132586,0.02615602582999317
6107,urban+grass,alabaster,2021,5832,0.12633552014995314,0.09110076841381895,0.04130855506996406,0.03523475173613419
6107,urban+grass,amber,608,4545,0.038050609184629804,0.07100018741800462,-0.02373465431214869,0.03294957823337482
6107,urban+grass,azure,1096,1096,0.06854108091221493,0.01713312925595052,0.0950266783971321,0.05140795165626441
6107,urban+grass,brown,5156,5156,0.322211808809747,0.08054288748672456,0.4467206750173294,0.24166892132302242
6107,urban+grass,grey,49,326,0.003124023742580444,0.005107140625976135,-0.0015355134370711732,0.0019831168833956913
6107,urban+grass,lavender,2070,2070,0.12939706341768198,0.03234522396451552,0.17939858793114002,0.09705183945316645
6107,urban+grass,olive,34,279,0.0021868166198063107,0.00437308677453614,-0.0015155125248111458,0.0021862701547298294
6107,urban+grass,red,1451,6845,0.09072164948453608,0.10692197163740863,-0.014905867248415746,0.01620032215287255
6107,urban+grass,sage,1557,1557,0.09734457981880662,0.02433310426688324,0.1349604055995732,0.07301147555192339
6107,urban+grass,sienna,49,241,0.003124023742580444,0.0037795964265633785,-0.0005951121726520323,0.0006555726839829346
6107,urban+grass,terracotta,1876,1879,0.11727585129646985,0.0293621540575998,0.16240621354340423,0.08791369723887005
6107,urban+shrub,alabaster,90,808,0.07634228187919463,0.0906036510247508,-0.013074957307990388,0.014261369145556174
6107,urban+shrub,amber,54,868,0.04614093959731544,0.09732332848023295,-0.03443674129006291,0.05118238888291751
6107,urban+shrub,azure,130,130,0.1098993288590604,0.014671295777802665,0.2213011835267128,0.09522803308125773
6107,urban+shrub,brown,451,451,0.37919463087248323,0.0506215701646321,0.7635735492677421,0.32857306070785114
6107,urban+shrub,lavender,200,200,0.1686241610738255,0.022510919475865157,0.3395537243425135,0.14611324159796035
6107,urban+shrub,olive,1,26,0.0016778523489932886,0.0030238548549669617,-0.0009882849791148698,0.0013460025059736731
6107,urban+shrub,red,14,1035,0.012583892617449664,0.1160264307313249,-0.027953863890419,0.10344253811387524
6107,urban+shrub,sage,140,140,0.11828859060402684,0.015791242020383022,0.23819440364325578,0.10249734858364382
6107,urban+shrub,terracotta,74,74,0.06291946308724833,0.008399596819352671,0.12669915087407227,0.05451986626789566
6109,forest,aquamarine,748,832,0.056828528072837635,0.021682544640533083,0.05475604348395381,0.03514598343230455
6109,forest,auburn,1,1,0.00015174506828528073,5.2058930709563226e-05,0.00016234075427774795,9.968613757571751e-05
6109,forest,beige,81,1280,0.0062215477996965095,0.03334374511947524,-0.01044505475593733,0.027122197319778732
6109,forest,cocoa,5068,8168,0.384597875569044,0.212634702483211,0.2279214036740389,0.171963173085833
6109,forest,emerald,74,224,0.005690440060698027,0.005856629704825863,-0.00016380909319660885,0.00016618964412783589
6109,forest,foo,346,485,0.026327769347496206,0.012650320162423864,0.019296720726680074,0.013677449185072342
6109,forest,grey,1498,1500,0.11373292867981791,0.0390702274975272,0.1215227514037999,0.07466270118229071
6109,forest,ivory,12,470,0.0009863429438543246,0.012259878182102139,-0.0024856662485765392,0.011273535238247815
6109,forest,navy,2,76,0.0002276176024279211,0.002004268832318184,-0.0004951519489746316,0.0017766512298902628
6109,forest,olive,4155,10041,0.31532625189681335,0.26138789109271693,0.05915594471050212,0.05393836080409642
6109,forest,purple,1157,1493,0.08786039453717755,0.03888802124004373,0.07161174472725053,0.04897237329713382
6109,grass,aquamarine,2,2,0.05263157894736842,0.014018691588785047,0.06962761827301586,0.03861288735858337
6109,grass,cocoa,4,7,0.08771929824561403,0.037383177570093455,0.07481764192469875,0.050336120675520575
6109,grass,foo,2,4,0.05263157894736842,0.02336448598130841,0.0427420591274374,0.029267092966060008
6109,grass,grey,5,13,0.10526315789473684,0.06542056074766354,0.05006598808422081,0.03984259714707329
6109,grass,olive,2,8,0.05263157894736842,0.04205607476635514,0.01180591886943114,0.01057550418101328
6109,grass,purple,2,4,0.05263157894736842,0.02336448598130841,0.0427420591274374,0.029267092966060008
6109,grass,sienna,2,2,0.05263157894736842,0.014018691588785047,0.06962761827301586,0.03861288735858337
6109,shrub,aquamarine,46,91,0.11380145278450363,0.01740446462353386,0.21368823429205408,0.09639698816096977
6109,shrub,beige,2,168,0.007263922518159807,0.031971244797578506,-0.010764529714661708,0.0247073222794187
6109,shrub,cocoa,226,1148,0.549636803874092,0.21736662883087401,0.5098828060453696,0.332270175043218
6109,shrub,foo,26,149,0.06537530266343826,0.028376844494892167,0.05456033656417537,0.03699845816854609
6109,shrub,grey,26,29,0.06537530266343826,0.0056753688989784334,0.15977782720756692,0.059699933764459825
6109,shrub,olive,28,418,0.07021791767554479,0.07926598562239878,-0.008510803981214031,0.009048067946853991
6109,shrub,purple,13,185,0.03389830508474576,0.03518728717366629,-0.0012650793862624024,0.0012889820889205247
6109,shrub,sienna,8,16,0.021791767554479417,0.003216042376087779,0.04169594823086887,0.01857572517839164
6109,urban+forest,aquamarine,118,145,0.03304637600666482,0.0027856216133709836,0.0817382566725844,0.030260754393293832
6109,urban+forest,auburn,21,21,0.006109414051652319,0.00041975120201480576,0.016360546442005894,0.005689662849637514
6109,urban+forest,beige,195,1525,0.05442932518744793,0.029115469739754256,0.03405280570688594,0.025313855447693677
6109,urban+forest,cocoa,1232,2114,0.3424048875312413,0.0403533541936961,0.7321710135805458,0.3020515333375452
6109,urban+forest,emerald,68,132,0.019161344071091362,0.0025375868121804168,0.0387381322263611,0.016623757258910944
6109,urban+forest,foo,260,599,0.07247986670369341,0.011447760054949248,0.13376266236810344,0.061032106648744165
6109,urban+forest,grey,260,290,0.07247986670369341,0.005552163626650386,0.18620955691952099,0.06692770307704303
6109,urban+forest,ivory,21,180,0.006109414051652319,0.0034534076165763567,0.003485233830518744,0.0026560064350759625
6109,urban+forest,navy,2,10,0.0008331019161344071,0.00020987560100740288,0.0011485484620483253,0.0006232263151270042
6109,urban+forest,olive,703,4193,0.19550124965287421,0.08001984278409524,0.17463972826196383,0.11548140686877897
6109,urban+forest,purple,432,737,0.12024437656206609,0.014080744867587576,0.25789026576223506,0.10616363169447851
6109,urban+forest,sienna,186,395,0.05193001943904471,0.007555521636266504,0.10010126065463959,0.044374497802778204
6109,urban+forest,terracotta,13,1323,0.0038878089419605664,0.025261390521254673,-0.007275767804300283,0.02137358157929411
6109,urban+forest,yellow,52,52,0.014718133851707858,0.0010112188048538502,0.03941404370119601,0.013706915046854009
6109,urban+shrub,aquamarine,4,4,0.06172839506172839,0.0012512512512512512,0.24065432006765464,0.06047714381047714
6109,urban+shrub,cocoa,16,338,0.20987654320987653,0.08483483483483484,0.1901089477792606,0.1250417083750417
6109,urban+shrub,foo,4,126,0.06172839506172839,0.03178178178178178,0.04097844512787126,0.02994661327994661
6109,urban+shrub,grey,5,5,0.07407407407407407,0.0015015015015015015,0.28878518408118553,0.07257257257257257
6109,urban+shrub,olive,4,330,0.06172839506172839,0.08283283283283284,-0.01815311591647885,0.021104437771104448
6109,urban+shrub,purple,5,143,0.07407407407407407,0.036036036036036036,0.053373789240597005,0.038038038038038034
6109,urban+shrub,sienna,5,138,0.07407407407407407,0.034784784784784785,0.055991520088397674,0.039289289289289285
6111,barren,alabaster,53,234,0.1377551020408163,0.15430072225869992,-0.015625003932806136,0.01654562021788361
6111,barren,azure,44,45,0.11479591836734694,0.030203545633617858,0.15327512063103718,0.08459237273372908
6111,barren,brown,127,127,0.32653061224489793,0.0840446487196323,0.44315935121786093,0.24248596352526564
6111,barren,gray,1,1,0.00510204081632653,0.0013131976362442547,0.006924364862779077,0.0037888431800822756
6111,barren,lavender,38,38,0.09948979591836735,0.025607353906762966,0.13502511482419202,0.07388244201160438
6111,barren,olive,1,7,0.00510204081632653,0.005252790544977019,-0.00014856555109791516,0.0001507497286504884
6111,barren,red,14,57,0.03826530612244898,0.03808273145108339,0.00018301161966160508,0.0001825746713655929
6111,barren,sage,56,56,0.14540816326530612,0.03742613263296126,0.1973443985892037,0.10798203063234485
6111,barren,terracotta,20,25,0.05357142857142857,0.017071569271175313,0.06126436140035572,0.036499859300253255
6111,crop,alabaster,96,725,0.24681933842239187,0.26515704894083275,-0.017688466430537383,0.01833771051844088
6111,crop,azure,29,29,0.07633587786259542,0.01095690284879474,0.1481811751129109,0.06537897501380069
6111,crop,brown,121,295,0.3104325699745547,0.10810810810810811,0.3274551351027383,0.2023244618664466
6111,crop,gray,9,9,0.02544529262086514,0.003652300949598247,0.04939372503763697,0.02179299167126689
6111,crop,lavender,38,47,0.09923664122137404,0.017531044558071585,0.17203009450085152,0.08170559666330246
6111,crop,olive,1,1,0.005089058524173028,0.0007304601899196494,0.009878745007527395,0.004358598334253379
6111,crop,red,5,126,0.015267175572519083,0.046384222059897735,-0.016965713332082494,0.031117046487378654
6111,crop,sage,41,41,0.10687022900763359,0.015339663988312637,0.20745364515807527,0.09153056501932094
6111,crop,terracotta,15,62,0.04071246819338423,0.023009495982468955,0.023231649458621134,0.017702972210915272
6111,forest,alabaster,732,2530,0.09860102232983589,0.07535429319995236,0.026511914841867854,0.023246729129883528
6111,forest,azure,739,758,0.09954264191552327,0.022597356198642372,0.14759717056283872,0.07694528571688089
6111,forest,brown,3135,6631,0.4218455743879473,0.19745147076336786,0.3202425799900546,0.22439410362457943
6111,forest,gray,7,7,0.0010761366693570083,0.00023818030248898416,0.00162292686407991,0.0008379563668680242
6111,forest,lavender,454,515,0.06120527306967985,0.015362629510539478,0.08460376998542078,0.045842643559140375
6111,forest,olive,70,4162,0.00955071294054345,0.12394307490770513,-0.024480450269199042,0.11439236196716168
6111,forest,sage,2253,2305,0.3032015065913371,0.06865547219244969,0.4503442221034515,0.2345460343988874
6111,forest,terracotta,6,2493,0.0009416195856873823,0.07425270930094081,-0.004112644245516396,0.07331108971525344
6111,grass,alabaster,404,883,0.2751358695652174,0.17158385093167702,0.1299172242191079,0.10355201863354038
6111,grass,azure,189,230,0.12907608695652173,0.04483695652173913,0.13648109560154312,0.0842391304347826
6111,grass,brown,441,494,0.30027173913043476,0.09607919254658386,0.3421641772404443,0.2041925465838509
6111,grass,gray,29,29,0.020380434782608696,0.005822981366459627,0.025531853977487123,0.014557453416149068
6111,grass,lavender,131,134,0.08967391304347826,0.026203416149068324,0.1103249285794272,0.06347049689440994
6111,grass,olive,4,315,0.0033967391304347825,0.06133540372670807,-0.009828605070167947,0.05793866459627329
6111,grass,sage,145,148,0.09918478260869565,0.028920807453416148,0.12223763553104877,0.0702639751552795
6111,grass,sienna,1,2,0.001358695652173913,0.0005822981366459627,0.0011512199190043524,0.0007763975155279503
6111,grass,terracotta,90,347,0.06182065217391304,0.06754658385093168,-0.005476073663971014,0.005725931677018639
6111,shrub,alabaster,653,2328,0.14533333333333334,0.10212672659504494,0.05127585193422262,0.0432066067382884
6111,shrub,amber,28,549,0.0064444444444444445,0.024117518088138567,-0.008504862446828208,0.017673073643694123
6111,shrub,azure,680,1055,0.15133333333333332,0.046305634729226046,0.17921214996429852,0.10502769860410727
6111,shrub,brown,1705,2320,0.3791111111111111,0.10177592633194475,0.4985522409312819,0.27733518477916635
6111,shrub,gray,27,27,0.006222222222222222,0.0012278009208506907,0.010098059461077091,0.004994421301371531
6111,shrub,lavender,432,435,0.09622222222222222,0.019118614338960754,0.1554949088559302,0.07710360788326147
6111,shrub,olive,25,1452,0.0057777777777777775,0.06371409778557334,-0.013868901003599264,0.05793632000779556
6111,shrub,red,3,530,0.0008888888888888889,0.0232843674632756,-0.002902724663764141,0.022395478574386708
6111,shrub,sage,678,698,0.15088888888888888,0.03065117298837974,0.2404976956279189,0.12023771590050913
6111,shrub,sienna,3,15,0.0008888888888888889,0.0007016005262003947,0.0002103182686822214,0.00018728836268849423
6111,shrub,terracotta,228,1406,0.050888888888888886,0.061696996272747204,-0.009800723688791554,0.010808107383858317
6111,urban,alabaster,6939,18756,0.09684216401769392,0.00893720750502441,0.230761250906684,0.08790495651266951
6111,urban,amber,2811,20905,0.039239216890166476,0.009961148376608216,0.053796350840809845,0.02927806851355826
6111,urban,azure,8610,82084,0.1201596360744038,0.03911130127685284,0.13486834094546649,0.08104833479755097
6111,urban,brown,23103,23103,0.322397890124611,0.011008436434189047,1.0887778260378909,0.311389453690422
6111,urban,gray,178,178,0.0024978022131364862,8.528869986668281e-05,0.008435389147367663,0.0024125135132698036
6111,urban,lavender,11482,16094,0.16023610510305178,0.007668835890247261,0.4870350063731042,0.15256726921280453
6111,urban,olive,299,181841,0.004186260692407518,0.08664283665451025,-0.012684313147217914,0.08245657596210273
6111,urban,red,2811,24551,0.039239216890166476,0.011698369604060314,0.047488367412850396,0.02754084728610616
6111,urban,sage,9709,15989,0.13549530441092336,0.007618806205967922,0.38999847799374154,0.12787649820495545
6111,urban,sienna,123,14470,0.0017303210861951076,0.00689504344006015,-0.0023921616710104875,0.005164722353865042
6111,urban,terracotta,5560,296676,0.07759931903492737,0.14135863469468074,-0.04653953337673405,0.06375931565975337
6111,urban+barren,alabaster,136,1466,0.10370931112793338,0.06392156862745098,0.05018857156340405,0.039787742500482406
6111,urban+barren,amber,63,1721,0.04844814534443603,0.07503267973856209,-0.021192657231146744,0.026584534394126058
6111,urban+barren,azure,115,153,0.08781226343679031,0.006710239651416122,0.22581507491328975,0.08110202378537419
6111,urban+barren,brown,406,406,0.3080999242997729,0.017734204793028324,0.8796033813499704,0.29036571950674456
6111,urban+barren,lavender,191,199,0.1453444360333081,0.008714596949891068,0.40901478270829167,0.13662983908341703
6111,urban+barren,olive,2,957,0.002271006813020439,0.04174291938997821,-0.006611597074193154,0.03947191257695777
6111,urban+barren,red,87,1748,0.06661619984859955,0.07620915032679738,-0.008962127148004997,0.009592950478197831
6111,urban+barren,sage,168,192,0.1279333838001514,0.00840958605664488,0.3482522534825054,0.11952379774350652
6111,urban+barren,terracotta,115,1293,0.08781226343679031,0.056383442265795204,0.03890308306841683,0.03142882117099511
6111,urban+crop,alabaster,751,7230,0.1192136968928345,0.14442358392586083,-0.022869107032152093,0.025209887033026332
6111,urban+crop,amber,230,4826,0.03662016487000634,0.0964088839178717,-0.03544829442782625,0.059788719047865355
6111,urban+crop,azure,735,735,0.11667723525681674,0.014700007989134777,0.24170429161392343,0.10197722726768196
6111,urban+crop,brown,2107,7676,0.33417882054533926,0.15333146920188542,0.2603500963370482,0.18084735134345384
6111,urban+crop,gray,56,56,0.009036144578313253,0.0011384517056802748,0.018718946497273962,0.007897692872632978
6111,urban+crop,lavender,805,2098,0.12777425491439443,0.041922984740752574,0.14239556960226543,0.08585127017364186
6111,urban+crop,olive,35,39,0.0057070386810399495,0.0007989134776703683,0.011221195986280552,0.004908125203369581
6111,urban+crop,red,230,3424,0.03662016487000634,0.06840696652552529,-0.02288304851363433,0.03178680165551895
6111,urban+crop,sage,515,515,0.0818008877615726,0.01030598386194775,0.16945572618584848,0.07149490389962485
6111,urban+crop,sienna,55,55,0.008877615726062143,0.0011184788687385156,0.018390543927146348,0.007759136857323627
6111,urban+crop,terracotta,751,4828,0.1192136968928345,0.09644882959175521,0.025261984453367924,0.02276486730107928
6111,urban+forest,alabaster,1402,7488,0.07965707148129222,0.03716348658908766,0.06073087617124516,0.04249358489220456
6111,urban+forest,amber,314,5170,0.01788451711803781,0.025660620797459247,-0.006456707340626383,0.007776103679421435
6111,urban+forest,azure,1043,1043,0.05927439959121104,0.005180755775004342,0.14446514068890157,0.054093643816206696
6111,urban+forest,brown,7331,26103,0.4162834270141373,0.12953874401409324,0.4859635801202302,0.2867446830000441
6111,urban+forest,gray,11,11,0.0006813149378300119,5.95489169540729e-05,0.0016605188584931216,0.000621766020875939
6111,urban+forest,lavender,1764,5207,0.10021007210583092,0.02584422995806764,0.13580281980111047,0.07436584214776329
6111,urban+forest,olive,100,29116,0.005734400726735933,0.1444904845793117,-0.018503365171562158,0.1387560838525758
6111,urban+forest,red,314,1316,0.01788451711803781,0.0065354936357095005,0.018004119676671988,0.01134902348232831
6111,urban+forest,sage,4253,4795,0.24152614546073922,0.023799717142644467,0.5596895112327488,0.21772642831809474
6111,urban+forest,sienna,6,160,0.00039743371373417364,0.0007989479691338113,-0.0002775151098410886,0.0004015142553996377
6111,urban+forest,terracotta,1037,24462,0.05893374212229603,0.12139542962062377,-0.042587845972050224,0.06246168749832774
6111,urban+grass,alabaster,12274,19950,0.11724197214846512,0.07273953624033834,0.05596602674941463,0.044502435908126775
6111,urban+grass,amber,3147,10194,0.030067432042636916,0.03717004520927519,-0.00637611787643427,0.007102613166638277
6111,urban+grass,azure,8327,9174,0.07954306672524786,0.033451217733702784,0.06890103198661564,0.04609184899154507
6111,urban+grass,brown,34680,41870,0.33124797035282433,0.15265786787224733,0.2566071994789802,0.178590102480577
6111,urban+grass,gray,306,306,0.0029322432138149724,0.0011192941519614992,0.0028239539088052725,0.0018129490618534732
6111,urban+grass,lavender,14636,17219,0.13980209746126956,0.06278255796995771,0.11191864425521626,0.07701953949131185
6111,urban+grass,olive,324,14130,0.0031041662686966324,0.051520344173836954,-0.008720321959193048,0.04841617790514032
6111,urban+grass,red,8327,12438,0.07954306672524786,0.04535146565553449,0.04469175725258301,0.03419160106971337
6111,urban+grass,sage,14312,14502,0.13670748247339967,0.05287662242963395,0.129855998404083,0.08383086004376572
6111,urban+grass,sienna,141,441,0.0013562818773997594,0.0016114919060813766,-0.00023384111227696736,0.00025521002868161727
6111,urban+grass,terracotta,8186,30824,0.07819633612867485,0.11238515385737202,-0.02836251892655677,0.03418881772869717
6111,urban+shrub,alabaster,517,1134,0.12554532234609792,0.017742414531584625,0.24565563117831846,0.1078029078145133
6111,urban+shrub,amber,197,827,0.047988366456616575,0.01294336496224852,0.06288277092362843,0.03504500149436805
6111,urban+shrub,azure,326,1867,0.07925351429956375,0.029200731581497868,0.07913130483579821,0.050052782718065875
6111,urban+shrub,brown,1265,1496,0.30683470673776053,0.023401228681746416,0.7896454567807886,0.2834334780560141
6111,urban+shrub,gray,15,15,0.003877847794474067,0.0002501133326038361,0.010629651734438996,0.003627734461870231
6111,urban+shrub,lavender,532,703,0.12918080465341736,0.01100498663456879,0.31815481902835574,0.11817581801884856
6111,urban+shrub,olive,10,5796,0.002666020358700921,0.09061918681902738,-0.009400598687046041,0.08795316646032646
6111,urban+shrub,red,326,892,0.07925351429956375,0.013959450375951603,0.13762333377358746,0.06529406392361214
6111,urban+shrub,sage,411,482,0.09985458070770722,0.007550296227978303,0.2578373224252906,0.09230428447972892
6111,urban+shrub,sienna,13,216,0.0033931168201648087,0.0033921620734395272,9.548810726063088e-07,9.54746725281494e-07
6111,urban+shrub,terracotta,476,10953,0.11560833737275812,0.1712338403339013,-0.04541350216902245,0.05562550296114317
6113,crop,aqua,72,81,0.09592641261498029,0.019990248659190638,0.1504449205647816,0.07593616395578966
6113,crop,beige,18,166,0.024967148488830485,0.04071184787908337,-0.012207893294499103,0.015744699390252886
6113,crop,cocoa,199,837,0.2628120893561104,0.20429058995611896,0.066201273807252,0.05852149939999143
6113,crop,emerald,2,2,0.003942181340341655,0.0007313505607020966,0.006640985206717371,0.0032108307796395587
6113,crop,foo,29,34,0.03942181340341656,0.008532423208191127,0.06033295273101374,0.03088939019522543
6113,crop,grey,224,240,0.2956636005256242,0.058751828376401756,0.4777628267200935,0.23691177214922243
6113,crop,ivory,23,133,0.03153745072273324,0.03266699171136031,-0.0011097836162625712,0.0011295409886270674
6113,crop,navy,2,128,0.003942181340341655,0.03144807411019015,-0.008186347706660666,0.027505892769848495
6113,crop,olive,75,103,0.09986859395532194,0.025353486104339348,0.1369137525171951,0.07451510785098259
6113,crop,purple,74,134,0.09855453350854139,0.032910775231594344,0.1080955896059646,0.06564375827694705
6113,crop,sienna,5,7,0.00788436268068331,0.0019502681618722574,0.011013780617494287,0.005934094518811053
6113,forest,aqua,62,368,0.08502024291497975,0.016012844992188857,0.14194113978158315,0.0690073979227909
6113,forest,beige,6,221,0.009446693657219974,0.009633744141642076,-0.00018522271366458074,0.0001870504844221025
6113,forest,cocoa,239,4494,0.32388663967611336,0.1950616212463114,0.16423580955221298,0.12882501842980196
6113,forest,emerald,5,45,0.008097165991902834,0.0019961812185384483,0.011338284682551795,0.006100984773364386
6113,forest,foo,29,99,0.04048582995951417,0.004339524388127061,0.0904124405356377,0.03614630557138711
6113,forest,grey,60,622,0.08232118758434548,0.02703523693803159,0.09166360767539103,0.05528595064631389
6113,forest,ivory,1,31,0.002699055330634278,0.0013886478042006596,0.0017937148807460337,0.0013104075264336182
6113,forest,navy,1,836,0.002699055330634278,0.036321819128623506,-0.007016239687917256,0.03362276379798923
6113,forest,olive,250,4553,0.33873144399460187,0.19762194063530636,0.18252604088277424,0.1411095033592955
6113,forest,purple,38,431,0.05263157894736842,0.018746745356708904,0.05433137597061699,0.03388483359065951
6113,forest,sienna,12,15,0.017543859649122806,0.0006943239021003298,0.05665825825926214,0.016849535747022477
6113,grass,cocoa,1,41,0.05,0.05698778833107191,-0.006540699982401129,0.006987788331071908
6113,grass,grey,1,43,0.05,0.05970149253731343,-0.008866700764145778,0.009701492537313429
6113,shrub,aqua,82,191,0.14067796610169492,0.01710467706013363,0.2964255544962695,0.12357328904156129
6113,shrub,beige,4,90,0.00847457627118644,0.008106904231625835,0.0003758862849825453,0.00036767203956060597
6113,shrub,cocoa,198,2298,0.33728813559322035,0.20481069042316258,0.16825668416733586,0.13247744517005777
6113,shrub,foo,27,126,0.04745762711864407,0.01131403118040089,0.06804444200671944,0.03614359593824318
6113,shrub,grey,87,214,0.14915254237288136,0.01915367483296214,0.3061318587481162,0.12999886753991924
6113,shrub,olive,64,358,0.11016949152542373,0.031982182628062364,0.1362621503604629,0.07818730889736136
6113,shrub,purple,43,182,0.07457627118644068,0.016302895322939867,0.1133917032180531,0.058273375863500815
6113,shrub,sienna,44,77,0.07627118644067797,0.0069487750556792875,0.1827251571959556,0.06932241138499869
6113,shrub,yellow,3,3,0.006779661016949152,0.00035634743875278396,0.01997136390312332,0.006423313578196368
6113,urban,aqua,585,585,0.06788693234476367,0.0019775584240276723,0.24004687556159665,0.065909373920736
6113,urban,beige,158,158,0.018419833178869322,0.0005365730194887371,0.06513217272063798,0.017883260159380587
6113,urban,cocoa,2234,68540,0.258920296570899,0.2313034674765882,0.029203547419786185,0.02761682909431079
6113,urban,emerald,25,25,0.0030120481927710845,8.774150004218341e-05,0.01065054396689678,0.002924306692728901
6113,urban,foo,1332,1332,0.1544253938832252,0.004498439213701173,0.5460451964566695,0.14992695466952405
6113,urban,grey,667,667,0.07738646895273402,0.0022542816164684044,0.27363705268796346,0.07513218733626562
6113,urban,ivory,6,6,0.0008109360518999073,2.362271154981861e-05,0.002867454144933748,0.0007873133403500887
6113,urban,maroon,37,37,0.004402224281742354,0.0001282375769847296,0.015566179643926063,0.004273986704757624
6113,urban,navy,3,25472,0.0004633920296570899,0.08596304732978993,-0.0024203426267552603,0.08549965530013284
6113,urban,olive,1166,1166,0.135194624652456,0.0039382434826626175,0.47804556959109773,0.13125638116979338
6113,urban,purple,1464,21552,0.16971733086190918,0.0727343288618915,0.14380502820548993,0.09698300200001768
6113,urban,sienna,746,746,0.08653846153846154,0.0025208807896735003,0.30599832089507284,0.08401758074878804
6113,urban,terracotta,9,9,0.0011584800741427247,3.374673078545516e-05,0.004096363064191069,0.0011247333433572694
6113,urban,yellow,162,162,0.018883225208526415,0.0005500717118029191,0.06677071794631444,0.018333153496723497
6113,urban+barren,aqua,1,1,0.0392156862745098,0.004081632653061225,0.08872861797569986,0.03513405362144858
6113,urban+barren,beige,2,2,0.058823529411764705,0.006122448979591836,0.1330929269635498,0.05270108043217287
6113,urban+barren,cocoa,2,132,0.058823529411764705,0.2714285714285714,-0.08995041653960574,0.2126050420168067
6113,urban+barren,foo,2,2,0.058823529411764705,0.006122448979591836,0.1330929269635498,0.05270108043217287
6113,urban+barren,grey,1,1,0.0392156862745098,0.004081632653061225,0.08872861797569986,0.03513405362144858
6113,urban+barren,olive,1,1,0.0392156862745098,0.004081632653061225,0.08872861797569986,0.03513405362144858
6113,urban+barren,purple,2,26,0.058823529411764705,0.05510204081632653,0.0038444224143604146,0.003721488595438173
6113,urban+barren,sienna,2,2,0.058823529411764705,0.006122448979591836,0.1330929269635498,0.05270108043217287
6113,urban+crop,aqua,2451,2451,0.07751888969681642,0.023685557798750038,0.09191074892006607,0.05383333189806638
6113,urban+crop,beige,520,1910,0.016471183332806425,0.01845966596794915,-0.0018773153851227235,0.0019884826351427264
6113,urban+crop,cocoa,7824,17800,0.24738389554550916,0.17195212658056663,0.08997977142980144,0.07543176896494252
6113,urban+crop,emerald,110,110,0.003509215642881983,0.0010722254957835457,0.004160723136267265,0.002436990147098437
6113,urban+crop,foo,4288,4972,0.13559482785874616,0.04803763414893309,0.140704920124505,0.08755719370981307
6113,urban+crop,grey,3059,3075,0.09674053934431412,0.029713203829100778,0.11419650115063876,0.06702733551521334
6113,urban+crop,ivory,66,432,0.0021181752078657016,0.0041826454024709485,-0.001441183007172181,0.002064470194605247
6113,urban+crop,maroon,111,111,0.003540830198223262,0.0010818851849347488,0.004198207128485888,0.0024589450132885132
6113,urban+crop,navy,50,4151,0.0016123423224052354,0.04010702935579533,-0.005181848355946991,0.038494687033390096
6113,urban+crop,olive,3977,4144,0.12576270114760835,0.04003941153173691,0.14393950500311756,0.08572328961587145
6113,urban+crop,purple,4800,8080,0.1517814801934811,0.07805994803087236,0.10092933557431479,0.07372153216260872
6113,urban+crop,sienna,3349,3349,0.10590876039328506,0.032359958656530435,0.1255713739323904,0.07354880173675463
6113,urban+crop,terracotta,66,3368,0.0021181752078657016,0.032543492750403295,-0.005786902255127423,0.030425317542537595
6113,urban+crop,yellow,922,1341,0.029180234580000634,0.012963302840914579,0.023675939934746135,0.016216931739086053
6113,urban+forest,aqua,119,663,0.07556675062972293,0.007949430131213485,0.17016998504799583,0.06761732049850944
6113,urban+forest,beige,19,363,0.012594458438287154,0.004357820132171248,0.013366309169774757,0.008236638306115906
6113,urban+forest,cocoa,523,24159,0.32997481108312343,0.28924432525620153,0.043472391060467123,0.0407304858269219
6113,urban+forest,emerald,16,58,0.010705289672544081,0.0007063499664783067,0.02910107148572239,0.009998939706065774
6113,urban+forest,foo,161,1030,0.10201511335012595,0.012343166363375156,0.2154577957980371,0.0896719469867508
6113,urban+forest,grey,68,583,0.04345088161209068,0.006991667464802222,0.07938093980560512,0.036459214147288456
6113,urban+forest,maroon,1,20,0.0012594458438287153,0.0002514126999329566,0.002029384489923662,0.0010080331438957588
6113,urban+forest,navy,1,4408,0.0012594458438287153,0.05278469495259075,-0.004704722245132401,0.051525249108762036
6113,urban+forest,olive,369,4925,0.23299748110831234,0.05897423618427354,0.32012152303188995,0.1740232449240388
6113,urban+forest,purple,214,4179,0.1353904282115869,0.05004309931998851,0.13475112067123493,0.08534732889159838
6113,urban+forest,sienna,56,664,0.03589420654911839,0.007961402164543626,0.05405562585168072,0.02793280438457476
6113,urban+forest,yellow,3,147,0.0025188916876574307,0.001771860932860837,0.0008861174547069038,0.0007470307547965936
6113,urban+grass,aqua,124,2532,0.06775067750677506,0.016844443262222696,0.09429631667496136,0.050906234244552366
6113,urban+grass,beige,26,28,0.014634146341463415,0.00019284992286003086,0.06335415487082427,0.014441296418603384
6113,urban+grass,cocoa,475,10544,0.25799457994579944,0.07012422195031122,0.3360818789565344,0.18787035799548824
6113,urban+grass,emerald,4,82,0.0027100271002710027,0.0005519497792200883,0.004312349190946629,0.0021580773210509146
6113,urban+grass,foo,210,11863,0.11436314363143632,0.07889556844177262,0.04245775125056998,0.0354675751896637
6113,urban+grass,grey,211,553,0.11490514905149052,0.0036840985263605895,0.39528303553727095,0.11122105052512993
6113,urban+grass,ivory,3,79,0.002168021680216802,0.0005319997872000851,0.003045912787572494,0.001636021893016717
6113,urban+grass,maroon,3,134,0.002168021680216802,0.0008977496409001436,0.001911499467757756,0.0012702720393166587
6113,urban+grass,navy,1,1870,0.001084010840108401,0.01244214502314199,-0.002645443467633973,0.011358134183033589
6113,urban+grass,olive,231,3234,0.12574525745257453,0.02151274139490344,0.2220174249757844,0.10423251605767109
6113,urban+grass,purple,249,5335,0.13550135501355012,0.035484385806245675,0.18155675841308813,0.10001696920730445
6113,urban+grass,sienna,212,3351,0.11544715447154472,0.022290791083683568,0.18986892165199531,0.09315636338786115
6113,urban+grass,terracotta,3,16737,0.002168021680216802,0.11130765547693781,-0.008538716432847968,0.10913963379672101
6113,urban+grass,yellow,55,1314,0.03035230352303523,0.0087447465021014,0.0377709920893902,0.02160755702093383
6113,urban+other,aqua,4,4,0.07462686567164178,0.07462686567164178,0.0,0.0
6113,urban+other,cocoa,6,6,0.1044776119402985,0.1044776119402985,0.0,0.0
6113,urban+other,foo,4,4,0.07462686567164178,0.07462686567164178,0.0,0.0
6113,urban+other,grey,4,4,0.07462686567164178,0.07462686567164178,0.0,0.0
6113,urban+other,olive,3,3,0.05970149253731343,0.05970149253731343,0.0,0.0
6113,urban+other,purple,4,4,0.07462686567164178,0.07462686567164178,0.0,0.0
6113,urban+other,sienna,2,2,0.04477611940298507,0.04477611940298507,0.0,0.0
6113,urban+other,yellow,2,2,0.04477611940298507,0.04477611940298507,0.0,0.0
6113,urban+shrub,aqua,83,133,0.09859154929577464,0.012770418374154198,0.20150674414854905,0.08582113092162044
6113,urban+shrub,beige,4,63,0.005868544600938967,0.0060993042981034975,-0.00022633832509962612,0.00023075969716453062
6113,urban+shrub,cocoa,203,1898,0.23943661971830985,0.18097779472028971,0.0670217585511118,0.05845882499802013
6113,urban+shrub,emerald,1,2,0.002347417840375587,0.00028590488897360146,0.004942281718827302,0.0020615129514019856
6113,urban+shrub,foo,106,316,0.1255868544600939,0.030210616601543887,0.178936675302482,0.09537623785855001
6113,urban+shrub,grey,81,104,0.09624413145539906,0.01000667111407605,0.21786168242922144,0.08623746034132301
6113,urban+shrub,ivory,1,9,0.002347417840375587,0.0009530162965786714,0.002116054478625575,0.0013944015437969155
6113,urban+shrub,maroon,1,3,0.002347417840375587,0.0003812065186314686,0.004266971689597771,0.001966211321744118
6113,urban+shrub,navy,1,364,0.002347417840375587,0.03478509482512151,-0.006328340499281574,0.03243767698474592
6113,urban+shrub,olive,82,178,0.09741784037558686,0.01705899170875822,0.1697342130863948,0.08035884866682863
6113,urban+shrub,purple,131,693,0.15492957746478872,0.06613933098255981,0.13187715361253205,0.08879024648222891
6113,urban+shrub,sienna,79,127,0.09389671361502347,0.012198608596206995,0.19163131371670042,0.08169810501881647
6113,urban+shrub,terracotta,1,589,0.002347417840375587,0.05622796149814162,-0.0074556296619981794,0.05388054365776603
6113,urban+shrub,yellow,40,47,0.04812206572769953,0.004574478223577623,0.11324316340507688,0.04354758750412191
6115,crop,alabaster,177,538,0.34296724470134876,0.34265734265734266,0.0003100421407224452,0.0003099020440061051
6115,crop,bar,6,45,0.01348747591522158,0.029243483788938335,-0.010437893242369456,0.015756007873716754
6115,crop,beige,7,41,0.015414258188824663,0.02670057215511761,-0.00846847100903496,0.011286313966292946
6115,crop,blue,18,40,0.036608863198458574,0.026064844246662427,0.012436138178681918,0.010544018951796148
6115,crop,coffee,180,388,0.348747591522158,0.2472981563890655,0.11988327758130655,0.10144943513309251
6115,crop,lilac,23,58,0.046242774566473986,0.03750794659885569,0.009681036131080475,0.008734827967618299
6115,crop,red,17,52,0.03468208092485549,0.033693579148124604,0.001002862343460063,0.0009885017767308837
6115,crop,terracotta,18,44,0.036608863198458574,0.028607755880483154,0.009028203615571655,0.00800110731797542
6115,crop,verde,35,37,0.06936416184971098,0.024157660521296885,0.07316315366164947,0.04520650132841409
6115,forest,alabaster,148,5956,0.07605921388463502,0.08111162550039487,-0.004891682290312773,0.0050524116157598525
6115,forest,bar,1,22,0.0010209290454313426,0.00031317229922932384,0.0012064469675602662,0.0007077567462020187
6115,forest,beige,18,96,0.009698825931597753,0.0013207701315323657,0.01933742060969541,0.008378055800065388
6115,forest,blue,4,1475,0.002552322613578356,0.02009749189836878,-0.0052669506192747125,0.017545169284790423
6115,forest,coffee,931,14489,0.47575293517100564,0.197298548514474,0.4187485131912735,0.27845438665653166
6115,forest,lilac,27,314,0.014293006636038795,0.004289098880749435,0.01720440220542806,0.01000390775528936
6115,forest,red,19,209,0.010209290454313425,0.0028593992538329567,0.012993226982450305,0.007349891200480468
6115,forest,terracotta,19,2147,0.010209290454313425,0.02924756951063424,-0.010745261275959971,0.019038279056320814
6115,forest,verde,754,5017,0.3854007146503318,0.06832602597968465,0.6667404855155399,0.31707468867064714
6115,shrub,alabaster,174,918,0.1370399373531715,0.1800195886385896,-0.03738357316095584,0.04297965128541811
6115,shrub,bar,3,16,0.0031323414252153485,0.0033300685602350635,-0.0001917372227724315,0.000197727135019715
6115,shrub,beige,14,38,0.011746280344557557,0.007639569049951028,0.005053196118309989,0.004106711294606529
6115,shrub,blue,18,219,0.014878621769772905,0.043095004897159644,-0.01582314186356632,0.028216383127386738
6115,shrub,coffee,666,866,0.5223179326546593,0.16983349657198824,0.5868022305785221,0.3524844360826711
6115,shrub,lilac,78,109,0.06186374314800313,0.021547502448579822,0.0652461037885871,0.04031624069942331
6115,shrub,red,75,156,0.05951448707909162,0.030754162585700295,0.03929113165412918,0.028760324493391325
6115,shrub,terracotta,28,242,0.022709475332811275,0.04760039177277179,-0.016806345673334052,0.024890916439960515
6115,shrub,verde,183,286,0.14408770555990602,0.05621939275220372,0.13560964496512823,0.0878683128077023
6115,urban+crop,alabaster,1673,4160,0.11820364355317045,0.10893525669555201,0.009651942076345638,0.009268386857618438
6115,urban+crop,bar,20,65,0.0014828414065809915,0.0017278843888263477,-0.0002267822756492004,0.00024504298224535623
6115,urban+crop,beige,165,570,0.011721508261544979,0.014948817969997644,-0.002850750093863442,0.0032273097084526657
6115,urban+crop,blue,286,937,0.02026549922327355,0.024556902374532032,-0.003892456772064762,0.004291403151258484
6115,urban+crop,coffee,4079,10405,0.2880949018500212,0.2724297719716208,0.01610712172626588,0.015665129878400352
6115,urban+crop,lilac,1938,5280,0.13691568987431155,0.13825693117260518,-0.0013347144147304831,0.0013412412982936328
6115,urban+crop,plum,22,112,0.001624064397683943,0.002958347514202686,-0.0009739497067405143,0.0013342831165187431
6115,urban+crop,red,2275,5729,0.16071176387515887,0.15001178102992382,0.011072822413797909,0.010699982845235045
6115,urban+crop,terracotta,1691,4511,0.11947465047309702,0.11812446003612849,0.0013578777009530096,0.001350190436968532
6115,urban+crop,verde,1689,1858,0.11933342748199408,0.04866874361860879,0.10702829875108694,0.07066468386338529
6115,urban+crop,yellow,286,705,0.02026549922327355,0.018483126947142447,0.0018656750034066398,0.0017823722761311014
6115,urban+forest,alabaster,25,6187,0.03485254691689008,0.09526302015179272,-0.035044775525033656,0.06041047323490264
6115,urban+forest,beige,6,192,0.00938337801608579,0.0029711963298797665,0.01079065155515882,0.006412181686206024
6115,urban+forest,coffee,289,5009,0.38873994638069703,0.07712794617978047,0.6287654515526537,0.31161200020091656
6115,urban+forest,lilac,99,598,0.13404825737265416,0.009221484982372954,0.35880211517050903,0.12482677239028121
6115,urban+forest,red,66,1638,0.08981233243967829,0.025232076604522993,0.1140262969710656,0.0645802558351553
6115,urban+forest,terracotta,66,5239,0.08981233243967829,0.0806687500962175,0.00964324294388825,0.009143582343460785
6115,urban+forest,verde,155,5192,0.20911528150134048,0.0799451945132934,0.20107361841007163,0.12917008698804708
6115,urban+forest,yellow,2,76,0.004021447721179625,0.00118539957202457,0.004912447954881158,0.0028360481491550545
6115,urban+grass,alabaster,26,4557,0.0533596837944664,0.13952491735031222,-0.051288673265782986,0.08616523355584582
6115,urban+grass,bar,22,47,0.045454545454545456,0.0014693277825394882,0.15599581000963453,0.043985217672005965
6115,urban+grass,beige,92,96,0.18379446640316205,0.002969266560548549,0.7582446463936232,0.1808251998426135
6115,urban+grass,coffee,78,100,0.15612648221343872,0.0030917105424268397,0.6123190002262856,0.15303477167101187
6115,urban+grass,lilac,38,73,0.07707509881422925,0.0022652136647483777,0.27185244181132595,0.07480988514948086
6115,urban+grass,plum,36,38,0.07312252964426877,0.0011938288233133343,0.30089708028279705,0.07192870082095544
6115,urban+grass,red,62,1527,0.12450592885375494,0.04677360107750704,0.12189558384765488,0.0777323277762479
6115,urban+grass,terracotta,39,3460,0.07905138339920949,0.10594465532019101,-0.02314772919610333,0.026893271920981524
6115,urban+grass,verde,62,609,0.12450592885375494,0.01867270723643933,0.23622390161687198,0.10583322161731562
6115,urban+grass,yellow,13,13,0.02766798418972332,0.00042855393657401737,0.11530949528195614,0.027239430253149302
6115,urban+shrub,alabaster,75,414,0.08520179372197309,0.09110867178924259,-0.005711119075228886,0.0059068780672695
6115,urban+shrub,bar,8,10,0.010089686098654708,0.002414928649835346,0.014426676944918252,0.007674757448819363
6115,urban+shrub,beige,40,59,0.04596412556053812,0.013172338090010977,0.057443306553191166,0.03279178747052714
6115,urban+shrub,blue,20,220,0.023542600896860985,0.04851811196487377,-0.0170242570855223,0.024975511068012782
6115,urban+shrub,coffee,221,279,0.24887892376681614,0.06147091108671789,0.3480328981966273,0.18740801268009824
6115,urban+shrub,lilac,124,163,0.14013452914798205,0.036004390779363335,0.1904374981210975,0.10413013836861872
6115,urban+shrub,plum,16,19,0.01905829596412556,0.0043907793633369925,0.027977497432148727,0.014667516600788567
6115,urban+shrub,red,138,431,0.15582959641255606,0.09484083424807903,0.0773792153117575,0.06098876216447703
6115,urban+shrub,terracotta,109,504,0.12331838565022421,0.11086717892425905,0.013125591367064596,0.012451206725965155
6115,urban+shrub,verde,83,95,0.09417040358744394,0.021075740944017565,0.14097152006403613,0.07309466264342637
6115,urban+shrub,yellow,20,22,0.023542600896860985,0.0050493962678375415,0.03624484403259503,0.018493204629023444
